title,text,category
Boas práticas de TypeScript para estreitamento de tipos,"Conceitos-chave por trás do estreitamento de tipos (type narrowing) em TypeScript, relevantes para identificar incompatibilidades de prop e state antes da execução.",Frontend
Primeiros passos com visão computacional,Explorando redes neurais convolucionais com visão computacional como forma de extrair características espaciais de imagens.,Data Science
JWT a fundo: autenticação sem estado,"Uma visão geral da autenticação sem estado (stateless) em JWT, com foco em emitir tokens assinados em vez de sessões no servidor.",Backend
Por que a API HTML5 de Drag and Drop importa em Drag and drop,Explorando a API HTML5 de Drag and Drop como forma de construir listas ordenáveis e quadros kanban no navegador.,Frontend
Primeiros passos com chaves de idempotência,"Um olhar prático sobre chaves de idempotência, essenciais para evitar efeitos colaterais duplicados quando clientes reenviam requisições.",Backend
Um guia prático de streaming de mudanças de banco de dados,"Uma visão geral do streaming de mudanças de banco de dados em Change Data Capture, com foco em propagar atualizações para outros sistemas em tempo real.",Databases
Entendendo o auto scaling do EC2 na AWS,"Conceitos-chave por trás do auto scaling do EC2 na AWS, relevantes para ajustar a capacidade computacional automaticamente conforme a demanda.",Cloud
Boas práticas de scikit-learn para validação cruzada,"Uma visão geral da validação cruzada no scikit-learn, com foco em obter uma estimativa mais confiável do desempenho do modelo.",Data Science
Boas práticas de processamento em lote para jobs de dados agendados,"Uma visão geral de jobs de dados agendados em processamento em lote (batch processing), com foco em rodar grandes transformações em um cronograma fixo.",Data Engineering
Um guia prático de auto scaling do EC2,"Como a AWS lida com o auto scaling do EC2, útil para ajustar a capacidade computacional automaticamente conforme a demanda.",Cloud
Entendendo a Web Animations API em animações,"Como animações lidam com a Web Animations API, útil para criar transições suaves sem bibliotecas pesadas.",Frontend
Gerenciamento de estado com Vue Pinia,"Gerenciando estado reativo global em aplicações Vue 3 usando Pinia, o sucessor moderno do Vuex.",Frontend
Realm Database em aplicativos mobile,"Implementando o Realm como banco de dados local rápido, reativo e offline-first em Swift, Kotlin e React Native.",Mobile
Entendendo testes de injeção de falhas em Chaos Engineering,Explorando testes de injeção de falhas com Chaos Engineering como forma de verificar se os sistemas se recuperam bem de falhas.,DevOps
Por que o Jetpack Compose importa em Kotlin,"Um olhar prático sobre o Jetpack Compose em Kotlin, essencial para escrever interfaces Android de forma declarativa, sem layouts XML.",Mobile
Primeiros passos com Chaos Engineering,"Notas práticas sobre testes de injeção de falhas usando Chaos Engineering, com o objetivo de verificar se os sistemas se recuperam bem de falhas.",DevOps
Um guia prático de testes de injeção de falhas,"Um olhar prático sobre testes de injeção de falhas em Chaos Engineering, essencial para verificar se os sistemas se recuperam bem de falhas.",DevOps
Boas práticas de Redis para estruturas de dados,Explorando estruturas de dados com Redis como forma de usar sorted sets e hashes além do simples cache chave-valor.,Databases
Um guia prático de agendamento de tarefas em segundo plano,"Conceitos-chave por trás do agendamento de tarefas em segundo plano em otimização de bateria, relevantes para minimizar o consumo de energia por atividades em background.",Mobile
Limpeza de dados a fundo: tratando valores ausentes,"Explorando o tratamento de valores ausentes com limpeza de dados como forma de decidir entre imputar, remover ou sinalizar dados faltantes.",Data Science
Entendendo streaming unidirecional em Server-Sent Events,"Como Server-Sent Events lida com streaming unidirecional, útil para enviar atualizações contínuas do servidor para o navegador.",Backend
Data lakes a fundo: schema-on-read,"Notas práticas sobre schema-on-read usando data lakes, com o objetivo de armazenar dados brutos de forma flexível antes de definir sua estrutura.",Data Engineering
Zustand a fundo: gerenciamento de estado leve,"Uma visão geral do gerenciamento de estado leve no Zustand, com foco em evitar boilerplate comparado às tradicionais stores do Redux.",Frontend
scikit-learn a fundo: validação cruzada,"Uma visão geral da validação cruzada no scikit-learn, com foco em obter uma estimativa mais confiável do desempenho do modelo.",Data Science
Por que module federation importa em micro frontends,"Uma visão geral de module federation em micro frontends, com foco em permitir que equipes independentes publiquem partes da mesma aplicação web.",Frontend
Boas práticas de indexação de banco de dados,Por que a ordem das colunas em índices compostos importa e como índices não usados prejudicam o desempenho de escrita.,Databases
Entendendo tsvector do PostgreSQL em busca full-text,"Como busca full-text lida com o tsvector do PostgreSQL, útil para buscar em campos de texto grandes de forma eficiente dentro do banco de dados.",Databases
Subqueries correlacionadas em SQL,Escrevendo consultas SQL avançadas usando subqueries correlacionadas e entendendo seu impacto no desempenho.,Databases
Otimização de meta tags para SEO,"Configurando open graph, twitter cards, URLs canônicas e metadados dinâmicos em single page applications.",Frontend
Um guia prático de regras de alerta,"Conceitos-chave por trás de regras de alerta no Grafana, relevantes para notificar equipes automaticamente quando métricas ultrapassam limites.",DevOps
Por que dar suporte a tablets e dobráveis importa em layouts adaptativos,Explorando o suporte a tablets e dobráveis com layouts adaptativos como forma de projetar interfaces que se ajustam a diferentes tamanhos de tela.,Mobile
Skeleton screens: desempenho percebido,"Um olhar prático sobre desempenho percebido com skeleton screens, essencial para mostrar conteúdo provisório enquanto os dados ainda carregam.",Frontend
Fluxo de desenvolvimento trunk-based,Por que equipes de alta performance preferem trunk-based development com branches de vida curta em vez do pesado GitFlow.,DevOps
Um guia prático de p-values,"Um olhar prático sobre p-values em testes de hipótese estatística, essencial para medir evidências contra uma hipótese nula.",Data Science
Entendendo gráficos vetoriais inline em ícones SVG,"Como ícones SVG lidam com gráficos vetoriais inline, útil para manter ícones nítidos em qualquer resolução de tela.",Frontend
Por que a Web Animations API importa em animações,"Notas práticas sobre a Web Animations API usando animações, com o objetivo de criar transições suaves sem bibliotecas pesadas.",Frontend
Entendendo Firebase Cloud Messaging em notificações push,"Um olhar prático sobre Firebase Cloud Messaging em notificações push, essencial para reengajar usuários mesmo com o app fechado.",Mobile
Micro frontends a fundo: module federation,"Um olhar prático sobre module federation em micro frontends, essencial para permitir que equipes independentes publiquem partes da mesma aplicação web.",Frontend
Arquitetura medalhão em data lakes,"Projetando plataformas de dados com zonas de armazenamento Bronze (bruto), Silver (limpo) e Gold (negócio).",Data Engineering
Um guia prático de inputs controlados vs não controlados,"Conceitos-chave por trás de inputs controlados vs não controlados no tratamento de formulários, relevantes para decidir como gerenciar o estado de formulários no React.",Frontend
Boas práticas de backup de banco de dados para recuperação point-in-time,"Conceitos-chave por trás da recuperação point-in-time em backups de banco de dados, relevantes para restaurar dados a um momento específico após perda de dados.",Databases
Um guia prático de operações vetorizadas,Explorando operações vetorizadas com NumPy como forma de acelerar cálculos numéricos sem loops explícitos.,Data Science
Change Data Capture: Debezium,"Conceitos-chave por trás do Debezium em Change Data Capture, relevantes para capturar mudanças em nível de linha a partir de um banco de dados de origem.",Data Engineering
Segurança mobile: certificate pinning,"Notas práticas sobre certificate pinning usando segurança mobile, com o objetivo de prevenir ataques man-in-the-middle em chamadas de API.",Mobile
ASP.NET Core a fundo: Minimal APIs,"Uma visão geral de Minimal APIs em ASP.NET Core, com foco em reduzir boilerplate para microsserviços pequenos.",Backend
Replicação a fundo: réplicas de leitura,"Como replicação lida com réplicas de leitura, útil para escalar cargas de trabalho intensivas em leitura entre várias cópias do banco de dados.",Databases
Entendendo stacking classifiers em métodos ensemble,"Notas práticas sobre stacking classifiers usando métodos ensemble, com o objetivo de combinar vários modelos para melhorar a acurácia.",Data Science
Boas práticas de PyTorch para construir redes neurais,"Notas práticas sobre construir redes neurais usando PyTorch, com o objetivo de definir camadas e loops de treino personalizados do zero.",Data Science
Boas práticas de avaliação de modelos para matrizes de confusão,Explorando matrizes de confusão com avaliação de modelos como forma de entender os tipos de erro que um classificador comete.,Data Science
Schema Registry do Apache Kafka,Gerenciando schemas Avro ou JSON em pipelines de streaming Kafka em tempo real usando o Schema Registry.,Data Engineering
Boas práticas de teste de pipeline de dados para testes unitários de transformações,"Notas práticas sobre testes unitários de transformações em teste de pipeline de dados, com o objetivo de detectar bugs antes que cheguem aos dados de produção.",Data Engineering
Um guia prático de tratamento de schema drift,"Uma visão geral do tratamento de schema drift em ingestão de dados, com foco em adaptar pipelines quando a estrutura dos dados de origem muda.",Data Engineering
Entendendo o tratamento de arquivos grandes em uploads multipart,Explorando o tratamento de arquivos grandes com uploads multipart como forma de processar uploads de arquivos de forma eficiente no backend.,Backend
Métodos ensemble: stacking classifiers,"Um olhar prático sobre stacking classifiers em métodos ensemble, essencial para combinar vários modelos para melhorar a acurácia.",Data Science
Por que observabilidade centralizada importa em monitoramento de nuvem,Explorando observabilidade centralizada com monitoramento de nuvem como forma de rastrear métricas e logs entre recursos na nuvem.,Cloud
Entendendo o tratamento de valores ausentes em limpeza de dados,"Conceitos-chave por trás do tratamento de valores ausentes em limpeza de dados, relevantes para decidir entre imputar, remover ou sinalizar dados faltantes.",Data Science
Escalonamento de desempenho de OCI Block Volume,Ajustando dinamicamente os níveis de desempenho de IOPS do block volume sem downtime para atender à demanda de bancos de dados.,Cloud
AWS Lambda: funções serverless,Explorando funções serverless com AWS Lambda como forma de executar código sem provisionar ou gerenciar servidores.,Cloud
Go a fundo: goroutines,"Uma visão geral de goroutines em Go, com foco em executar tarefas concorrentes leves usando channels para sincronização.",Backend
Por que round robin vs least connections importa em algoritmos de balanceamento de carga,"Conceitos-chave por trás de round robin vs least connections em algoritmos de balanceamento de carga, relevantes para distribuir tráfego igualmente entre réplicas do backend.",Backend
Primeiros passos com balanceadores de carga na nuvem,"Notas práticas sobre distribuição de tráfego globalmente usando balanceadores de carga na nuvem, com o objetivo de rotear usuários para a região saudável mais próxima.",Cloud
Um guia prático de workflows reutilizáveis,"Um olhar prático sobre workflows reutilizáveis em GitHub Actions, essencial para compartilhar lógica de CI entre vários repositórios.",DevOps
Backfill histórico de dados no Airflow,Executando backfills históricos no Apache Airflow sem sobrecarregar bancos de dados ou tarefas ativas.,Data Engineering
Primeiros passos com ajuste de hiperparâmetros,"Como ajuste de hiperparâmetros lida com grid search vs random search, útil para encontrar sistematicamente a melhor configuração de modelo.",Data Science
Um guia prático de atributos ARIA,"Conceitos-chave por trás de atributos ARIA em acessibilidade (a11y), relevantes para tornar widgets interativos utilizáveis com leitores de tela.",Frontend
Por que fine-tuning de modelos pré-treinados importa em transfer learning,"Um olhar prático sobre fine-tuning de modelos pré-treinados em transfer learning, essencial para adaptar modelos grandes a uma nova tarefa com menos dados.",Data Science
Entendendo builds multi-stage em Docker,Explorando builds multi-stage com Docker como uma forma de manter imagens de container pequenas e prontas para produção.,DevOps
Primeiros passos com Tailwind CSS,"Como Tailwind CSS lida com classes utility-first, útil para estilizar componentes sem escrever arquivos CSS customizados.",Frontend
Primeiros passos com Web Vitals,Explorando Largest Contentful Paint com Web Vitals como uma forma de medir o desempenho de carregamento percebido por usuários reais.,Frontend
Boas práticas de conformidade na nuvem para requisitos de residência de dados,Explorando requisitos de residência de dados com conformidade na nuvem como uma forma de manter dados dentro dos limites geográficos exigidos.,Cloud
Boas práticas de particionamento de dados para particionamento por data,Explorando particionamento por data com particionamento de dados como uma forma de melhorar o desempenho de consultas em tabelas grandes de data lake.,Data Engineering
Boas práticas de ingestão de dados para tratamento de schema drift,"Uma visão geral de tratamento de schema drift em ingestão de dados, com foco em adaptar pipelines quando a estrutura dos dados de origem muda.",Data Engineering
Por que o algoritmo token bucket importa em rate limiting,Explorando o algoritmo token bucket com rate limiting como uma forma de proteger uma API contra abuso e picos de tráfego.,Backend
Primeiros passos com gerenciamento de segredos,"Como gerenciamento de segredos lida com HashiCorp Vault, útil para armazenar credenciais com segurança em vez de texto puro.",DevOps
Governança de dados a fundo: políticas de controle de acesso,"Notas práticas sobre políticas de controle de acesso usando governança de dados, com o objetivo de controlar quem pode ver ou modificar datasets sensíveis.",Data Engineering
Entendendo design de star schema em data warehousing,"Uma visão geral de design de star schema em data warehousing, com foco em otimizar tabelas para consultas analíticas.",Databases
Primeiros passos com Flutter,"Um olhar prático sobre a árvore de widgets em Flutter, essencial para construir UIs multiplataforma a partir de uma única base de código Dart.",Mobile
PostgreSQL a fundo: estratégias de indexação,"Notas práticas sobre estratégias de indexação usando PostgreSQL, com o objetivo de acelerar o desempenho de consultas em tabelas grandes.",Databases
Injeção de dependência no NestJS,Como funcionam a injeção de dependência e os providers no NestJS. Criando serviços injetáveis e resolvendo dependências.,Backend
Primeiros passos com grupos de auto scaling,"Notas práticas sobre políticas de escalonamento usando grupos de auto scaling, com o objetivo de adicionar ou remover instâncias conforme a demanda.",DevOps
Primeiros passos com monitoramento de banco de dados,"Como monitoramento de banco de dados lida com logs de consultas lentas, útil para identificar consultas que precisam de otimização.",Databases
Entendendo penalidades L1 e L2 em regularização,Explorando penalidades L1 e L2 com regularização como uma forma de evitar que um modelo sofra overfitting nos dados de treino.,Data Science
Avaliação de modelos a fundo: matrizes de confusão,"Notas práticas sobre matrizes de confusão usando avaliação de modelos, com o objetivo de entender os tipos de erro que um classificador comete.",Data Science
OAuth2: fluxos de autorização,"Como OAuth2 lida com fluxos de autorização, útil para delegar acesso sem compartilhar a senha do usuário com terceiros.",Backend
Primeiros passos com Helm charts,Explorando templates de manifests do Kubernetes com Helm charts como uma forma de reutilizar configuração entre ambientes.,DevOps
Boas práticas de FastAPI para validação com Pydantic,"Conceitos-chave por trás de validação com Pydantic em FastAPI, relevantes para impor schemas de requisição automaticamente com type hints.",Backend
Entendendo bancos de dados embarcados em SQLite,"Notas práticas sobre bancos de dados embarcados usando SQLite, com o objetivo de armazenar dados localmente sem um servidor de banco de dados separado.",Databases
Pipelines ELT: transformação de dados no warehouse,"Uma visão geral de transformação de dados no warehouse em pipelines ELT, com foco em aproveitar o poder de computação do warehouse para transformações.",Data Engineering
Um guia prático de failover multi-região,"Como recuperação de desastres na nuvem lida com failover multi-região, útil para manter sistemas disponíveis durante uma falha regional.",Cloud
Indexação de banco de dados: B-tree vs hash indexes,"Notas práticas sobre B-tree vs hash indexes usando indexação de banco de dados, com o objetivo de escolher o tipo certo de índice para um padrão de consulta.",Databases
Por que consumidores do RabbitMQ importa em filas de mensagens,"Um olhar prático sobre consumidores do RabbitMQ em filas de mensagens, essencial para desacoplar trabalho lento em segundo plano do ciclo de requisição-resposta.",Backend
Boas práticas de desempenho mobile para redução do tempo de inicialização do app,"Conceitos-chave por trás de redução do tempo de inicialização do app em desempenho mobile, relevantes para melhorar a primeira impressão que os usuários têm de um app.",Mobile
Um guia prático de navegação em single page applications,Explorando navegação em single page applications com roteamento no cliente como uma forma de trocar de tela sem recarregar a página inteira.,Frontend
Um guia prático de bibliotecas de componentes,"Uma visão geral de bibliotecas de componentes em design systems, com foco em manter consistência visual entre equipes de produto grandes.",Frontend
Canary releases: rollout gradual,"Como canary releases lida com rollout gradual, útil para expor uma nova versão a um pequeno subconjunto de usuários primeiro.",DevOps
Primeiros passos com feature flags,"Notas práticas sobre entrega progressiva usando feature flags, com o objetivo de ativar e desativar features sem reimplantar código.",DevOps
Primeiros passos com teste de pipeline de dados,"Conceitos-chave por trás de testes unitários de transformações em teste de pipeline de dados, relevantes para detectar bugs antes que cheguem aos dados de produção.",Data Engineering
Entendendo HashiCorp Vault em gerenciamento de segredos,"Conceitos-chave por trás de HashiCorp Vault em gerenciamento de segredos, relevantes para armazenar credenciais com segurança em vez de texto puro.",DevOps
Next.js a fundo: renderização no servidor (SSR),"Um olhar prático sobre renderização no servidor (SSR) em Next.js, essencial para melhorar o tempo de primeira renderização e o SEO de apps React.",Frontend
Integração com Azure Active Directory,"Configurando identidade corporativa, single sign-on (SSO) e controle de acesso a recursos com o Azure AD.",Cloud
Um guia prático de module federation,Explorando module federation com micro frontends como uma forma de permitir que equipes independentes publiquem partes da mesma aplicação web.,Frontend
Chaos Engineering: testes de injeção de falhas,"Conceitos-chave por trás de testes de injeção de falhas em Chaos Engineering, relevantes para verificar se os sistemas se recuperam bem de falhas.",DevOps
Primeiros passos com IAM na nuvem,"Como IAM na nuvem lida com acesso de privilégio mínimo, útil para conceder apenas as permissões que um recurso realmente precisa.",Cloud
Primeiros passos com armazenamento em nuvem,"Um olhar prático sobre camadas de armazenamento frio vs quente em armazenamento em nuvem, essencial para equilibrar custo e velocidade de recuperação de dados armazenados.",Cloud
TensorFlow: API de alto nível do Keras,Explorando API de alto nível do Keras com TensorFlow como uma forma de prototipar modelos de deep learning rapidamente.,Data Science
Boas práticas de migrações de banco de dados para mudanças versionadas de schema,Explorando mudanças versionadas de schema com migrações de banco de dados como uma forma de evoluir o schema de um banco de dados com segurança ao longo do tempo.,Databases
Por que transações ACID em data lakes importa em Delta Lake,Explorando transações ACID em data lakes com Delta Lake como uma forma de adicionar confiabilidade a armazenamento de dados em larga escala.,Data Engineering
Um guia prático de redução do tempo de inicialização do app,"Um olhar prático sobre redução do tempo de inicialização do app em desempenho mobile, essencial para melhorar a primeira impressão que os usuários têm de um app.",Mobile
Teste de pipeline de dados: testes unitários de transformações,"Notas práticas sobre testes unitários de transformações usando teste de pipeline de dados, com o objetivo de detectar bugs antes que cheguem aos dados de produção.",Data Engineering
Boas práticas de algoritmos de balanceamento de carga para round robin vs least connections,"Notas práticas sobre round robin vs least connections usando algoritmos de balanceamento de carga, com o objetivo de distribuir tráfego igualmente entre réplicas do backend.",Backend
Por que escalonamento baseado em métricas customizadas importa em auto scaling,Explorando escalonamento baseado em métricas customizadas com auto scaling como uma forma de reagir a sinais de carga específicos da aplicação.,Cloud
Por que arquitetura snowflake importa em data warehouses,"Uma visão geral de arquitetura snowflake em data warehouses, com foco em separar armazenamento e computação em cargas de trabalho analíticas.",Data Engineering
Primeiros passos com verificações de qualidade de dados,Explorando regras de validação com verificações de qualidade de dados como uma forma de detectar dados ruins antes que cheguem aos sistemas seguintes.,Data Engineering
Por que integrações orientadas a eventos importa em webhooks,"Como webhooks lida com integrações orientadas a eventos, útil para notificar sistemas externos quando algo acontece em tempo real.",Backend
Jenkins a fundo: pipelines declarativos,"Como Jenkins lida com pipelines declarativos, útil para definir etapas de build e deploy como código.",DevOps
Boas práticas de AWS Lambda para funções serverless,"Notas práticas sobre funções serverless usando AWS Lambda, com o objetivo de executar código sem provisionar ou gerenciar servidores.",Cloud
Por que regras de acesso de rede importa em grupos de segurança na nuvem,"Notas práticas sobre regras de acesso de rede usando grupos de segurança na nuvem, com o objetivo de controlar tráfego de entrada e saída de recursos.",Cloud
Bloqueio de banco de dados (locking) a fundo: prevenção de deadlocks,"Um olhar prático sobre prevenção de deadlocks em bloqueio de banco de dados (locking), essencial para evitar transações que se bloqueiam indefinidamente.",Databases
Implementando CORS no FastAPI,Como configurar Cross-Origin Resource Sharing no FastAPI usando CORSMiddleware para permitir requisições seguras do navegador.,Backend
Por que importância de features importa em Random Forest,"Uma visão geral de importância de features em Random Forest, com foco em entender quais variáveis influenciam as previsões de um modelo.",Data Science
Acompanhamento de métricas DORA no DevOps,"Medindo a performance do time usando Deployment Frequency, Lead Time, MTTR e Change Failure Rate.",DevOps
Por que reutilização de conexões de banco de dados importa em pool de conexões,"Conceitos-chave por trás de reutilização de conexões de banco de dados em pool de conexões, relevantes para reduzir overhead em aplicações de alto tráfego.",Databases
Um guia prático de otimização de consultas,"Um olhar prático sobre otimização de consultas em MySQL, essencial para reescrever consultas lentas usando planos do EXPLAIN.",Databases
Um guia prático de tarefas idempotentes,"Um olhar prático sobre tarefas idempotentes em pipelines de dados, essencial para reexecutar um pipeline com segurança sem duplicar dados.",Data Engineering
Bancos de dados em nuvem: serviços de banco de dados gerenciados,"Como bancos de dados em nuvem lida com serviços de banco de dados gerenciados, útil para delegar backups e atualizações ao provedor de nuvem.",Cloud
Acessibilidade mobile: VoiceOver e TalkBack,"Uma visão geral de VoiceOver e TalkBack em acessibilidade mobile, com foco em tornar apps utilizáveis para usuários com deficiência visual.",Mobile
Primeiros passos com nuvem híbrida,"Um olhar prático sobre conexão entre on-premises e nuvem em nuvem híbrida, essencial para estender infraestrutura existente para a nuvem.",Cloud
GraphQL: resolvers,"Um olhar prático sobre resolvers em GraphQL, essencial para buscar apenas os campos que o cliente pede explicitamente.",Backend
Boas práticas de Kubernetes para autoscaling horizontal de pods,Explorando autoscaling horizontal de pods com Kubernetes como uma forma de ajustar réplicas automaticamente conforme a carga.,DevOps
Boas práticas de filas de mensagens para consumidores do RabbitMQ,"Conceitos-chave por trás de consumidores do RabbitMQ em filas de mensagens, relevantes para desacoplar trabalho lento em segundo plano do ciclo de requisição-resposta.",Backend
Particionamento de banco de dados a fundo: particionamento por faixa (range),"Uma visão geral de particionamento por faixa (range) em particionamento de banco de dados, com foco em dividir tabelas grandes por data ou outra chave.",Databases
Visualização de matriz de confusão,Criando heatmaps claros de matriz de confusão com Seaborn para avaliar erros de predição multiclasse.,Data Science
Por que a arquitetura de bridge importa em React Native,"Notas práticas sobre a arquitetura de bridge usando React Native, com o objetivo de permitir que o JavaScript se comunique com módulos nativos iOS e Android.",Mobile
Um guia prático de tsvector do PostgreSQL,Explorando tsvector do PostgreSQL com busca full-text como uma forma de buscar em campos de texto grandes de forma eficiente dentro do banco de dados.,Databases
JWT: autenticação sem estado,"Como JWT lida com autenticação sem estado, útil para emitir tokens assinados em vez de sessões no servidor.",Backend
Registries de containers na nuvem,"Armazenando, gerenciando e escaneando imagens de containers Docker no OCI Registry ou AWS ECR com segurança.",Cloud
Entendendo gerenciamento de metadados em catalogação de dados,Explorando gerenciamento de metadados com catalogação de dados como uma forma de tornar datasets descobríveis em toda a organização.,Data Engineering
Web Vitals a fundo: Largest Contentful Paint,"Como Web Vitals lida com Largest Contentful Paint, útil para medir o desempenho de carregamento percebido por usuários reais.",Frontend
Por que mudanças versionadas de schema importa em migrações de banco de dados,"Como migrações de banco de dados lida com mudanças versionadas de schema, útil para evoluir o schema de um banco de dados com segurança ao longo do tempo.",Databases
Android: o ciclo de vida da Activity,"Conceitos-chave por trás de o ciclo de vida da Activity em Android, relevantes para gerenciar o estado corretamente quando telas giram ou vão para segundo plano.",Mobile
Boas práticas de processamento de streams para agregações em janelas (windowed),Explorando agregações em janelas (windowed) com processamento de streams como uma forma de calcular métricas sobre dados que chegam continuamente.,Data Engineering
Swift a fundo: views declarativas do SwiftUI,"Um olhar prático sobre views declarativas do SwiftUI em Swift, essencial para construir interfaces iOS com menos código imperativo do UIKit.",Mobile
Infraestrutura como código: infraestrutura imutável,Explorando infraestrutura imutável com infraestrutura como código como uma forma de substituir servidores em vez de atualizá-los no local.,DevOps
Por que jobs de dados agendados importa em processamento em lote,Explorando jobs de dados agendados com processamento em lote como uma forma de rodar grandes transformações em um cronograma fixo.,Data Engineering
Diferenças de modelagem OLTP vs OLAP,Projetando esquemas relacionais altamente normalizados (3NF) vs esquemas star desnormalizados para análises.,Databases
Minimal APIs no ASP.NET Core,"Construindo microsserviços leves usando Minimal APIs no .NET. Route handlers, injeção de dependência e otimização de performance.",Backend
Transações ACID no Delta Lake,"Trazendo transações confiáveis, aplicação de schema e rollback com time-travel para lakes de armazenamento de objetos.",Data Engineering
Por que agregações com groupby importa em Pandas,"Como Pandas lida com agregações com groupby, útil para resumir grandes datasets por categoria rapidamente.",Data Science
Entendendo estratégias de indexação em PostgreSQL,"Um olhar prático sobre estratégias de indexação em PostgreSQL, essencial para acelerar o desempenho de consultas em tabelas grandes.",Databases
Entendendo prevenção de deadlocks em bloqueio de banco de dados (locking),"Um olhar prático sobre prevenção de deadlocks em bloqueio de banco de dados (locking), essencial para evitar transações que se bloqueiam indefinidamente.",Databases
Por que cadeias de middleware importa em Express.js,"Como Express.js lida com cadeias de middleware, útil para tratar autenticação, logging e erros em um único pipeline de requisição.",Backend
Um guia prático de conformidade com diretrizes,"Notas práticas sobre conformidade com diretrizes usando revisão da App Store, com o objetivo de evitar motivos comuns de rejeição antes do envio.",Mobile
Políticas de eviction de cache no Redis,"Configurando volatile-lru, allkeys-lru e limites de maxmemory em servidores de cache Redis.",Databases
Por que coroutines no backend importa em Kotlin,"Uma visão geral de coroutines no backend em Kotlin, com foco em escrever código de serviço assíncrono que se lê como código síncrono.",Backend
Entendendo inputs controlados vs não controlados em tratamento de formulários,"Um olhar prático sobre inputs controlados vs não controlados em tratamento de formulários, essencial para decidir como gerenciar o estado de formulários no React.",Frontend
Angular a fundo: formulários reativos,Explorando formulários reativos com Angular como uma forma de validar entradas complexas do usuário de forma declarativa.,Frontend
Por que infraestrutura imutável importa em infraestrutura como código,Explorando infraestrutura imutável com infraestrutura como código como uma forma de substituir servidores em vez de atualizá-los no local.,DevOps
Data warehousing a fundo: design de star schema,Explorando design de star schema com data warehousing como uma forma de otimizar tabelas para consultas analíticas.,Databases
Testes unitários: mock de serviços externos,"Uma visão geral de mock de serviços externos em testes unitários, com foco em isolar a lógica de negócio de chamadas de rede durante os testes.",Backend
Boas práticas de Server-Sent Events para streaming unidirecional,"Como Server-Sent Events lida com streaming unidirecional, útil para enviar atualizações contínuas do servidor para o navegador.",Backend
Boas práticas de rate limiting para o algoritmo token bucket,"Como rate limiting lida com o algoritmo token bucket, útil para proteger uma API contra abuso e picos de tráfego.",Backend
Por que alinhamento e distribuição importa em Flexbox,"Um olhar prático sobre alinhamento e distribuição em Flexbox, essencial para construir barras de navegação e layouts de cards responsivos.",Frontend
Entendendo cache de pipeline em GitLab CI,"Como GitLab CI lida com cache de pipeline, útil para acelerar builds reutilizando dependências entre execuções.",DevOps
Funções em nuvem a fundo: gatilhos orientados a eventos,"Como funções em nuvem lida com gatilhos orientados a eventos, útil para executar código automaticamente em resposta a eventos na nuvem.",Cloud
Por que métricas customizadas importa em Prometheus,"Conceitos-chave por trás de métricas customizadas em Prometheus, relevantes para monitorar indicadores de saúde específicos da aplicação.",DevOps
Primeiros passos com provisionamento de infraestrutura,"Notas práticas sobre automação cloud-native usando provisionamento de infraestrutura, com o objetivo de criar ambientes de forma consistente e rápida.",Cloud
Primeiros passos com conformidade na nuvem,"Uma visão geral de requisitos de residência de dados em conformidade na nuvem, com foco em manter dados dentro dos limites geográficos exigidos.",Cloud
Kotlin a fundo: coroutines no backend,"Um olhar prático sobre coroutines no backend em Kotlin, essencial para escrever código de serviço assíncrono que se lê como código síncrono.",Backend
APIs de geolocalização mobile,Solicitando permissões de localização e obtendo coordenadas de latitude/longitude em apps mobile.,Mobile
MethodChannels do Flutter,"Como invocar código nativo específico de plataforma (Java/Kotlin, Objective-C/Swift) a partir do Flutter usando MethodChannels.",Mobile
Primeiros passos com transações,"Conceitos-chave por trás de propriedades ACID em transações, relevantes para garantir consistência mesmo quando operações falham no meio do caminho.",Databases
Boas práticas de ASP.NET Core para Minimal APIs,"Uma visão geral de Minimal APIs em ASP.NET Core, com foco em reduzir boilerplate para microsserviços pequenos.",Backend
Por que gráficos vetoriais inline importa em ícones SVG,"Conceitos-chave por trás de gráficos vetoriais inline em ícones SVG, relevantes para manter ícones nítidos em qualquer resolução de tela.",Frontend
Primeiros passos com dashboards de visualização de dados,"Conceitos-chave por trás de Plotly Dash em dashboards de visualização de dados, relevantes para construir ferramentas exploratórias interativas para stakeholders.",Data Science
Primeiros passos com testes mobile,"Uma visão geral de frameworks de automação de UI em testes mobile, com foco em rodar testes end-to-end em dispositivos reais e simuladores.",Mobile
Um guia prático de transformação de dados no warehouse,Explorando transformação de dados no warehouse com pipelines ELT como uma forma de aproveitar o poder de computação do warehouse para transformações.,Data Engineering
Boas práticas de Change Data Capture para streaming de mudanças de banco de dados,"Uma visão geral de streaming de mudanças de banco de dados em Change Data Capture, com foco em propagar atualizações para outros sistemas em tempo real.",Databases
Criptografia de Secrets no Kubernetes,Como proteger senhas de banco de dados no Kubernetes usando secrets criptografados em vez de texto em base64.,DevOps
Design responsivo: media queries,"Como design responsivo lida com media queries, útil para adaptar layouts entre os breakpoints de mobile, tablet e desktop.",Frontend
Redis: estruturas de dados,"Um olhar prático sobre estruturas de dados em Redis, essencial para usar sorted sets e hashes além do simples cache chave-valor.",Databases
Por que certificate pinning importa em segurança mobile,"Notas práticas sobre certificate pinning usando segurança mobile, com o objetivo de prevenir ataques man-in-the-middle em chamadas de API.",Mobile
Por que separação de camadas importa em Clean Architecture,"Um olhar prático sobre separação de camadas em Clean Architecture, essencial para manter a lógica de domínio independente de frameworks e bancos de dados.",Backend
Boas práticas de Random Forest para importância de features,"Notas práticas sobre importância de features usando Random Forest, com o objetivo de entender quais variáveis influenciam as previsões de um modelo.",Data Science
Pipelines de CI/CD a fundo: rollback automatizado,"Um olhar prático sobre rollback automatizado em pipelines de CI/CD, essencial para reverter automaticamente um deploy ruim em caso de falha.",DevOps
Boas práticas de VPN na nuvem para conexões site a site,"Um olhar prático sobre conexões site a site em VPN na nuvem, essencial para conectar com segurança redes on-premises à nuvem.",Cloud
Entendendo versionamento e imutabilidade em armazenamento de objetos,Explorando versionamento e imutabilidade com armazenamento de objetos como uma forma de proteger dados armazenados contra exclusão acidental.,Cloud
Agregação de logs: logging estruturado,"Conceitos-chave por trás de logging estruturado em agregação de logs, relevantes para facilitar a busca e correlação de logs.",DevOps
Express.js a fundo: cadeias de middleware,"Um olhar prático sobre cadeias de middleware em Express.js, essencial para tratar autenticação, logging e erros em um único pipeline de requisição.",Backend
Por que transformação de dados no warehouse importa em pipelines ELT,"Conceitos-chave por trás de transformação de dados no warehouse em pipelines ELT, relevantes para aproveitar o poder de computação do warehouse para transformações.",Data Engineering
Um guia prático de estratégias de indexação,"Conceitos-chave por trás de estratégias de indexação em PostgreSQL, relevantes para acelerar o desempenho de consultas em tabelas grandes.",Databases
Ansible: playbooks idempotentes,"Conceitos-chave por trás de playbooks idempotentes em Ansible, relevantes para aplicar mudanças de configuração com segurança várias vezes.",DevOps
Segurança mobile a fundo: certificate pinning,"Conceitos-chave por trás de certificate pinning em segurança mobile, relevantes para prevenir ataques man-in-the-middle em chamadas de API.",Mobile
Boas práticas de Apache Kafka para streaming de eventos,"Uma visão geral de streaming de eventos em Apache Kafka, com foco em mover dados entre sistemas em tempo real.",Data Engineering
Entendendo modelos ARIMA em previsão de séries temporais,"Como previsão de séries temporais lida com modelos ARIMA, útil para prever valores futuros com base em padrões históricos.",Data Science
Por que armazenamento colunar importa em arquivos Parquet,"Conceitos-chave por trás de armazenamento colunar em arquivos Parquet, relevantes para acelerar consultas analíticas em grandes datasets.",Data Engineering
Providers de estado no Flutter,"Usando Riverpod ou Provider para gerenciar estado, ouvir streams e atualizar a UI em aplicações mobile.",Mobile
Boas práticas de Testing Library para testes de componentes centrados no usuário,"Notas práticas sobre testes de componentes centrados no usuário usando Testing Library, com o objetivo de testar a UI da forma como um usuário real interagiria com ela.",Frontend
Monitoramento de banco de dados: logs de consultas lentas,"Um olhar prático sobre logs de consultas lentas em monitoramento de banco de dados, essencial para identificar consultas que precisam de otimização.",Databases
Entendendo significância estatística em teste A/B,"Como teste A/B lida com significância estatística, útil para decidir se uma diferença observada é real ou fruto do acaso.",Data Science
Um guia prático de layouts bidimensionais,"Conceitos-chave por trás de layouts bidimensionais em CSS Grid, relevantes para organizar elementos em linhas e colunas de forma declarativa.",Frontend
Primeiros passos com registries de containers,"Uma visão geral de escaneamento de imagens em registries de containers, com foco em detectar vulnerabilidades antes de implantar um container.",DevOps
Reconhecimento de gestos: manipuladores de toque customizados,Explorando manipuladores de toque customizados com reconhecimento de gestos como uma forma de construir interações de swipe e pinch em um app mobile.,Mobile
Apache Spark: processamento de dados distribuído,"Notas práticas sobre processamento de dados distribuído usando Apache Spark, com o objetivo de transformar grandes datasets em um cluster.",Data Engineering
Entendendo transações ACID em data lakes em Delta Lake,"Um olhar prático sobre transações ACID em data lakes em Delta Lake, essencial para adicionar confiabilidade a armazenamento de dados em larga escala.",Data Engineering
Boas práticas de engenharia de features para codificação de variáveis categóricas,"Como engenharia de features lida com codificação de variáveis categóricas, útil para preparar dados não numéricos para modelos de machine learning.",Data Science
Um guia prático de configurações específicas por ambiente,"Como gerenciamento de configuração lida com configurações específicas por ambiente, útil para evitar valores fixos (hardcoded) entre deploys.",DevOps
Primeiros passos com Terraform,"Como Terraform lida com gerenciamento de estado, útil para rastrear mudanças de infraestrutura com segurança entre equipes.",DevOps
Um guia prático de runbooks,Explorando runbooks com resposta a incidentes como uma forma de documentar passos para resolver problemas comuns de produção.,DevOps
Migrações de banco de dados: mudanças versionadas de schema,"Notas práticas sobre mudanças versionadas de schema usando migrações de banco de dados, com o objetivo de evoluir o schema de um banco de dados com segurança ao longo do tempo.",Databases
Primeiros passos com testes unitários,"Um olhar prático sobre mock de serviços externos em testes unitários, essencial para isolar a lógica de negócio de chamadas de rede durante os testes.",Backend
Failover multi-região na nuvem,Projetando planos de recuperação de desastres usando roteamento DNS ativo-passivo para redirecionar tráfego a regiões secundárias.,Cloud
Restauração de estado de apps Android,Salvando e restaurando o estado da UI quando o sistema Android encerra processos em segundo plano para liberar memória.,Mobile
Entendendo construção de serializers em Django REST Framework,"Como Django REST Framework lida com construção de serializers, útil para converter querysets complexos em JSON para respostas de API.",Backend
Entendendo hooks customizados em React,"Conceitos-chave por trás de hooks customizados em React, relevantes para extrair lógica reutilizável com estado entre componentes.",Frontend
Roteamento no cliente: navegação em single page applications,"Um olhar prático sobre navegação em single page applications em roteamento no cliente, essencial para trocar de tela sem recarregar a página inteira.",Frontend
Boas práticas de Seaborn para gráficos estatísticos,"Conceitos-chave por trás de gráficos estatísticos em Seaborn, relevantes para visualizar distribuições e relações entre variáveis.",Data Science
Entendendo renderização no servidor (SSR) em Next.js,"Conceitos-chave por trás de renderização no servidor (SSR) em Next.js, relevantes para melhorar o tempo de primeira renderização e o SEO de apps React.",Frontend
Integração com a câmera a fundo: captura e processamento de fotos,Explorando captura e processamento de fotos com integração com a câmera como uma forma de adicionar recursos de captura de foto a um app mobile.,Mobile
Por que padrões PSR importa em PHP,"Como PHP lida com padrões PSR, útil para manter bases de código de backend interoperáveis entre frameworks.",Backend
Boas práticas de WebSockets para comunicação em tempo real,"Notas práticas sobre comunicação em tempo real usando WebSockets, com o objetivo de enviar atualizações em tempo real aos clientes sem polling.",Backend
Particionamento de dados: particionamento por data,Explorando particionamento por data com particionamento de dados como uma forma de melhorar o desempenho de consultas em tabelas grandes de data lake.,Data Engineering
Um guia prático de tratamento de conexões instáveis,"Notas práticas sobre tratamento de conexões instáveis usando rede em mobile, com o objetivo de reenviar requisições que falharam de forma adequada em redes mobile.",Mobile
Boas práticas de governança de dados para políticas de controle de acesso,"Um olhar prático sobre políticas de controle de acesso em governança de dados, essencial para controlar quem pode ver ou modificar datasets sensíveis.",Data Engineering
Por que serviços de banco de dados gerenciados importa em bancos de dados em nuvem,"Um olhar prático sobre serviços de banco de dados gerenciados em bancos de dados em nuvem, essencial para delegar backups e atualizações ao provedor de nuvem.",Cloud
Por que K-means importa em clustering,"Notas práticas sobre K-means usando clustering, com o objetivo de agrupar pontos de dados semelhantes sem exemplos rotulados.",Data Science
Por que validadores baseados em schema importa em validação de formulários,"Uma visão geral de validadores baseados em schema em validação de formulários, com foco em manter regras de validação consistentes entre campos.",Frontend
Hot Module Replacement do Vite,Como o Vite usa ES modules nativos e HMR para oferecer uma experiência de desenvolvimento frontend ultrarrápida.,Frontend
Primeiros passos com interpretabilidade de modelos,Explorando valores SHAP com interpretabilidade de modelos como uma forma de explicar previsões individuais de um modelo complexo.,Data Science
Primeiros passos com NoSQL vs SQL,Explorando escolha do modelo de dados certo com NoSQL vs SQL como uma forma de decidir entre bancos de dados relacionais e de documentos.,Databases
Boas práticas de Flexbox para alinhamento e distribuição,"Conceitos-chave por trás de alinhamento e distribuição em Flexbox, relevantes para construir barras de navegação e layouts de cards responsivos.",Frontend
Boas práticas de AWS para auto scaling do EC2,"Conceitos-chave por trás de auto scaling do EC2 em AWS, relevantes para ajustar a capacidade computacional automaticamente conforme a demanda.",Cloud
Grafana: regras de alerta,"Conceitos-chave por trás de regras de alerta em Grafana, relevantes para notificar equipes automaticamente quando métricas ultrapassam limites.",DevOps
Primeiros passos com desempenho web,"Conceitos-chave por trás de lazy loading de imagens em desempenho web, relevantes para reduzir o peso inicial da página para carregar mais rápido.",Frontend
Um guia prático de templates de manifests do Kubernetes,"Como Helm charts lida com templates de manifests do Kubernetes, útil para reutilizar configuração entre ambientes.",DevOps
Boas práticas de skeleton screens para desempenho percebido,"Como skeleton screens lida com desempenho percebido, útil para mostrar conteúdo provisório enquanto os dados ainda carregam.",Frontend
Primeiros passos com pipelines ETL,"Um olhar prático sobre extract-transform-load (ETL) em pipelines ETL, essencial para transformar dados brutos em um formato limpo e consultável.",Data Engineering
Inferência bayesiana: distribuições a priori e a posteriori,"Como inferência bayesiana lida com distribuições a priori e a posteriori, útil para atualizar crenças sobre um parâmetro à medida que os dados chegam.",Data Science
Declarações reativas do Svelte,Usando declarações e statements reativos no Svelte com a sintaxe de cifrão para atualizar o DOM automaticamente.,Frontend
Primeiros passos com sharding de banco de dados,Explorando particionamento horizontal com sharding de banco de dados como uma forma de dividir uma tabela grande entre vários servidores.,Databases
Por que o Shadow DOM importa em Web Components,Explorando o Shadow DOM com Web Components como uma forma de encapsular estilos para que não vazem para o resto da página.,Frontend
Compras no aplicativo: StoreKit e biblioteca de billing,"Conceitos-chave por trás de StoreKit e biblioteca de billing em compras no aplicativo, relevantes para implementar assinaturas e compras únicas.",Mobile
Checklists de envio para a App Store,"Requisitos passo a passo para enviar apps: screenshots, políticas de privacidade, classificação etária e detalhes de revisão.",Mobile
Boas práticas de NumPy para operações vetorizadas,"Um olhar prático sobre operações vetorizadas em NumPy, essencial para acelerar cálculos numéricos sem loops explícitos.",Data Science
Boas práticas de webhooks para integrações orientadas a eventos,"Um olhar prático sobre integrações orientadas a eventos em webhooks, essencial para notificar sistemas externos quando algo acontece em tempo real.",Backend
Um guia prático de schema-on-read,"Um olhar prático sobre schema-on-read em data lakes, essencial para armazenar dados brutos de forma flexível antes de definir sua estrutura.",Data Engineering
Um guia prático de suporte a tablets e dobráveis,"Conceitos-chave por trás de suporte a tablets e dobráveis em layouts adaptativos, relevantes para projetar UI que se ajusta a diferentes tamanhos de tela.",Mobile
Por que otimização de consultas importa em MySQL,"Um olhar prático sobre otimização de consultas em MySQL, essencial para reescrever consultas lentas usando planos do EXPLAIN.",Databases
VPN na nuvem: conexões site a site,"Notas práticas sobre conexões site a site usando VPN na nuvem, com o objetivo de conectar com segurança redes on-premises à nuvem.",Cloud
Entendendo retries de tarefas e backoff em orquestração de dados,"Uma visão geral de retries de tarefas e backoff em orquestração de dados, com foco em lidar com falhas transitórias em pipelines agendados.",Data Engineering
Boas práticas de Web Components para o Shadow DOM,Explorando o Shadow DOM com Web Components como uma forma de encapsular estilos para que não vazem para o resto da página.,Frontend
Boas práticas de Zustand para gerenciamento de estado leve,"Um olhar prático sobre gerenciamento de estado leve em Zustand, essencial para evitar boilerplate comparado às tradicionais stores do Redux.",Frontend
Um guia prático de resultados de consulta pré-computados,"Um olhar prático sobre resultados de consulta pré-computados em views materializadas, essencial para acelerar consultas agregadas custosas.",Databases
Matplotlib a fundo: customização de gráficos,"Conceitos-chave por trás de customização de gráficos em Matplotlib, relevantes para comunicar insights com clareza por meio de visualizações.",Data Science
Boas práticas de TensorFlow para API de alto nível do Keras,"Uma visão geral de API de alto nível do Keras em TensorFlow, com foco em prototipar modelos de deep learning rapidamente.",Data Science
Por que escaneamento de imagens importa em registries de containers,"Conceitos-chave por trás de escaneamento de imagens em registries de containers, relevantes para detectar vulnerabilidades antes de implantar um container.",DevOps
Por que injeção de dependência importa em Spring Boot,"Notas práticas sobre injeção de dependência usando Spring Boot, com o objetivo de conectar serviços e repositórios automaticamente por meio de anotações.",Backend
Primeiros passos com governança de dados,"Um olhar prático sobre políticas de controle de acesso em governança de dados, essencial para controlar quem pode ver ou modificar datasets sensíveis.",Data Engineering
Roteamento no cliente a fundo: navegação em single page applications,"Uma visão geral de navegação em single page applications em roteamento no cliente, com foco em trocar de tela sem recarregar a página inteira.",Frontend
Por que extract-transform-load (ETL) importa em pipelines ETL,"Como pipelines ETL lida com extract-transform-load (ETL), útil para transformar dados brutos em um formato limpo e consultável.",Data Engineering
Processamento de streams: agregações em janelas (windowed),"Como processamento de streams lida com agregações em janelas (windowed), útil para calcular métricas sobre dados que chegam continuamente.",Data Engineering
GitLab CI a fundo: cache de pipeline,"Como GitLab CI lida com cache de pipeline, útil para acelerar builds reutilizando dependências entre execuções.",DevOps
Primeiros passos com Redis,"Notas práticas sobre session storage usando Redis, com o objetivo de compartilhar o estado de login entre várias instâncias do servidor backend.",Backend
Auto scaling a fundo: escalonamento baseado em métricas customizadas,Explorando escalonamento baseado em métricas customizadas com auto scaling como uma forma de reagir a sinais de carga específicos da aplicação.,Cloud
Níveis de isolamento de transação em banco de dados,"Entendendo Read Uncommitted, Read Committed, Repeatable Read e Serializable em engines relacionais.",Databases
Particionamento de dados a fundo: particionamento por data,"Uma visão geral de particionamento por data em particionamento de dados, com foco em melhorar o desempenho de consultas em tabelas grandes de data lake.",Data Engineering
Um guia prático de redução de redundância,"Um olhar prático sobre redução de redundância em normalização de banco de dados, essencial para organizar tabelas para evitar dados duplicados.",Databases
Entendendo customização de gráficos em Matplotlib,"Como Matplotlib lida com customização de gráficos, útil para comunicar insights com clareza por meio de visualizações.",Data Science
Pandas a fundo: agregações com groupby,"Um olhar prático sobre agregações com groupby em Pandas, essencial para resumir grandes datasets por categoria rapidamente.",Data Science
Boas práticas de aplicativos para wearables para watchOS e Wear OS,Explorando watchOS e Wear OS com aplicativos para wearables como uma forma de estender a experiência de um app mobile para smartwatches.,Mobile
Testes unitários a fundo: mock de serviços externos,"Como testes unitários lida com mock de serviços externos, útil para isolar a lógica de negócio de chamadas de rede durante os testes.",Backend
Datasets desbalanceados: oversampling com SMOTE,"Conceitos-chave por trás de oversampling com SMOTE em datasets desbalanceados, relevantes para lidar com classes com poucos exemplos.",Data Science
Um guia prático de métricas customizadas,"Um olhar prático sobre métricas customizadas em Prometheus, essencial para monitorar indicadores de saúde específicos da aplicação.",DevOps
ELK Stack: logging centralizado,"Uma visão geral de logging centralizado em ELK Stack, com foco em agregar logs de vários serviços em um só lugar.",DevOps
Boas práticas de Jenkins para pipelines declarativos,Explorando pipelines declarativos com Jenkins como uma forma de definir etapas de build e deploy como código.,DevOps
Swift: views declarativas do SwiftUI,Explorando views declarativas do SwiftUI com Swift como uma forma de construir interfaces iOS com menos código imperativo do UIKit.,Mobile
Pipelines de CI/CD: rollback automatizado,"Um olhar prático sobre rollback automatizado em pipelines de CI/CD, essencial para reverter automaticamente um deploy ruim em caso de falha.",DevOps
Primeiros passos com circuit breakers,"Uma visão geral de o padrão Hystrix em circuit breakers, com foco em evitar falhas em cascata entre microsserviços.",Backend
Busca full-text: tsvector do PostgreSQL,"Notas práticas sobre tsvector do PostgreSQL usando busca full-text, com o objetivo de buscar em campos de texto grandes de forma eficiente dentro do banco de dados.",Databases
GitLab CI: cache de pipeline,"Uma visão geral de cache de pipeline em GitLab CI, com foco em acelerar builds reutilizando dependências entre execuções.",DevOps
Landmarks ARIA de acessibilidade,Melhorando a acessibilidade web (a11y) usando tags HTML5 semânticas e landmarks ARIA descritivos para leitores de tela.,Frontend
Tratando dados ausentes em datasets,"Estratégias de imputação de dados: média, mediana, imputação por k-NN e remoção de linhas com valores ausentes.",Data Science
Por que Protocol Buffers importa em gRPC,"Notas práticas sobre Protocol Buffers usando gRPC, com o objetivo de definir contratos de serviço fortemente tipados entre linguagens.",Backend
Azure a fundo: grupos de recursos,"Conceitos-chave por trás de grupos de recursos em Azure, relevantes para organizar recursos de nuvem relacionados para facilitar o gerenciamento.",Cloud
Entendendo processamento de streams com estado em Apache Flink,"Uma visão geral de processamento de streams com estado em Apache Flink, com foco em manter estado entre eventos em tempo real.",Data Engineering
Por que matrizes de confusão importa em avaliação de modelos,"Um olhar prático sobre matrizes de confusão em avaliação de modelos, essencial para entender os tipos de erro que um classificador comete.",Data Science
Containers de injeção de dependência a fundo: inversão de controle,"Notas práticas sobre inversão de controle usando containers de injeção de dependência, com o objetivo de trocar implementações sem alterar o código que as chama.",Backend
Notificações push: Firebase Cloud Messaging,"Notas práticas sobre Firebase Cloud Messaging usando notificações push, com o objetivo de reengajar usuários mesmo com o app fechado.",Mobile
Um guia prático de watchOS e Wear OS,"Uma visão geral de watchOS e Wear OS em aplicativos para wearables, com foco em estender a experiência de um app mobile para smartwatches.",Mobile
Um guia prático de hot module replacement,"Um olhar prático sobre hot module replacement em Vite, essencial para refletir mudanças de código instantaneamente sem recarregar a página.",Frontend
Primeiros passos com NumPy,"Um olhar prático sobre operações vetorizadas em NumPy, essencial para acelerar cálculos numéricos sem loops explícitos.",Data Science
Rede na nuvem a fundo: virtual private clouds (VPCs),"Conceitos-chave por trás de virtual private clouds (VPCs) em rede na nuvem, relevantes para isolar recursos de nuvem dentro de uma rede privada.",Cloud
Angular: formulários reativos,Explorando formulários reativos com Angular como uma forma de validar entradas complexas do usuário de forma declarativa.,Frontend
Por que builds multi-stage importa em Docker,"Conceitos-chave por trás de builds multi-stage em Docker, relevantes para manter imagens de container pequenas e prontas para produção.",DevOps
Fundamentos do classificador Naive Bayes,Entendendo probabilidade condicional e o Teorema de Bayes aplicados à detecção de spam e classificação de texto.,Data Science
Um guia prático de fine-tuning de modelos pré-treinados,"Uma visão geral de fine-tuning de modelos pré-treinados em transfer learning, com foco em adaptar modelos grandes a uma nova tarefa com menos dados.",Data Science
Um guia prático de integração com APIs da plataforma,"Conceitos-chave por trás de integração com APIs da plataforma em módulos nativos, relevantes para expor acesso à câmera ou a sensores para um app multiplataforma.",Mobile
Google Play: rollouts em etapas,"Como Google Play lida com rollouts em etapas, útil para liberar uma atualização para um pequeno percentual de usuários primeiro.",Mobile
Entendendo Minimal APIs em ASP.NET Core,"Como ASP.NET Core lida com Minimal APIs, útil para reduzir boilerplate para microsserviços pequenos.",Backend
Um guia prático de bancos de dados embarcados,"Conceitos-chave por trás de bancos de dados embarcados em SQLite, relevantes para armazenar dados localmente sem um servidor de banco de dados separado.",Databases
Kubernetes: autoscaling horizontal de pods,"Como Kubernetes lida com autoscaling horizontal de pods, útil para ajustar réplicas automaticamente conforme a carga.",DevOps
Entendendo infraestrutura imutável em infraestrutura como código,"Notas práticas sobre infraestrutura imutável usando infraestrutura como código, com o objetivo de substituir servidores em vez de atualizá-los no local.",DevOps
Um guia prático de certificate pinning,Explorando certificate pinning com segurança mobile como uma forma de prevenir ataques man-in-the-middle em chamadas de API.,Mobile
Funções em nuvem: gatilhos orientados a eventos,"Um olhar prático sobre gatilhos orientados a eventos em funções em nuvem, essencial para executar código automaticamente em resposta a eventos na nuvem.",Cloud
GitOps: deploys declarativos,"Notas práticas sobre deploys declarativos usando GitOps, com o objetivo de usar o Git como única fonte de verdade para a infraestrutura.",DevOps
Entendendo desempenho percebido em skeleton screens,Explorando desempenho percebido com skeleton screens como uma forma de mostrar conteúdo provisório enquanto os dados ainda carregam.,Frontend
Boas práticas de Django REST Framework para construção de serializers,"Conceitos-chave por trás de construção de serializers em Django REST Framework, relevantes para converter querysets complexos em JSON para respostas de API.",Backend
Balanceadores de carga na nuvem a fundo: distribuição de tráfego globalmente,"Uma visão geral de distribuição de tráfego globalmente em balanceadores de carga na nuvem, com foco em rotear usuários para a região saudável mais próxima.",Cloud
Primeiros passos com CI/CD mobile,"Explorando automação com Fastlane com CI/CD mobile como uma forma de automatizar builds, assinatura e envio às lojas.",Mobile
Um guia prático de desempenho percebido,Explorando desempenho percebido com skeleton screens como uma forma de mostrar conteúdo provisório enquanto os dados ainda carregam.,Frontend
Primeiros passos com engenharia de features,"Um olhar prático sobre codificação de variáveis categóricas em engenharia de features, essencial para preparar dados não numéricos para modelos de machine learning.",Data Science
Primeiros passos com Seaborn,"Conceitos-chave por trás de gráficos estatísticos em Seaborn, relevantes para visualizar distribuições e relações entre variáveis.",Data Science
Orquestração de containers a fundo: probes de readiness e liveness,Explorando probes de readiness e liveness com orquestração de containers como uma forma de informar ao Kubernetes quando um pod está saudável.,DevOps
Arquiteturas serverless a fundo: latência de cold start,"Como arquiteturas serverless lida com latência de cold start, útil para entender as vantagens e desvantagens da computação por uso.",Cloud
Teste de pipeline de dados a fundo: testes unitários de transformações,"Conceitos-chave por trás de testes unitários de transformações em teste de pipeline de dados, relevantes para detectar bugs antes que cheguem aos dados de produção.",Data Engineering
Monitoramento de SLAs de dados,Configurando alertas e sistemas de rastreamento para garantir que pipelines terminem e datasets sejam atualizados no prazo.,Data Engineering
PostgreSQL: estratégias de indexação,"Um olhar prático sobre estratégias de indexação em PostgreSQL, essencial para acelerar o desempenho de consultas em tabelas grandes.",Databases
Asyncio em Python,"Entendendo event loops, coroutines e as palavras-chave async e await em serviços backend Python para tarefas de alta concorrência.",Backend
Boas práticas de otimização de bateria para agendamento de tarefas em segundo plano,"Uma visão geral de agendamento de tarefas em segundo plano em otimização de bateria, com foco em minimizar o consumo de energia por atividades em segundo plano.",Mobile
WebSockets: comunicação em tempo real,Explorando comunicação em tempo real com WebSockets como uma forma de enviar atualizações em tempo real aos clientes sem polling.,Backend
Por que filtragem colaborativa importa em sistemas de recomendação,"Notas práticas sobre filtragem colaborativa usando sistemas de recomendação, com o objetivo de sugerir itens com base em comportamentos de usuários semelhantes.",Data Science
XGBoost a fundo: gradient boosting,"Um olhar prático sobre gradient boosting em XGBoost, essencial para combinar modelos fracos em um modelo preditivo forte.",Data Science
Entendendo estruturas de dados em Redis,"Como Redis lida com estruturas de dados, útil para usar sorted sets e hashes além do simples cache chave-valor.",Databases
Um guia prático de fluxos de autorização,"Uma visão geral de fluxos de autorização em OAuth2, com foco em delegar acesso sem compartilhar a senha do usuário com terceiros.",Backend
Boas práticas de revisão da App Store para conformidade com diretrizes,"Como revisão da App Store lida com conformidade com diretrizes, útil para evitar motivos comuns de rejeição antes do envio.",Mobile
Módulos ES6 na Web,Importando e exportando módulos JavaScript nativamente em navegadores modernos sem precisar de um bundler.,Frontend
Um guia prático de hooks customizados,"Uma visão geral de hooks customizados em React, com foco em extrair lógica reutilizável com estado entre componentes.",Frontend
Entendendo regras de alerta em Grafana,"Uma visão geral de regras de alerta em Grafana, com foco em notificar equipes automaticamente quando métricas ultrapassam limites.",DevOps
Por que recuperação point-in-time importa em backups de banco de dados,Explorando recuperação point-in-time com backups de banco de dados como uma forma de restaurar dados a um momento específico após perda de dados.,Databases
Por que Plotly Dash importa em dashboards de visualização de dados,"Conceitos-chave por trás de Plotly Dash em dashboards de visualização de dados, relevantes para construir ferramentas exploratórias interativas para stakeholders.",Data Science
Views materializadas: resultados de consulta pré-computados,"Um olhar prático sobre resultados de consulta pré-computados em views materializadas, essencial para acelerar consultas agregadas custosas.",Databases
Entendendo biblioteca de persistência Room em SQLite em mobile,"Notas práticas sobre biblioteca de persistência Room usando SQLite em mobile, com o objetivo de armazenar dados estruturados localmente em dispositivos Android.",Mobile
Métricas de observabilidade de dados,"Monitorando métricas de volume de pipeline, duração das execuções e contagem de linhas para detectar falhas silenciosas de ingestão.",Data Engineering
Entendendo retries seguros em chaves de idempotência,"Notas práticas sobre retries seguros usando chaves de idempotência, com o objetivo de evitar efeitos colaterais duplicados quando clientes reenviam requisições.",Backend
Entendendo relacionamentos no Neo4j em bancos de dados de grafo,"Um olhar prático sobre relacionamentos no Neo4j em bancos de dados de grafo, essencial para modelar dados altamente conectados, como redes sociais.",Databases
Particionamento de banco de dados: particionamento por faixa (range),Explorando particionamento por faixa (range) com particionamento de banco de dados como uma forma de dividir tabelas grandes por data ou outra chave.,Databases
Primeiros passos com AWS Lambda,"Um olhar prático sobre funções serverless em AWS Lambda, essencial para executar código sem provisionar ou gerenciar servidores.",Cloud
Terraform a fundo: gerenciamento de estado,"Conceitos-chave por trás de gerenciamento de estado em Terraform, relevantes para rastrear mudanças de infraestrutura com segurança entre equipes.",DevOps
Word embeddings: Word2Vec e GloVe,"Conceitos-chave por trás de Word2Vec e GloVe em word embeddings, relevantes para representar palavras como vetores densos que capturam significado.",Data Science
Por que StoreKit e biblioteca de billing importa em compras no aplicativo,Explorando StoreKit e biblioteca de billing com compras no aplicativo como uma forma de implementar assinaturas e compras únicas.,Mobile
Um guia prático de Plotly Dash,"Conceitos-chave por trás de Plotly Dash em dashboards de visualização de dados, relevantes para construir ferramentas exploratórias interativas para stakeholders.",Data Science
Entendendo testes de componentes centrados no usuário em Testing Library,Explorando testes de componentes centrados no usuário com Testing Library como uma forma de testar a UI da forma como um usuário real interagiria com ela.,Frontend
Primeiros passos com orquestração de containers,"Notas práticas sobre probes de readiness e liveness usando orquestração de containers, com o objetivo de informar ao Kubernetes quando um pod está saudável.",DevOps
Entendendo agregações em janelas (windowed) em processamento de streams,"Como processamento de streams lida com agregações em janelas (windowed), útil para calcular métricas sobre dados que chegam continuamente.",Data Engineering
Boas práticas de Google Cloud Platform para Cloud Run,"Notas práticas sobre Cloud Run usando Google Cloud Platform, com o objetivo de implantar apps em containers sem gerenciar infraestrutura.",Cloud
Boas práticas de pipelines ELT para transformação de dados no warehouse,Explorando transformação de dados no warehouse com pipelines ELT como uma forma de aproveitar o poder de computação do warehouse para transformações.,Data Engineering
Boas práticas de métodos ensemble para stacking classifiers,"Notas práticas sobre stacking classifiers usando métodos ensemble, com o objetivo de combinar vários modelos para melhorar a acurácia.",Data Science
Boas práticas de Cassandra para armazenamento wide-column,"Como Cassandra lida com armazenamento wide-column, útil para lidar com throughput massivo de escrita entre nós distribuídos.",Databases
Entendendo decorators customizados em NestJS,"Notas práticas sobre decorators customizados usando NestJS, com o objetivo de encapsular lógica repetida de tratamento de requisições.",Backend
Um guia prático de políticas de controle de acesso,"Como governança de dados lida com políticas de controle de acesso, útil para controlar quem pode ver ou modificar datasets sensíveis.",Data Engineering
Primeiros passos com monitoramento de nuvem,"Conceitos-chave por trás de observabilidade centralizada em monitoramento de nuvem, relevantes para rastrear métricas e logs entre recursos na nuvem.",Cloud
Entendendo callbacks do Active Record em Ruby on Rails,"Uma visão geral de callbacks do Active Record em Ruby on Rails, com foco em executar lógica customizada antes ou depois de salvar um registro.",Backend
Primeiros passos com tratamento de formulários,"Um olhar prático sobre inputs controlados vs não controlados em tratamento de formulários, essencial para decidir como gerenciar o estado de formulários no React.",Frontend
Segurança de banco de dados a fundo: segurança em nível de linha,"Conceitos-chave por trás de segurança em nível de linha em segurança de banco de dados, relevantes para restringir quais linhas um usuário pode acessar.",Databases
Um guia prático de índices invertidos,"Conceitos-chave por trás de índices invertidos em Elasticsearch, relevantes para habilitar busca full-text rápida em grandes datasets.",Databases
Boas práticas de Web Vitals para Largest Contentful Paint,Explorando Largest Contentful Paint com Web Vitals como uma forma de medir o desempenho de carregamento percebido por usuários reais.,Frontend
Um guia prático de distribuição de tráfego globalmente,"Como balanceadores de carga na nuvem lida com distribuição de tráfego globalmente, útil para rotear usuários para a região saudável mais próxima.",Cloud
FastAPI a fundo: validação com Pydantic,"Uma visão geral de validação com Pydantic em FastAPI, com foco em impor schemas de requisição automaticamente com type hints.",Backend
Por que estratégias de indexação importa em PostgreSQL,"Um olhar prático sobre estratégias de indexação em PostgreSQL, essencial para acelerar o desempenho de consultas em tabelas grandes.",Databases
Por que rollback automatizado importa em pipelines de CI/CD,Explorando rollback automatizado com pipelines de CI/CD como uma forma de reverter automaticamente um deploy ruim em caso de falha.,DevOps
Primeiros passos com Matplotlib,"Como Matplotlib lida com customização de gráficos, útil para comunicar insights com clareza por meio de visualizações.",Data Science
Boas práticas de processamento de linguagem natural para tokenização,Explorando tokenização com processamento de linguagem natural como uma forma de dividir texto em unidades que um modelo consegue processar.,Data Science
Por que redes neurais convolucionais importa em visão computacional,Explorando redes neurais convolucionais com visão computacional como uma forma de extrair características espaciais de imagens.,Data Science
Por que requisitos de residência de dados importa em conformidade na nuvem,"Como conformidade na nuvem lida com requisitos de residência de dados, útil para manter dados dentro dos limites geográficos exigidos.",Cloud
Recuperação de desastres na nuvem a fundo: failover multi-região,"Conceitos-chave por trás de failover multi-região em recuperação de desastres na nuvem, relevantes para manter sistemas disponíveis durante uma falha regional.",Cloud
Entendendo desenvolvimento isolado de componentes em Storybook,"Conceitos-chave por trás de desenvolvimento isolado de componentes em Storybook, relevantes para construir e documentar peças de UI fora da aplicação completa.",Frontend
Práticas de SRE: error budgets,"Notas práticas sobre error budgets usando práticas de SRE, com o objetivo de equilibrar trabalho de confiabilidade e velocidade de entrega de features.",DevOps
Entendendo StoreKit e biblioteca de billing em compras no aplicativo,Explorando StoreKit e biblioteca de billing com compras no aplicativo como uma forma de implementar assinaturas e compras únicas.,Mobile
Interpretabilidade de modelos: valores SHAP,"Como interpretabilidade de modelos lida com valores SHAP, útil para explicar previsões individuais de um modelo complexo.",Data Science
Um guia prático de gráficos vetoriais inline,"Uma visão geral de gráficos vetoriais inline em ícones SVG, com foco em manter ícones nítidos em qualquer resolução de tela.",Frontend
Um guia prático de funções serverless,"Como AWS Lambda lida com funções serverless, útil para executar código sem provisionar ou gerenciar servidores.",Cloud
Testes de componentes com Cypress,Escrevendo testes de componentes rápidos e confiáveis de forma isolada com Cypress em vez de fluxos completos end-to-end.,Frontend
Go: goroutines,"Uma visão geral de goroutines em Go, com foco em executar tarefas concorrentes leves usando channels para sincronização.",Backend
Por que media queries importa em design responsivo,"Um olhar prático sobre media queries em design responsivo, essencial para adaptar layouts entre os breakpoints de mobile, tablet e desktop.",Frontend
Boas práticas de IAM na nuvem para acesso de privilégio mínimo,"Conceitos-chave por trás de acesso de privilégio mínimo em IAM na nuvem, relevantes para conceder apenas as permissões que um recurso realmente precisa.",Cloud
Um guia prático de distribuições a priori e a posteriori,Explorando distribuições a priori e a posteriori com inferência bayesiana como uma forma de atualizar crenças sobre um parâmetro à medida que os dados chegam.,Data Science
Por que VoiceOver e TalkBack importa em acessibilidade mobile,"Um olhar prático sobre VoiceOver e TalkBack em acessibilidade mobile, essencial para tornar apps utilizáveis para usuários com deficiência visual.",Mobile
Um guia prático de coroutines no backend,"Notas práticas sobre coroutines no backend usando Kotlin, com o objetivo de escrever código de serviço assíncrono que se lê como código síncrono.",Backend
Um guia prático de arquitetura snowflake,"Conceitos-chave por trás de arquitetura snowflake em data warehouses, relevantes para separar armazenamento e computação em cargas de trabalho analíticas.",Data Engineering
Interpretabilidade de modelos a fundo: valores SHAP,"Conceitos-chave por trás de valores SHAP em interpretabilidade de modelos, relevantes para explicar previsões individuais de um modelo complexo.",Data Science
Entendendo a arquitetura de bridge em React Native,Explorando a arquitetura de bridge com React Native como uma forma de permitir que o JavaScript se comunique com módulos nativos iOS e Android.,Mobile
Por que grupos de recursos importa em Azure,"Notas práticas sobre grupos de recursos usando Azure, com o objetivo de organizar recursos de nuvem relacionados para facilitar o gerenciamento.",Cloud
Boas práticas de design systems para bibliotecas de componentes,"Uma visão geral de bibliotecas de componentes em design systems, com foco em manter consistência visual entre equipes de produto grandes.",Frontend
Entendendo políticas de ciclo de vida de armazenamento de objetos em Amazon S3,"Notas práticas sobre políticas de ciclo de vida de armazenamento de objetos usando Amazon S3, com o objetivo de arquivar automaticamente dados antigos em camadas de armazenamento mais baratas.",Cloud
Pipelines ETL: extract-transform-load (ETL),"Notas práticas sobre extract-transform-load (ETL) usando pipelines ETL, com o objetivo de transformar dados brutos em um formato limpo e consultável.",Data Engineering
Entendendo agendamento de lembretes em notificações locais,"Notas práticas sobre agendamento de lembretes usando notificações locais, com o objetivo de disparar alertas sem uma ida e volta ao servidor.",Mobile
Frameworks de qualidade de dados,"Validando schemas de dados, restrições de nulidade e distribuições de valores usando o Great Expectations.",Data Engineering
Boas práticas de Change Data Capture para Debezium,"Um olhar prático sobre Debezium em Change Data Capture, essencial para capturar mudanças em nível de linha a partir de um banco de dados de origem.",Data Engineering
Um guia prático de regras de acesso de rede,"Um olhar prático sobre regras de acesso de rede em grupos de segurança na nuvem, essencial para controlar tráfego de entrada e saída de recursos.",Cloud
Primeiros passos com deploys blue-green,"Como deploys blue-green lida com releases sem downtime, útil para alternar tráfego entre dois ambientes idênticos.",DevOps
Boas práticas de dashboards de visualização de dados para Plotly Dash,"Uma visão geral de Plotly Dash em dashboards de visualização de dados, com foco em construir ferramentas exploratórias interativas para stakeholders.",Data Science
Pool de conexões: reutilização de conexões de banco de dados,"Um olhar prático sobre reutilização de conexões de banco de dados em pool de conexões, essencial para reduzir overhead em aplicações de alto tráfego.",Databases
Primeiros passos com filas na nuvem,"Um olhar prático sobre desacoplamento de serviços em filas na nuvem, essencial para armazenar mensagens em buffer entre componentes distribuídos.",Cloud
Por que instâncias reservadas importa em otimização de custos na nuvem,"Um olhar prático sobre instâncias reservadas em otimização de custos na nuvem, essencial para reduzir custos de computação com compromissos de longo prazo.",Cloud
Notebooks Jupyter a fundo: análise reproduzível,"Conceitos-chave por trás de análise reproduzível em notebooks Jupyter, relevantes para documentar todo o fluxo de exploração dos dados.",Data Science
Primeiros passos com datasets desbalanceados,"Uma visão geral de oversampling com SMOTE em datasets desbalanceados, com foco em lidar com classes com poucos exemplos.",Data Science
Boas práticas de Webpack para code splitting,"Como Webpack lida com code splitting, útil para carregar apenas o JavaScript que a página realmente precisa.",Frontend
Segurança de banco de dados: segurança em nível de linha,"Conceitos-chave por trás de segurança em nível de linha em segurança de banco de dados, relevantes para restringir quais linhas um usuário pode acessar.",Databases
Um guia prático de transformação de dados como código,"Um olhar prático sobre transformação de dados como código em dbt, essencial para aplicar práticas de engenharia de software a modelos SQL.",Data Engineering
Um guia prático de a arquitetura de bridge,"Notas práticas sobre a arquitetura de bridge usando React Native, com o objetivo de permitir que o JavaScript se comunique com módulos nativos iOS e Android.",Mobile
Técnicas de tokenização em NLP,"Como tokenizadores modernos dividem texto em subpalavras, palavras ou caracteres para modelos transformer.",Data Science
Otimizando a performance de joins SQL,"Como hash joins, nested loop joins e merge joins funcionam por baixo dos panos em engines SQL.",Databases
Boas práticas de gerenciamento de estado multiplataforma para Provider e Riverpod,"Uma visão geral de Provider e Riverpod em gerenciamento de estado multiplataforma, com foco em compartilhar o estado do app entre widgets Flutter de forma limpa.",Mobile
PHP a fundo: padrões PSR,"Um olhar prático sobre padrões PSR em PHP, essencial para manter bases de código de backend interoperáveis entre frameworks.",Backend
Boas práticas de iOS para Core Data,"Notas práticas sobre Core Data usando iOS, com o objetivo de persistir dados estruturados do app localmente no dispositivo.",Mobile
Storybook a fundo: desenvolvimento isolado de componentes,"Notas práticas sobre desenvolvimento isolado de componentes usando Storybook, com o objetivo de construir e documentar peças de UI fora da aplicação completa.",Frontend
Google Cloud Platform: Cloud Run,"Notas práticas sobre Cloud Run usando Google Cloud Platform, com o objetivo de implantar apps em containers sem gerenciar infraestrutura.",Cloud
Ruby on Rails: callbacks do Active Record,"Um olhar prático sobre callbacks do Active Record em Ruby on Rails, essencial para executar lógica customizada antes ou depois de salvar um registro.",Backend
Prometheus: métricas customizadas,"Conceitos-chave por trás de métricas customizadas em Prometheus, relevantes para monitorar indicadores de saúde específicos da aplicação.",DevOps
Boas práticas de Celery para agendamento de tarefas em segundo plano,"Conceitos-chave por trás de agendamento de tarefas em segundo plano em Celery, relevantes para rodar jobs periódicos fora do processo web principal.",Backend
Por que o padrão reducer importa em Redux,Explorando o padrão reducer com Redux como uma forma de gerenciar estado global previsível em aplicações grandes.,Frontend
Por que layouts bidimensionais importa em CSS Grid,"Notas práticas sobre layouts bidimensionais usando CSS Grid, com o objetivo de organizar elementos em linhas e colunas de forma declarativa.",Frontend
Um guia prático de gráficos estatísticos,Explorando gráficos estatísticos com Seaborn como uma forma de visualizar distribuições e relações entre variáveis.,Data Science
Primeiros passos com migrações de banco de dados,"Conceitos-chave por trás de mudanças versionadas de schema em migrações de banco de dados, relevantes para evoluir o schema de um banco de dados com segurança ao longo do tempo.",Databases
CSS-in-JS: styled-components,"Um olhar prático sobre styled-components em CSS-in-JS, essencial para restringir estilos diretamente a componentes React individuais.",Frontend
Por que logs de consultas lentas importa em monitoramento de banco de dados,"Conceitos-chave por trás de logs de consultas lentas em monitoramento de banco de dados, relevantes para identificar consultas que precisam de otimização.",Databases
Boas práticas de estratégia multi-cloud para evitar vendor lock-in,"Conceitos-chave por trás de evitar vendor lock-in em estratégia multi-cloud, relevantes para projetar sistemas portáveis entre provedores de nuvem.",Cloud
Primeiros passos com gerenciamento de configuração,Explorando configurações específicas por ambiente com gerenciamento de configuração como uma forma de evitar valores fixos (hardcoded) entre deploys.,DevOps
Boas práticas de Prometheus para métricas customizadas,"Conceitos-chave por trás de métricas customizadas em Prometheus, relevantes para monitorar indicadores de saúde específicos da aplicação.",DevOps
Entendendo compatibilidade retroativa em versionamento de API,Explorando compatibilidade retroativa com versionamento de API como uma forma de evitar breaking changes para consumidores existentes da API.,Backend
Por que escolha do modelo de dados certo importa em NoSQL vs SQL,"Um olhar prático sobre escolha do modelo de dados certo em NoSQL vs SQL, essencial para decidir entre bancos de dados relacionais e de documentos.",Databases
Por que rastreamento de proveniência de dados importa em linhagem de dados,"Conceitos-chave por trás de rastreamento de proveniência de dados em linhagem de dados, relevantes para entender de onde vieram os valores de um dataset.",Data Engineering
Por que particionamento por data importa em particionamento de dados,"Notas práticas sobre particionamento por data usando particionamento de dados, com o objetivo de melhorar o desempenho de consultas em tabelas grandes de data lake.",Data Engineering
Um guia prático de automação com Fastlane,"Notas práticas sobre automação com Fastlane usando CI/CD mobile, com o objetivo de automatizar builds, assinatura e envio às lojas.",Mobile
Primeiros passos com Flexbox,"Como Flexbox lida com alinhamento e distribuição, útil para construir barras de navegação e layouts de cards responsivos.",Frontend
Linhagem de dados a fundo: rastreamento de proveniência de dados,"Como linhagem de dados lida com rastreamento de proveniência de dados, útil para entender de onde vieram os valores de um dataset.",Data Engineering
Primeiros passos com rate limiting,"Um olhar prático sobre o algoritmo token bucket em rate limiting, essencial para proteger uma API contra abuso e picos de tráfego.",Backend
Por que error budgets importa em práticas de SRE,"Uma visão geral de error budgets em práticas de SRE, com foco em equilibrar trabalho de confiabilidade e velocidade de entrega de features.",DevOps
Primeiros passos com Cassandra,"Como Cassandra lida com armazenamento wide-column, útil para lidar com throughput massivo de escrita entre nós distribuídos.",Databases
Shadow DOM em Web Components,Encapsulando estilos e estruturas HTML dentro de elementos customizados usando o Shadow DOM nativo do navegador.,Frontend
Um guia prático de mudanças versionadas de schema,"Um olhar prático sobre mudanças versionadas de schema em migrações de banco de dados, essencial para evoluir o schema de um banco de dados com segurança ao longo do tempo.",Databases
Um guia prático de gerenciamento de metadados,Explorando gerenciamento de metadados com catalogação de dados como uma forma de tornar datasets descobríveis em toda a organização.,Data Engineering
Por que navegação em single page applications importa em roteamento no cliente,"Notas práticas sobre navegação em single page applications usando roteamento no cliente, com o objetivo de trocar de tela sem recarregar a página inteira.",Frontend
Entendendo inversão de controle em containers de injeção de dependência,"Conceitos-chave por trás de inversão de controle em containers de injeção de dependência, relevantes para trocar implementações sem alterar o código que as chama.",Backend
Um guia prático de particionamento horizontal,"Conceitos-chave por trás de particionamento horizontal em sharding de banco de dados, relevantes para dividir uma tabela grande entre vários servidores.",Databases
Um guia prático de Core Data,"Um olhar prático sobre Core Data em iOS, essencial para persistir dados estruturados do app localmente no dispositivo.",Mobile
Entendendo recuperação point-in-time em backups de banco de dados,"Conceitos-chave por trás de recuperação point-in-time em backups de banco de dados, relevantes para restaurar dados a um momento específico após perda de dados.",Databases
Entendendo entrega progressiva em feature flags,"Uma visão geral de entrega progressiva em feature flags, com foco em ativar e desativar features sem reimplantar código.",DevOps
Entendendo propriedades ACID em transações,"Conceitos-chave por trás de propriedades ACID em transações, relevantes para garantir consistência mesmo quando operações falham no meio do caminho.",Databases
Padronização de features com StandardScaler,Por que e como aplicar normalização e padronização a features numéricas antes de treinar modelos de ML.,Data Science
Integração com a camada semântica do dbt,Definindo métricas de negócio consistentes uma única vez no dbt e expondo-as para várias ferramentas de BI.,Data Engineering
Boas práticas de views materializadas para resultados de consulta pré-computados,"Uma visão geral de resultados de consulta pré-computados em views materializadas, com foco em acelerar consultas agregadas custosas.",Databases
Filas na nuvem: desacoplamento de serviços,Explorando desacoplamento de serviços com filas na nuvem como uma forma de armazenar mensagens em buffer entre componentes distribuídos.,Cloud
Entendendo validação cruzada em scikit-learn,"Como scikit-learn lida com validação cruzada, útil para obter uma estimativa mais confiável do desempenho do modelo.",Data Science
Flutter a fundo: a árvore de widgets,"Um olhar prático sobre a árvore de widgets em Flutter, essencial para construir UIs multiplataforma a partir de uma única base de código Dart.",Mobile
Um guia prático de logs de consultas lentas,"Notas práticas sobre logs de consultas lentas usando monitoramento de banco de dados, com o objetivo de identificar consultas que precisam de otimização.",Databases
Primeiros passos com Android,"Como Android lida com o ciclo de vida da Activity, útil para gerenciar o estado corretamente quando telas giram ou vão para segundo plano.",Mobile
Astro: gerador de sites estáticos,Construindo sites focados em conteúdo com o Astro. Arquitetura de ilhas e zero JavaScript por padrão.,Frontend
Primeiros passos com Redux,Explorando o padrão reducer com Redux como uma forma de gerenciar estado global previsível em aplicações grandes.,Frontend
Boas práticas de CSS-in-JS para styled-components,"Como CSS-in-JS lida com styled-components, útil para restringir estilos diretamente a componentes React individuais.",Frontend
Um guia prático de o padrão reducer,"Um olhar prático sobre o padrão reducer em Redux, essencial para gerenciar estado global previsível em aplicações grandes.",Frontend
Estratégias de cache no lado do servidor,Implementando os padrões cache-aside e write-through com Redis em APIs de backend de alto throughput.,Backend
Particionamento na extração de banco de dados,"Extraindo tabelas gigantes de banco de dados de forma eficiente, dividindo consultas em faixas dinâmicas baseadas em índice.",Data Engineering
NestJS a fundo: decorators customizados,"Conceitos-chave por trás de decorators customizados em NestJS, relevantes para encapsular lógica repetida de tratamento de requisições.",Backend
Primeiros passos com Go,Explorando goroutines com Go como uma forma de executar tarefas concorrentes leves usando channels para sincronização.,Backend
Um guia prático de jobs de dados agendados,"Notas práticas sobre jobs de dados agendados usando processamento em lote, com o objetivo de rodar grandes transformações em um cronograma fixo.",Data Engineering
Boas práticas de sharding de banco de dados para particionamento horizontal,"Como sharding de banco de dados lida com particionamento horizontal, útil para dividir uma tabela grande entre vários servidores.",Databases
Boas práticas de módulos no Terraform,Estruturando infraestrutura como código em módulos reutilizáveis para compartilhar padrões de nuvem entre equipes.,DevOps
Por que mock de serviços externos importa em testes unitários,"Uma visão geral de mock de serviços externos em testes unitários, com foco em isolar a lógica de negócio de chamadas de rede durante os testes.",Backend
PHP: padrões PSR,"Como PHP lida com padrões PSR, útil para manter bases de código de backend interoperáveis entre frameworks.",Backend
Um guia prático de validação com Pydantic,"Uma visão geral de validação com Pydantic em FastAPI, com foco em impor schemas de requisição automaticamente com type hints.",Backend
Entendendo frameworks de automação de UI em testes mobile,"Uma visão geral de frameworks de automação de UI em testes mobile, com foco em rodar testes end-to-end em dispositivos reais e simuladores.",Mobile
Boas práticas de limpeza de dados para tratamento de valores ausentes,"Explorando tratamento de valores ausentes com limpeza de dados como uma forma de decidir entre imputar, remover ou sinalizar dados faltantes.",Data Science
Um guia prático de redução de código,"Conceitos-chave por trás de redução de código em otimização do tamanho do app, relevantes para reduzir o tamanho do APK e do IPA para downloads mais rápidos.",Mobile
Um guia prático de code splitting,"Uma visão geral de code splitting em Webpack, com foco em carregar apenas o JavaScript que a página realmente precisa.",Frontend
Por que evitar vendor lock-in importa em estratégia multi-cloud,"Notas práticas sobre evitar vendor lock-in usando estratégia multi-cloud, com o objetivo de projetar sistemas portáveis entre provedores de nuvem.",Cloud
Flexbox: alinhamento e distribuição,Explorando alinhamento e distribuição com Flexbox como uma forma de construir barras de navegação e layouts de cards responsivos.,Frontend
SQLite a fundo: bancos de dados embarcados,"Como SQLite lida com bancos de dados embarcados, útil para armazenar dados localmente sem um servidor de banco de dados separado.",Databases
Tailwind CSS: classes utility-first,"Conceitos-chave por trás de classes utility-first em Tailwind CSS, relevantes para estilizar componentes sem escrever arquivos CSS customizados.",Frontend
Entendendo valores SHAP em interpretabilidade de modelos,"Uma visão geral de valores SHAP em interpretabilidade de modelos, com foco em explicar previsões individuais de um modelo complexo.",Data Science
Boas práticas de filas na nuvem para desacoplamento de serviços,Explorando desacoplamento de serviços com filas na nuvem como uma forma de armazenar mensagens em buffer entre componentes distribuídos.,Cloud
Primeiros passos com Kubernetes,"Notas práticas sobre rolling updates usando Kubernetes, com o objetivo de implantar novas versões sem downtime.",DevOps
Modo escuro a fundo: propriedades customizadas do CSS,"Notas práticas sobre propriedades customizadas do CSS usando modo escuro, com o objetivo de trocar temas de cor sem duplicar folhas de estilo.",Frontend
Entendendo o ciclo de vida da Activity em Android,"Conceitos-chave por trás de o ciclo de vida da Activity em Android, relevantes para gerenciar o estado corretamente quando telas giram ou vão para segundo plano.",Mobile
Por que deploys declarativos importa em GitOps,Explorando deploys declarativos com GitOps como uma forma de usar o Git como única fonte de verdade para a infraestrutura.,DevOps
Por que a árvore de widgets importa em Flutter,"Como Flutter lida com a árvore de widgets, útil para construir UIs multiplataforma a partir de uma única base de código Dart.",Mobile
Entendendo runbooks em resposta a incidentes,"Como resposta a incidentes lida com runbooks, útil para documentar passos para resolver problemas comuns de produção.",DevOps
Boas práticas de Kubernetes para rolling updates,"Como Kubernetes lida com rolling updates, útil para implantar novas versões sem downtime.",DevOps
Renderização no navegador: o caminho crítico de renderização,"Notas práticas sobre o caminho crítico de renderização usando renderização no navegador, com o objetivo de entender como HTML, CSS e JS se transformam em pixels.",Frontend
Primeiros passos com acessibilidade mobile,"Um olhar prático sobre VoiceOver e TalkBack em acessibilidade mobile, essencial para tornar apps utilizáveis para usuários com deficiência visual.",Mobile
Primeiros passos com canary releases,"Uma visão geral de rollout gradual em canary releases, com foco em expor uma nova versão a um pequeno subconjunto de usuários primeiro.",DevOps
Um guia prático de rolling updates,"Um olhar prático sobre rolling updates em Kubernetes, essencial para implantar novas versões sem downtime.",DevOps
Linhagem de dados: rastreamento de proveniência de dados,"Um olhar prático sobre rastreamento de proveniência de dados em linhagem de dados, essencial para entender de onde vieram os valores de um dataset.",Data Engineering
Boas práticas de otimização do tamanho do app para redução de código,"Como otimização do tamanho do app lida com redução de código, útil para reduzir o tamanho do APK e do IPA para downloads mais rápidos.",Mobile
Boas práticas de Kotlin para coroutines no backend,Explorando coroutines no backend com Kotlin como uma forma de escrever código de serviço assíncrono que se lê como código síncrono.,Backend
Por que biblioteca de persistência Room importa em SQLite em mobile,"Como SQLite em mobile lida com biblioteca de persistência Room, útil para armazenar dados estruturados localmente em dispositivos Android.",Mobile
Entendendo particionamento horizontal em sharding de banco de dados,"Uma visão geral de particionamento horizontal em sharding de banco de dados, com foco em dividir uma tabela grande entre vários servidores.",Databases
Entendendo redução de código em otimização do tamanho do app,"Um olhar prático sobre redução de código em otimização do tamanho do app, essencial para reduzir o tamanho do APK e do IPA para downloads mais rápidos.",Mobile
Um guia prático de oversampling com SMOTE,"Notas práticas sobre oversampling com SMOTE usando datasets desbalanceados, com o objetivo de lidar com classes com poucos exemplos.",Data Science
Entendendo evitar vendor lock-in em estratégia multi-cloud,"Um olhar prático sobre evitar vendor lock-in em estratégia multi-cloud, essencial para projetar sistemas portáveis entre provedores de nuvem.",Cloud
Armazenamento em nuvem: camadas de armazenamento frio vs quente,Explorando camadas de armazenamento frio vs quente com armazenamento em nuvem como uma forma de equilibrar custo e velocidade de recuperação de dados armazenados.,Cloud
Primeiros passos com otimização do tamanho do app,"Notas práticas sobre redução de código usando otimização do tamanho do app, com o objetivo de reduzir o tamanho do APK e do IPA para downloads mais rápidos.",Mobile
Por que bancos de dados embarcados importa em SQLite,Explorando bancos de dados embarcados com SQLite como uma forma de armazenar dados localmente sem um servidor de banco de dados separado.,Databases
Reconhecimento de gestos a fundo: manipuladores de toque customizados,"Como reconhecimento de gestos lida com manipuladores de toque customizados, útil para construir interações de swipe e pinch em um app mobile.",Mobile
Primeiros passos com React,"Notas práticas sobre hooks customizados usando React, com o objetivo de extrair lógica reutilizável com estado entre componentes.",Frontend
Entendendo views declarativas do SwiftUI em Swift,"Uma visão geral de views declarativas do SwiftUI em Swift, com foco em construir interfaces iOS com menos código imperativo do UIKit.",Mobile
Boas práticas de indexação de banco de dados para B-tree vs hash indexes,"Uma visão geral de B-tree vs hash indexes em indexação de banco de dados, com foco em escolher o tipo certo de índice para um padrão de consulta.",Databases
Testes de hipótese estatística: p-values,Explorando p-values com testes de hipótese estatística como uma forma de medir evidências contra uma hipótese nula.,Data Science
Um guia prático de agendamento de DAGs,"Notas práticas sobre agendamento de DAGs usando Apache Airflow, com o objetivo de orquestrar tarefas dependentes de um pipeline de dados.",Data Engineering
Primeiros passos com Redis,"Um olhar prático sobre estruturas de dados em Redis, essencial para usar sorted sets e hashes além do simples cache chave-valor.",Databases
Entendendo automação com Fastlane em CI/CD mobile,"Como CI/CD mobile lida com automação com Fastlane, útil para automatizar builds, assinatura e envio às lojas.",Mobile
Primeiros passos com arquivos Parquet,"Conceitos-chave por trás de armazenamento colunar em arquivos Parquet, relevantes para acelerar consultas analíticas em grandes datasets.",Data Engineering
Primeiros passos com GitOps,"Um olhar prático sobre deploys declarativos em GitOps, essencial para usar o Git como única fonte de verdade para a infraestrutura.",DevOps
Por que Provider e Riverpod importa em gerenciamento de estado multiplataforma,"Uma visão geral de Provider e Riverpod em gerenciamento de estado multiplataforma, com foco em compartilhar o estado do app entre widgets Flutter de forma limpa.",Mobile
Redes de entrega de conteúdo (CDN): cache na borda (edge),"Uma visão geral de cache na borda (edge) em redes de entrega de conteúdo (CDN), com foco em servir conteúdo a partir de locais mais próximos dos usuários finais.",Cloud
Kotlin a fundo: Jetpack Compose,"Um olhar prático sobre Jetpack Compose em Kotlin, essencial para escrever interfaces Android de forma declarativa, sem layouts XML.",Mobile
Por que InfluxDB importa em bancos de dados de séries temporais,Explorando InfluxDB com bancos de dados de séries temporais como uma forma de armazenar e consultar dados de métricas de forma eficiente ao longo do tempo.,Databases
Bancos de dados de séries temporais a fundo: InfluxDB,Explorando InfluxDB com bancos de dados de séries temporais como uma forma de armazenar e consultar dados de métricas de forma eficiente ao longo do tempo.,Databases
Por que agendamento de tarefas em segundo plano importa em Celery,"Uma visão geral de agendamento de tarefas em segundo plano em Celery, com foco em rodar jobs periódicos fora do processo web principal.",Backend
Um guia prático de acesso de privilégio mínimo,"Uma visão geral de acesso de privilégio mínimo em IAM na nuvem, com foco em conceder apenas as permissões que um recurso realmente precisa.",Cloud
Por que pipelines declarativos importa em Jenkins,Explorando pipelines declarativos com Jenkins como uma forma de definir etapas de build e deploy como código.,DevOps
Tratamento de formulários: inputs controlados vs não controlados,"Uma visão geral de inputs controlados vs não controlados em tratamento de formulários, com foco em decidir como gerenciar o estado de formulários no React.",Frontend
Por que design de schema importa em MongoDB,"Uma visão geral de design de schema em MongoDB, com foco em modelar documentos para dados flexíveis e em evolução.",Databases
Redes de entrega de conteúdo (CDN) a fundo: cache na borda (edge),"Uma visão geral de cache na borda (edge) em redes de entrega de conteúdo (CDN), com foco em servir conteúdo a partir de locais mais próximos dos usuários finais.",Cloud
Entendendo gráficos estatísticos em Seaborn,"Como Seaborn lida com gráficos estatísticos, útil para visualizar distribuições e relações entre variáveis.",Data Science
Primeiros passos com SQLite,"Notas práticas sobre bancos de dados embarcados usando SQLite, com o objetivo de armazenar dados localmente sem um servidor de banco de dados separado.",Databases
Boas práticas de drag and drop para a API HTML5 de Drag and Drop,"Conceitos-chave por trás de a API HTML5 de Drag and Drop em drag and drop, relevantes para construir listas ordenáveis e quadros kanban no navegador.",Frontend
Primeiros passos com FastAPI,"Notas práticas sobre validação com Pydantic usando FastAPI, com o objetivo de impor schemas de requisição automaticamente com type hints.",Backend
Navegação no React Native v6,"Configurando navegação em pilha, rotas em drawer e passagem de parâmetros entre componentes de tela nativos.",Mobile
Validação de formulários: validadores baseados em schema,"Um olhar prático sobre validadores baseados em schema em validação de formulários, essencial para manter regras de validação consistentes entre campos.",Frontend
Nova arquitetura do React Native,Entendendo os TurboModules e o renderizador Fabric na arquitetura moderna do React Native.,Mobile
Scans de segurança em CI/CD (SonarQube),Automatizando testes estáticos de segurança de aplicação (SAST) e verificações de qualidade de código dentro de pipelines de CI.,DevOps
Primeiros passos com views materializadas,"Como views materializadas lida com resultados de consulta pré-computados, útil para acelerar consultas agregadas custosas.",Databases
Plotando curvas ROC-AUC,Avaliando limiares de classificação binária ao plotar taxas de verdadeiro positivo vs falso positivo com Matplotlib.,Data Science
Configurações de deploy Blue-Green,Configurando servidores web para trocar o roteamento da frota de produção antiga (blue) para a nova (green) instantaneamente.,DevOps
Entendendo regras de validação em verificações de qualidade de dados,Explorando regras de validação com verificações de qualidade de dados como uma forma de detectar dados ruins antes que cheguem aos sistemas seguintes.,Data Engineering
Entendendo certificate pinning em segurança mobile,"Notas práticas sobre certificate pinning usando segurança mobile, com o objetivo de prevenir ataques man-in-the-middle em chamadas de API.",Mobile
Por que B-tree vs hash indexes importa em indexação de banco de dados,"Conceitos-chave por trás de B-tree vs hash indexes em indexação de banco de dados, relevantes para escolher o tipo certo de índice para um padrão de consulta.",Databases
Module Federation do Webpack,Configurando module federation no Webpack 5 para carregar micro frontends compilados dinamicamente em tempo de execução.,Frontend
Por que processamento de dados distribuído importa em Apache Spark,"Um olhar prático sobre processamento de dados distribuído em Apache Spark, essencial para transformar grandes datasets em um cluster.",Data Engineering
Entendendo oversampling com SMOTE em datasets desbalanceados,"Uma visão geral de oversampling com SMOTE em datasets desbalanceados, com foco em lidar com classes com poucos exemplos.",Data Science
Por que HashiCorp Vault importa em gerenciamento de segredos,"Um olhar prático sobre HashiCorp Vault em gerenciamento de segredos, essencial para armazenar credenciais com segurança em vez de texto puro.",DevOps
Suporte offline em mobile a fundo: estratégias de cache local,Explorando estratégias de cache local com suporte offline em mobile como uma forma de manter o app utilizável sem conexão com a internet.,Mobile
Primeiros passos com Jenkins,"Uma visão geral de pipelines declarativos em Jenkins, com foco em definir etapas de build e deploy como código.",DevOps
Por que inversão de controle importa em containers de injeção de dependência,"Uma visão geral de inversão de controle em containers de injeção de dependência, com foco em trocar implementações sem alterar o código que as chama.",Backend
Integração com a câmera: captura e processamento de fotos,Explorando captura e processamento de fotos com integração com a câmera como uma forma de adicionar recursos de captura de foto a um app mobile.,Mobile
Um guia prático de decorators customizados,"Conceitos-chave por trás de decorators customizados em NestJS, relevantes para encapsular lógica repetida de tratamento de requisições.",Backend
Por que tsvector do PostgreSQL importa em busca full-text,"Um olhar prático sobre tsvector do PostgreSQL em busca full-text, essencial para buscar em campos de texto grandes de forma eficiente dentro do banco de dados.",Databases
Engenharia de features a fundo: codificação de variáveis categóricas,"Uma visão geral de codificação de variáveis categóricas em engenharia de features, com foco em preparar dados não numéricos para modelos de machine learning.",Data Science
Pipelines declarativos do Jenkins,Escrevendo Jenkinsfiles para definir pipelines robustos e multi-stage de integração e entrega contínuas.,DevOps
Entendendo o problema de consultas N+1 em ORMs,"Uma visão geral de o problema de consultas N+1 em ORMs, com foco em evitar idas e vindas excessivas ao banco de dados causadas por lazy loading.",Databases
Primeiros passos com dbt,"Como dbt lida com transformação de dados como código, útil para aplicar práticas de engenharia de software a modelos SQL.",Data Engineering
Um guia prático de instâncias reservadas,"Como otimização de custos na nuvem lida com instâncias reservadas, útil para reduzir custos de computação com compromissos de longo prazo.",Cloud
Parâmetros de ensemble do Random Forest,"Entendendo n_estimators, max_depth e min_samples_split para evitar overfitting em random forests.",Data Science
Por que streaming unidirecional importa em Server-Sent Events,"Como Server-Sent Events lida com streaming unidirecional, útil para enviar atualizações contínuas do servidor para o navegador.",Backend
Entendendo políticas de escalonamento em grupos de auto scaling,"Notas práticas sobre políticas de escalonamento usando grupos de auto scaling, com o objetivo de adicionar ou remover instâncias conforme a demanda.",DevOps
Zustand: gerenciamento de estado leve,"Conceitos-chave por trás de gerenciamento de estado leve em Zustand, relevantes para evitar boilerplate comparado às tradicionais stores do Redux.",Frontend
Profiling de performance no Chrome DevTools,"Analisando a performance de renderização no frontend, identificando layout shifts e diagnosticando execução lenta de JavaScript.",Frontend
Um guia prático de design de schema,"Conceitos-chave por trás de design de schema em MongoDB, relevantes para modelar documentos para dados flexíveis e em evolução.",Databases
WebSockets a fundo: comunicação em tempo real,"Conceitos-chave por trás de comunicação em tempo real em WebSockets, relevantes para enviar atualizações em tempo real aos clientes sem polling.",Backend
Dbt a fundo: transformação de dados como código,"Notas práticas sobre transformação de dados como código usando dbt, com o objetivo de aplicar práticas de engenharia de software a modelos SQL.",Data Engineering
Por que tarefas idempotentes importa em pipelines de dados,"Notas práticas sobre tarefas idempotentes usando pipelines de dados, com o objetivo de reexecutar um pipeline com segurança sem duplicar dados.",Data Engineering
Notificações locais a fundo: agendamento de lembretes,Explorando agendamento de lembretes com notificações locais como uma forma de disparar alertas sem uma ida e volta ao servidor.,Mobile
Boas práticas de Elasticsearch para índices invertidos,"Notas práticas sobre índices invertidos usando Elasticsearch, com o objetivo de habilitar busca full-text rápida em grandes datasets.",Databases
Design systems: bibliotecas de componentes,"Um olhar prático sobre bibliotecas de componentes em design systems, essencial para manter consistência visual entre equipes de produto grandes.",Frontend
Boas práticas de módulos nativos para integração com APIs da plataforma,"Um olhar prático sobre integração com APIs da plataforma em módulos nativos, essencial para expor acesso à câmera ou a sensores para um app multiplataforma.",Mobile
Um guia prático de transações ACID em data lakes,"Conceitos-chave por trás de transações ACID em data lakes em Delta Lake, relevantes para adicionar confiabilidade a armazenamento de dados em larga escala.",Data Engineering
Primeiros passos com arquiteturas serverless,Explorando latência de cold start com arquiteturas serverless como uma forma de entender as vantagens e desvantagens da computação por uso.,Cloud
Resposta a incidentes: runbooks,"Notas práticas sobre runbooks usando resposta a incidentes, com o objetivo de documentar passos para resolver problemas comuns de produção.",DevOps
Por que rollout gradual importa em canary releases,Explorando rollout gradual com canary releases como uma forma de expor uma nova versão a um pequeno subconjunto de usuários primeiro.,DevOps
Side effects no Jetpack Compose,"Tratando operações assíncronas, eventos de ciclo de vida e side effects em apps Android com LaunchedEffect.",Mobile
Um guia prático de rollout gradual,"Notas práticas sobre rollout gradual usando canary releases, com o objetivo de expor uma nova versão a um pequeno subconjunto de usuários primeiro.",DevOps
Entendendo fine-tuning de modelos pré-treinados em transfer learning,"Um olhar prático sobre fine-tuning de modelos pré-treinados em transfer learning, essencial para adaptar modelos grandes a uma nova tarefa com menos dados.",Data Science
Transformers customizados no Scikit-learn,Escrevendo classes fit-transform customizadas no scikit-learn usando BaseEstimator e TransformerMixin.,Data Science
Primeiros passos com Elasticsearch,Explorando índices invertidos com Elasticsearch como uma forma de habilitar busca full-text rápida em grandes datasets.,Databases
Views materializadas a fundo: resultados de consulta pré-computados,"Conceitos-chave por trás de resultados de consulta pré-computados em views materializadas, relevantes para acelerar consultas agregadas custosas.",Databases
Boas práticas de MongoDB para design de schema,"Um olhar prático sobre design de schema em MongoDB, essencial para modelar documentos para dados flexíveis e em evolução.",Databases
Processamento de streams a fundo: agregações em janelas (windowed),"Notas práticas sobre agregações em janelas (windowed) usando processamento de streams, com o objetivo de calcular métricas sobre dados que chegam continuamente.",Data Engineering
Um guia prático de conexões site a site,"Como VPN na nuvem lida com conexões site a site, útil para conectar com segurança redes on-premises à nuvem.",Cloud
Por que construção de serializers importa em Django REST Framework,"Como Django REST Framework lida com construção de serializers, útil para converter querysets complexos em JSON para respostas de API.",Backend
Por que probes de readiness e liveness importa em orquestração de containers,"Uma visão geral de probes de readiness e liveness em orquestração de containers, com foco em informar ao Kubernetes quando um pod está saudável.",DevOps
Um guia prático de armazenamento colunar,"Conceitos-chave por trás de armazenamento colunar em arquivos Parquet, relevantes para acelerar consultas analíticas em grandes datasets.",Data Engineering
Boas práticas de pipelines de CI/CD para rollback automatizado,"Conceitos-chave por trás de rollback automatizado em pipelines de CI/CD, relevantes para reverter automaticamente um deploy ruim em caso de falha.",DevOps
Primeiros passos com CSS-in-JS,"Uma visão geral de styled-components em CSS-in-JS, com foco em restringir estilos diretamente a componentes React individuais.",Frontend
Flask a fundo: blueprints,"Um olhar prático sobre blueprints em Flask, essencial para organizar aplicações grandes em componentes modulares e reutilizáveis.",Backend
Primeiros passos com Testing Library,"Um olhar prático sobre testes de componentes centrados no usuário em Testing Library, essencial para testar a UI da forma como um usuário real interagiria com ela.",Frontend
Replicação: réplicas de leitura,"Como replicação lida com réplicas de leitura, útil para escalar cargas de trabalho intensivas em leitura entre várias cópias do banco de dados.",Databases
Primeiros passos com Amazon S3,"Notas práticas sobre políticas de ciclo de vida de armazenamento de objetos usando Amazon S3, com o objetivo de arquivar automaticamente dados antigos em camadas de armazenamento mais baratas.",Cloud
Staging de ingestão no Cloud Storage,Desenvolvendo scripts de ingestão que gravam arquivos brutos em pastas organizadas por partição em buckets na nuvem.,Cloud
PyTorch a fundo: construção de redes neurais,"Um olhar prático sobre construção de redes neurais em PyTorch, essencial para definir camadas e loops de treino personalizados do zero.",Data Science
Rastreamento de linhagem no pipeline de dados,"Rastreando como os dados fluem das tabelas de origem, passando por transformações, até os dashboards finais.",Data Engineering
Boas práticas de grupos de segurança na nuvem para regras de acesso de rede,"Como grupos de segurança na nuvem lida com regras de acesso de rede, útil para controlar tráfego de entrada e saída de recursos.",Cloud
Entendendo gerenciamento de estado em Terraform,"Um olhar prático sobre gerenciamento de estado em Terraform, essencial para rastrear mudanças de infraestrutura com segurança entre equipes.",DevOps
Entendendo testes unitários de transformações em teste de pipeline de dados,"Notas práticas sobre testes unitários de transformações usando teste de pipeline de dados, com o objetivo de detectar bugs antes que cheguem aos dados de produção.",Data Engineering
Canary releases a fundo: rollout gradual,"Notas práticas sobre rollout gradual usando canary releases, com o objetivo de expor uma nova versão a um pequeno subconjunto de usuários primeiro.",DevOps
Por que Cloud Run importa em Google Cloud Platform,"Como Google Cloud Platform lida com Cloud Run, útil para implantar apps em containers sem gerenciar infraestrutura.",Cloud
Acessibilidade (a11y): atributos ARIA,"Uma visão geral de atributos ARIA em acessibilidade (a11y), com foco em tornar widgets interativos utilizáveis com leitores de tela.",Frontend
Por que comunicação em tempo real importa em WebSockets,"Um olhar prático sobre comunicação em tempo real em WebSockets, essencial para enviar atualizações em tempo real aos clientes sem polling.",Backend
Um guia prático de construção de redes neurais,"Uma visão geral de construção de redes neurais em PyTorch, com foco em definir camadas e loops de treino personalizados do zero.",Data Science
Um guia prático de a Web Animations API,"Notas práticas sobre a Web Animations API usando animações, com o objetivo de criar transições suaves sem bibliotecas pesadas.",Frontend
Primeiros passos com Random Forest,"Um olhar prático sobre importância de features em Random Forest, essencial para entender quais variáveis influenciam as previsões de um modelo.",Data Science
Chaves de idempotência: retries seguros,"Um olhar prático sobre retries seguros em chaves de idempotência, essencial para evitar efeitos colaterais duplicados quando clientes reenviam requisições.",Backend
Entendendo tokenização em processamento de linguagem natural,"Uma visão geral de tokenização em processamento de linguagem natural, com foco em dividir texto em unidades que um modelo consegue processar.",Data Science
Boas práticas de containers de injeção de dependência para inversão de controle,"Um olhar prático sobre inversão de controle em containers de injeção de dependência, essencial para trocar implementações sem alterar o código que as chama.",Backend
Entendendo playbooks idempotentes em Ansible,"Notas práticas sobre playbooks idempotentes usando Ansible, com o objetivo de aplicar mudanças de configuração com segurança várias vezes.",DevOps
Primeiros passos com Angular,"Uma visão geral de formulários reativos em Angular, com foco em validar entradas complexas do usuário de forma declarativa.",Frontend
Indexação de banco de dados a fundo: B-tree vs hash indexes,"Um olhar prático sobre B-tree vs hash indexes em indexação de banco de dados, essencial para escolher o tipo certo de índice para um padrão de consulta.",Databases
Um guia prático de estratégias de cache local,"Conceitos-chave por trás de estratégias de cache local em suporte offline em mobile, relevantes para manter o app utilizável sem conexão com a internet.",Mobile
Design estrutural de Compartments no OCI,Boas práticas para organizar recursos de nuvem em compartments hierárquicos para governança e IAM.,Cloud
Primeiros passos com bancos de dados de séries temporais,"Um olhar prático sobre InfluxDB em bancos de dados de séries temporais, essencial para armazenar e consultar dados de métricas de forma eficiente ao longo do tempo.",Databases
Boas práticas de orquestração de containers para probes de readiness e liveness,"Um olhar prático sobre probes de readiness e liveness em orquestração de containers, essencial para informar ao Kubernetes quando um pod está saudável.",DevOps
Data lakes: schema-on-read,"Conceitos-chave por trás de schema-on-read em data lakes, relevantes para armazenar dados brutos de forma flexível antes de definir sua estrutura.",Data Engineering
Entendendo conexão entre on-premises e nuvem em nuvem híbrida,"Notas práticas sobre conexão entre on-premises e nuvem usando nuvem híbrida, com o objetivo de estender infraestrutura existente para a nuvem.",Cloud
Boas práticas de Kotlin para Jetpack Compose,"Como Kotlin lida com Jetpack Compose, útil para escrever interfaces Android de forma declarativa, sem layouts XML.",Mobile
Por que grid search vs random search importa em ajuste de hiperparâmetros,"Como ajuste de hiperparâmetros lida com grid search vs random search, útil para encontrar sistematicamente a melhor configuração de modelo.",Data Science
Delta Lake: transações ACID em data lakes,Explorando transações ACID em data lakes com Delta Lake como uma forma de adicionar confiabilidade a armazenamento de dados em larga escala.,Data Engineering
Por que redução do tempo de inicialização do app importa em desempenho mobile,"Conceitos-chave por trás de redução do tempo de inicialização do app em desempenho mobile, relevantes para melhorar a primeira impressão que os usuários têm de um app.",Mobile
Boas práticas de desempenho web para lazy loading de imagens,"Uma visão geral de lazy loading de imagens em desempenho web, com foco em reduzir o peso inicial da página para carregar mais rápido.",Frontend
Entendendo a árvore de widgets em Flutter,"Uma visão geral de a árvore de widgets em Flutter, com foco em construir UIs multiplataforma a partir de uma única base de código Dart.",Mobile
Apache Airflow: agendamento de DAGs,"Um olhar prático sobre agendamento de DAGs em Apache Airflow, essencial para orquestrar tarefas dependentes de um pipeline de dados.",Data Engineering
Expo Application Services (EAS),"Compilando, enviando e atualizando aplicações React Native na nuvem facilmente usando EAS Build e EAS Submit.",Mobile
Por que políticas de ciclo de vida de armazenamento de objetos importa em Amazon S3,"Notas práticas sobre políticas de ciclo de vida de armazenamento de objetos usando Amazon S3, com o objetivo de arquivar automaticamente dados antigos em camadas de armazenamento mais baratas.",Cloud
Boas práticas de monitoramento de nuvem para observabilidade centralizada,"Conceitos-chave por trás de observabilidade centralizada em monitoramento de nuvem, relevantes para rastrear métricas e logs entre recursos na nuvem.",Cloud
Um guia prático de processamento de streams com estado,"Conceitos-chave por trás de processamento de streams com estado em Apache Flink, relevantes para manter estado entre eventos em tempo real.",Data Engineering
Apache Spark a fundo: processamento de dados distribuído,Explorando processamento de dados distribuído com Apache Spark como uma forma de transformar grandes datasets em um cluster.,Data Engineering
Um guia prático de manipuladores de toque customizados,Explorando manipuladores de toque customizados com reconhecimento de gestos como uma forma de construir interações de swipe e pinch em um app mobile.,Mobile
Por que tratamento de valores ausentes importa em limpeza de dados,"Notas práticas sobre tratamento de valores ausentes usando limpeza de dados, com o objetivo de decidir entre imputar, remover ou sinalizar dados faltantes.",Data Science
Server-Sent Events: streaming unidirecional,Explorando streaming unidirecional com Server-Sent Events como uma forma de enviar atualizações contínuas do servidor para o navegador.,Backend
Primeiros passos com suporte offline em mobile,Explorando estratégias de cache local com suporte offline em mobile como uma forma de manter o app utilizável sem conexão com a internet.,Mobile
Apache Kafka a fundo: streaming de eventos,"Conceitos-chave por trás de streaming de eventos em Apache Kafka, relevantes para mover dados entre sistemas em tempo real.",Data Engineering
Catalogação e descoberta de dados,"Por que um catálogo de dados centralizado é essencial para governança, linhagem e descoberta de dados em empresas.",Data Engineering
Primeiros passos com GraphQL,"Conceitos-chave por trás de resolvers em GraphQL, relevantes para buscar apenas os campos que o cliente pede explicitamente.",Backend
Entendendo code splitting em Webpack,"Um olhar prático sobre code splitting em Webpack, essencial para carregar apenas o JavaScript que a página realmente precisa.",Frontend
Google Cloud Platform a fundo: Cloud Run,"Notas práticas sobre Cloud Run usando Google Cloud Platform, com o objetivo de implantar apps em containers sem gerenciar infraestrutura.",Cloud
Por que templates de manifests do Kubernetes importa em Helm charts,"Como Helm charts lida com templates de manifests do Kubernetes, útil para reutilizar configuração entre ambientes.",DevOps
Elasticsearch a fundo: índices invertidos,"Uma visão geral de índices invertidos em Elasticsearch, com foco em habilitar busca full-text rápida em grandes datasets.",Databases
Data warehousing: design de star schema,Explorando design de star schema com data warehousing como uma forma de otimizar tabelas para consultas analíticas.,Databases
Boas práticas de CI/CD mobile para automação com Fastlane,"Notas práticas sobre automação com Fastlane usando CI/CD mobile, com o objetivo de automatizar builds, assinatura e envio às lojas.",Mobile
Algoritmos de balanceamento de carga a fundo: round robin vs least connections,"Conceitos-chave por trás de round robin vs least connections em algoritmos de balanceamento de carga, relevantes para distribuir tráfego igualmente entre réplicas do backend.",Backend
Otimização de custos na nuvem: instâncias reservadas,"Como otimização de custos na nuvem lida com instâncias reservadas, útil para reduzir custos de computação com compromissos de longo prazo.",Cloud
Por que Largest Contentful Paint importa em Web Vitals,"Conceitos-chave por trás de Largest Contentful Paint em Web Vitals, relevantes para medir o desempenho de carregamento percebido por usuários reais.",Frontend
Profiles do Spring Boot,"Gerenciando configurações específicas por ambiente (dev, test, prod) em aplicações Spring Boot usando application.yml e profiles.",Backend
Estratégias de retenção de backup de banco de dados,Configurando esquemas de rotação Grandfather-Father-Son (GFS) para retenção segura de backups de banco de dados a longo prazo.,Databases
Por que tratamento de arquivos grandes importa em uploads multipart,"Uma visão geral de tratamento de arquivos grandes em uploads multipart, com foco em processar uploads de arquivos de forma eficiente no backend.",Backend
Um guia prático de K-means,"Uma visão geral de K-means em clustering, com foco em agrupar pontos de dados semelhantes sem exemplos rotulados.",Data Science
Grupos de segurança na nuvem a fundo: regras de acesso de rede,"Um olhar prático sobre regras de acesso de rede em grupos de segurança na nuvem, essencial para controlar tráfego de entrada e saída de recursos.",Cloud
Entendendo schema-on-read em data lakes,"Conceitos-chave por trás de schema-on-read em data lakes, relevantes para armazenar dados brutos de forma flexível antes de definir sua estrutura.",Data Engineering
Boas práticas de message brokers para partições do Kafka,Explorando partições do Kafka com message brokers como uma forma de escalar o consumo de eventos entre vários consumidores.,Data Engineering
Primeiros passos com Google Play,"Um olhar prático sobre rollouts em etapas em Google Play, essencial para liberar uma atualização para um pequeno percentual de usuários primeiro.",Mobile
Entendendo automação cloud-native em provisionamento de infraestrutura,Explorando automação cloud-native com provisionamento de infraestrutura como uma forma de criar ambientes de forma consistente e rápida.,Cloud
Por que decorators customizados importa em NestJS,"Um olhar prático sobre decorators customizados em NestJS, essencial para encapsular lógica repetida de tratamento de requisições.",Backend
Aplicativos para wearables a fundo: watchOS e Wear OS,Explorando watchOS e Wear OS com aplicativos para wearables como uma forma de estender a experiência de um app mobile para smartwatches.,Mobile
Redis: session storage,"Conceitos-chave por trás de session storage em Redis, relevantes para compartilhar o estado de login entre várias instâncias do servidor backend.",Backend
Entendendo captura e processamento de fotos em integração com a câmera,"Uma visão geral de captura e processamento de fotos em integração com a câmera, com foco em adicionar recursos de captura de foto a um app mobile.",Mobile
Primeiros passos com pipelines de dados,"Uma visão geral de tarefas idempotentes em pipelines de dados, com foco em reexecutar um pipeline com segurança sem duplicar dados.",Data Engineering
Primeiros passos com containers de injeção de dependência,"Uma visão geral de inversão de controle em containers de injeção de dependência, com foco em trocar implementações sem alterar o código que as chama.",Backend
Um guia prático de gerenciamento de tráfego com Istio,"Uma visão geral de gerenciamento de tráfego com Istio em service mesh, com foco em controlar a comunicação entre microsserviços.",DevOps
Um guia prático de pipelines declarativos,"Notas práticas sobre pipelines declarativos usando Jenkins, com o objetivo de definir etapas de build e deploy como código.",DevOps
Arquivos Parquet: armazenamento colunar,"Um olhar prático sobre armazenamento colunar em arquivos Parquet, essencial para acelerar consultas analíticas em grandes datasets.",Data Engineering
Dashboards de visualização de dados: Plotly Dash,Explorando Plotly Dash com dashboards de visualização de dados como uma forma de construir ferramentas exploratórias interativas para stakeholders.,Data Science
Boas práticas de GitHub Actions para workflows reutilizáveis,"Um olhar prático sobre workflows reutilizáveis em GitHub Actions, essencial para compartilhar lógica de CI entre vários repositórios.",DevOps
Por que políticas de escalonamento importa em grupos de auto scaling,Explorando políticas de escalonamento com grupos de auto scaling como uma forma de adicionar ou remover instâncias conforme a demanda.,DevOps
Um guia prático de Protocol Buffers,"Uma visão geral de Protocol Buffers em gRPC, com foco em definir contratos de serviço fortemente tipados entre linguagens.",Backend
Bloqueio de banco de dados (locking): prevenção de deadlocks,Explorando prevenção de deadlocks com bloqueio de banco de dados (locking) como uma forma de evitar transações que se bloqueiam indefinidamente.,Databases
Vue.js: a Composition API,"Uma visão geral de a Composition API em Vue.js, com foco em organizar a lógica de componentes por funcionalidade em vez de por opção.",Frontend
Infraestrutura como código a fundo: infraestrutura imutável,"Notas práticas sobre infraestrutura imutável usando infraestrutura como código, com o objetivo de substituir servidores em vez de atualizá-los no local.",DevOps
Um guia prático de desenvolvimento isolado de componentes,"Notas práticas sobre desenvolvimento isolado de componentes usando Storybook, com o objetivo de construir e documentar peças de UI fora da aplicação completa.",Frontend
Scikit-learn: validação cruzada,"Um olhar prático sobre validação cruzada em scikit-learn, essencial para obter uma estimativa mais confiável do desempenho do modelo.",Data Science
Primeiros passos com módulos nativos,Explorando integração com APIs da plataforma com módulos nativos como uma forma de expor acesso à câmera ou a sensores para um app multiplataforma.,Mobile
Kotlin: coroutines no backend,Explorando coroutines no backend com Kotlin como uma forma de escrever código de serviço assíncrono que se lê como código síncrono.,Backend
Random Forest a fundo: importância de features,"Uma visão geral de importância de features em Random Forest, com foco em entender quais variáveis influenciam as previsões de um modelo.",Data Science
Provisionamento de infraestrutura a fundo: automação cloud-native,Explorando automação cloud-native com provisionamento de infraestrutura como uma forma de criar ambientes de forma consistente e rápida.,Cloud
Boas práticas de testes mobile para frameworks de automação de UI,Explorando frameworks de automação de UI com testes mobile como uma forma de rodar testes end-to-end em dispositivos reais e simuladores.,Mobile
Recuperação de desastres na nuvem: failover multi-região,"Um olhar prático sobre failover multi-região em recuperação de desastres na nuvem, essencial para manter sistemas disponíveis durante uma falha regional.",Cloud
Um guia prático de escolha do modelo de dados certo,"Uma visão geral de escolha do modelo de dados certo em NoSQL vs SQL, com foco em decidir entre bancos de dados relacionais e de documentos.",Databases
Entendendo Jetpack Compose em Kotlin,"Notas práticas sobre Jetpack Compose usando Kotlin, com o objetivo de escrever interfaces Android de forma declarativa, sem layouts XML.",Mobile
Entendendo deploys declarativos em GitOps,"Notas práticas sobre deploys declarativos usando GitOps, com o objetivo de usar o Git como única fonte de verdade para a infraestrutura.",DevOps
Pool de conexões a fundo: reutilização de conexões de banco de dados,"Um olhar prático sobre reutilização de conexões de banco de dados em pool de conexões, essencial para reduzir overhead em aplicações de alto tráfego.",Databases
Entendendo armazenamento wide-column em Cassandra,Explorando armazenamento wide-column com Cassandra como uma forma de lidar com throughput massivo de escrita entre nós distribuídos.,Databases
Primeiros passos com Svelte,"Uma visão geral de reatividade compilada em Svelte, com foco em atualizar o DOM sem uma etapa de diffing de DOM virtual.",Frontend
Boas práticas de práticas de SRE para error budgets,"Notas práticas sobre error budgets usando práticas de SRE, com o objetivo de equilibrar trabalho de confiabilidade e velocidade de entrega de features.",DevOps
Clean Architecture: separação de camadas,"Como Clean Architecture lida com separação de camadas, útil para manter a lógica de domínio independente de frameworks e bancos de dados.",Backend
Primeiros passos com filas de mensagens,"Como filas de mensagens lida com consumidores do RabbitMQ, útil para desacoplar trabalho lento em segundo plano do ciclo de requisição-resposta.",Backend
Transações: propriedades ACID,"Como transações lida com propriedades ACID, útil para garantir consistência mesmo quando operações falham no meio do caminho.",Databases
ELK Stack a fundo: logging centralizado,"Uma visão geral de logging centralizado em ELK Stack, com foco em agregar logs de vários serviços em um só lugar.",DevOps
Por que desacoplamento de serviços importa em filas na nuvem,"Notas práticas sobre desacoplamento de serviços usando filas na nuvem, com o objetivo de armazenar mensagens em buffer entre componentes distribuídos.",Cloud
Estilização com propriedades customizadas do CSS,"Aproveitando variáveis nativas do CSS para troca de tema em tempo real, estilização dinâmica e design responsivo limpo.",Frontend
Entendendo tratamento de schema drift em ingestão de dados,"Conceitos-chave por trás de tratamento de schema drift em ingestão de dados, relevantes para adaptar pipelines quando a estrutura dos dados de origem muda.",Data Engineering
Arquitetura de bancos de dados orientados a coluna,"Por que bancos como ClickHouse, Cassandra e Snowflake gravam colunas em vez de linhas para otimizar agregações.",Databases
Gerenciamento de segredos a fundo: HashiCorp Vault,"Como gerenciamento de segredos lida com HashiCorp Vault, útil para armazenar credenciais com segurança em vez de texto puro.",DevOps
Primeiros passos com roteamento no cliente,"Notas práticas sobre navegação em single page applications usando roteamento no cliente, com o objetivo de trocar de tela sem recarregar a página inteira.",Frontend
Entendendo formulários reativos em Angular,"Uma visão geral de formulários reativos em Angular, com foco em validar entradas complexas do usuário de forma declarativa.",Frontend
Docker: builds multi-stage,"Conceitos-chave por trás de builds multi-stage em Docker, relevantes para manter imagens de container pequenas e prontas para produção.",DevOps
Primeiros passos com limpeza de dados,"Explorando tratamento de valores ausentes com limpeza de dados como uma forma de decidir entre imputar, remover ou sinalizar dados faltantes.",Data Science
Catalogação de dados: gerenciamento de metadados,"Conceitos-chave por trás de gerenciamento de metadados em catalogação de dados, relevantes para tornar datasets descobríveis em toda a organização.",Data Engineering
Configuração de credenciais push mobile,Configurando certificados APNs (.p12) e Firebase Server Keys para enviar notificações push a dispositivos iOS e Android.,Mobile
Por que logging estruturado importa em agregação de logs,"Como agregação de logs lida com logging estruturado, útil para facilitar a busca e correlação de logs.",DevOps
Um guia prático de Word2Vec e GloVe,"Conceitos-chave por trás de Word2Vec e GloVe em word embeddings, relevantes para representar palavras como vetores densos que capturam significado.",Data Science
Primeiros passos com pool de conexões,"Conceitos-chave por trás de reutilização de conexões de banco de dados em pool de conexões, relevantes para reduzir overhead em aplicações de alto tráfego.",Databases
Por que virtual private clouds (VPCs) importa em rede na nuvem,"Um olhar prático sobre virtual private clouds (VPCs) em rede na nuvem, essencial para isolar recursos de nuvem dentro de uma rede privada.",Cloud
Um guia prático de gatilhos orientados a eventos,"Um olhar prático sobre gatilhos orientados a eventos em funções em nuvem, essencial para executar código automaticamente em resposta a eventos na nuvem.",Cloud
Boas práticas de dbt para transformação de dados como código,Explorando transformação de dados como código com dbt como uma forma de aplicar práticas de engenharia de software a modelos SQL.,Data Engineering
GraphQL a fundo: resolvers,"Um olhar prático sobre resolvers em GraphQL, essencial para buscar apenas os campos que o cliente pede explicitamente.",Backend
GitOps a fundo: deploys declarativos,"Conceitos-chave por trás de deploys declarativos em GitOps, relevantes para usar o Git como única fonte de verdade para a infraestrutura.",DevOps
Um guia prático de recuperação point-in-time,"Conceitos-chave por trás de recuperação point-in-time em backups de banco de dados, relevantes para restaurar dados a um momento específico após perda de dados.",Databases
Chaos Engineering a fundo: testes de injeção de falhas,"Um olhar prático sobre testes de injeção de falhas em Chaos Engineering, essencial para verificar se os sistemas se recuperam bem de falhas.",DevOps
Autenticação biométrica: APIs de Face ID e impressão digital,Explorando APIs de Face ID e impressão digital com autenticação biométrica como uma forma de permitir que usuários façam login com segurança sem digitar senha.,Mobile
Entendendo star schema vs snowflake schema em modelagem de dados,"Um olhar prático sobre star schema vs snowflake schema em modelagem de dados, essencial para estruturar um warehouse para análises eficientes.",Data Engineering
Testes de hipótese estatística a fundo: p-values,"Como testes de hipótese estatística lida com p-values, útil para medir evidências contra uma hipótese nula.",Data Science
Por que schema-on-read importa em data lakes,"Conceitos-chave por trás de schema-on-read em data lakes, relevantes para armazenar dados brutos de forma flexível antes de definir sua estrutura.",Data Engineering
Métodos ensemble a fundo: stacking classifiers,"Uma visão geral de stacking classifiers em métodos ensemble, com foco em combinar vários modelos para melhorar a acurácia.",Data Science
Primeiros passos com drag and drop,"Conceitos-chave por trás de a API HTML5 de Drag and Drop em drag and drop, relevantes para construir listas ordenáveis e quadros kanban no navegador.",Frontend
Primeiros passos com regularização,"Um olhar prático sobre penalidades L1 e L2 em regularização, essencial para evitar que um modelo sofra overfitting nos dados de treino.",Data Science
Configuração de backups de banco de dados na nuvem,"Configurando backups automatizados e criptografados de banco de dados para armazenamento de objetos na nuvem, com retenção customizável.",Cloud
MongoDB: design de schema,"Um olhar prático sobre design de schema em MongoDB, essencial para modelar documentos para dados flexíveis e em evolução.",Databases
Entendendo agendamento de tarefas em segundo plano em otimização de bateria,Explorando agendamento de tarefas em segundo plano com otimização de bateria como uma forma de minimizar o consumo de energia por atividades em segundo plano.,Mobile
Filas de mensagens a fundo: consumidores do RabbitMQ,"Um olhar prático sobre consumidores do RabbitMQ em filas de mensagens, essencial para desacoplar trabalho lento em segundo plano do ciclo de requisição-resposta.",Backend
Configuração do OCI API Gateway,"Configurando rate limiting, políticas de CORS, autenticação e regras de roteamento no OCI API Gateway.",Cloud
Boas práticas de acessibilidade mobile para VoiceOver e TalkBack,"Uma visão geral de VoiceOver e TalkBack em acessibilidade mobile, com foco em tornar apps utilizáveis para usuários com deficiência visual.",Mobile
Apache Airflow a fundo: agendamento de DAGs,"Conceitos-chave por trás de agendamento de DAGs em Apache Airflow, relevantes para orquestrar tarefas dependentes de um pipeline de dados.",Data Engineering
Por que autoscaling horizontal de pods importa em Kubernetes,"Notas práticas sobre autoscaling horizontal de pods usando Kubernetes, com o objetivo de ajustar réplicas automaticamente conforme a carga.",DevOps
Primeiros passos com internacionalização,Explorando bibliotecas de i18n com internacionalização como uma forma de traduzir textos de UI e formatar datas por localidade.,Frontend
Layouts responsivos com unidades de viewport,"Projetando layouts fluidos e mobile-first usando propriedades customizadas do CSS, calc(), clamp() e unidades vh e vw.",Frontend
GitOps com ArgoCD,Automatizando o deploy contínuo no Kubernetes ao sincronizar o estado do cluster com repositórios Git usando o ArgoCD.,DevOps
Boas práticas de pool de conexões para reutilização de conexões de banco de dados,"Como pool de conexões lida com reutilização de conexões de banco de dados, útil para reduzir overhead em aplicações de alto tráfego.",Databases
Apache Flink a fundo: processamento de streams com estado,"Notas práticas sobre processamento de streams com estado usando Apache Flink, com o objetivo de manter estado entre eventos em tempo real.",Data Engineering
Pipelines de dados: tarefas idempotentes,"Conceitos-chave por trás de tarefas idempotentes em pipelines de dados, relevantes para reexecutar um pipeline com segurança sem duplicar dados.",Data Engineering
Rate limiting: o algoritmo token bucket,"Conceitos-chave por trás de o algoritmo token bucket em rate limiting, relevantes para proteger uma API contra abuso e picos de tráfego.",Backend
Por que fluxos de autorização importa em OAuth2,Explorando fluxos de autorização com OAuth2 como uma forma de delegar acesso sem compartilhar a senha do usuário com terceiros.,Backend
Por que tratamento de schema drift importa em ingestão de dados,"Como ingestão de dados lida com tratamento de schema drift, útil para adaptar pipelines quando a estrutura dos dados de origem muda.",Data Engineering
Android a fundo: o ciclo de vida da Activity,"Notas práticas sobre o ciclo de vida da Activity usando Android, com o objetivo de gerenciar o estado corretamente quando telas giram ou vão para segundo plano.",Mobile
Um guia prático de a API HTML5 de Drag and Drop,"Uma visão geral de a API HTML5 de Drag and Drop em drag and drop, com foco em construir listas ordenáveis e quadros kanban no navegador.",Frontend
Boas práticas de data lakes para schema-on-read,"Conceitos-chave por trás de schema-on-read em data lakes, relevantes para armazenar dados brutos de forma flexível antes de definir sua estrutura.",Data Engineering
Rate limiting a fundo: o algoritmo token bucket,"Como rate limiting lida com o algoritmo token bucket, útil para proteger uma API contra abuso e picos de tráfego.",Backend
Padrões de roteamento em API Gateway,"Configurando reverse proxy, agregação de requisições e terminação SSL no nível do gateway em microsserviços de backend.",Backend
Um guia prático de gradient boosting,"Notas práticas sobre gradient boosting usando XGBoost, com o objetivo de combinar modelos fracos em um modelo preditivo forte.",Data Science
Boas práticas de gerenciamento de configuração para configurações específicas por ambiente,"Uma visão geral de configurações específicas por ambiente em gerenciamento de configuração, com foco em evitar valores fixos (hardcoded) entre deploys.",DevOps
Pipelines ETL a fundo: extract-transform-load (ETL),"Notas práticas sobre extract-transform-load (ETL) usando pipelines ETL, com o objetivo de transformar dados brutos em um formato limpo e consultável.",Data Engineering
Visão computacional: redes neurais convolucionais,"Conceitos-chave por trás de redes neurais convolucionais em visão computacional, relevantes para extrair características espaciais de imagens.",Data Science
Templates de Helm Charts no Kubernetes,Empacotando arquivos de manifest complexos do Kubernetes em templates reutilizáveis usando Helm charts.,DevOps
Uploads multipart: tratamento de arquivos grandes,"Conceitos-chave por trás de tratamento de arquivos grandes em uploads multipart, relevantes para processar uploads de arquivos de forma eficiente no backend.",Backend
Entendendo agregações com groupby em Pandas,"Como Pandas lida com agregações com groupby, útil para resumir grandes datasets por categoria rapidamente.",Data Science
Primeiros passos com sistemas de recomendação,"Uma visão geral de filtragem colaborativa em sistemas de recomendação, com foco em sugerir itens com base em comportamentos de usuários semelhantes.",Data Science
Um guia prático de injeção de dependência,"Como Spring Boot lida com injeção de dependência, útil para conectar serviços e repositórios automaticamente por meio de anotações.",Backend
Custom Painters no Flutter,"Desenhando formas customizadas, gráficos complexos e componentes de UI especializados no Flutter usando Canvas e CustomPainter.",Mobile
Monitoramento de nuvem: observabilidade centralizada,"Conceitos-chave por trás de observabilidade centralizada em monitoramento de nuvem, relevantes para rastrear métricas e logs entre recursos na nuvem.",Cloud
Entendendo Core Data em iOS,"Como iOS lida com Core Data, útil para persistir dados estruturados do app localmente no dispositivo.",Mobile
Por que o caminho crítico de renderização importa em renderização no navegador,"Conceitos-chave por trás de o caminho crítico de renderização em renderização no navegador, relevantes para entender como HTML, CSS e JS se transformam em pixels.",Frontend
Eficiência de formatos de arquivo colunares,Por que os formatos Parquet e ORC têm desempenho melhor que o CSV em consultas analíticas graças à compressão.,Data Engineering
Primeiros passos com Vite,"Conceitos-chave por trás de hot module replacement em Vite, relevantes para refletir mudanças de código instantaneamente sem recarregar a página.",Frontend
Um guia prático de rollback automatizado,"Conceitos-chave por trás de rollback automatizado em pipelines de CI/CD, relevantes para reverter automaticamente um deploy ruim em caso de falha.",DevOps
Um guia prático de tratamento de arquivos grandes,"Como uploads multipart lida com tratamento de arquivos grandes, útil para processar uploads de arquivos de forma eficiente no backend.",Backend
Por que conexões site a site importa em VPN na nuvem,"Um olhar prático sobre conexões site a site em VPN na nuvem, essencial para conectar com segurança redes on-premises à nuvem.",Cloud
Entendendo comunicação em tempo real em WebSockets,"Um olhar prático sobre comunicação em tempo real em WebSockets, essencial para enviar atualizações em tempo real aos clientes sem polling.",Backend
ORMs a fundo: o problema de consultas N+1,"Notas práticas sobre o problema de consultas N+1 usando ORMs, com o objetivo de evitar idas e vindas excessivas ao banco de dados causadas por lazy loading.",Databases
Transfer learning a fundo: fine-tuning de modelos pré-treinados,"Como transfer learning lida com fine-tuning de modelos pré-treinados, útil para adaptar modelos grandes a uma nova tarefa com menos dados.",Data Science
Um guia prático de codificação de variáveis categóricas,"Notas práticas sobre codificação de variáveis categóricas usando engenharia de features, com o objetivo de preparar dados não numéricos para modelos de machine learning.",Data Science
Por que auto scaling do EC2 importa em AWS,"Uma visão geral de auto scaling do EC2 em AWS, com foco em ajustar a capacidade computacional automaticamente conforme a demanda.",Cloud
Primeiros passos com notificações locais,"Uma visão geral de agendamento de lembretes em notificações locais, com foco em disparar alertas sem uma ida e volta ao servidor.",Mobile
Primeiros passos com Google Cloud Platform,"Como Google Cloud Platform lida com Cloud Run, útil para implantar apps em containers sem gerenciar infraestrutura.",Cloud
Um guia prático de autoscaling horizontal de pods,"Notas práticas sobre autoscaling horizontal de pods usando Kubernetes, com o objetivo de ajustar réplicas automaticamente conforme a carga.",DevOps
Um guia prático de captura e processamento de fotos,"Uma visão geral de captura e processamento de fotos em integração com a câmera, com foco em adicionar recursos de captura de foto a um app mobile.",Mobile
Um guia prático de o ciclo de vida da Activity,"Notas práticas sobre o ciclo de vida da Activity usando Android, com o objetivo de gerenciar o estado corretamente quando telas giram ou vão para segundo plano.",Mobile
Verificações de qualidade de dados a fundo: regras de validação,"Conceitos-chave por trás de regras de validação em verificações de qualidade de dados, relevantes para detectar dados ruins antes que cheguem aos sistemas seguintes.",Data Engineering
Primeiros passos com CSS Grid,"Como CSS Grid lida com layouts bidimensionais, útil para organizar elementos em linhas e colunas de forma declarativa.",Frontend
Ingestão de dados a fundo: tratamento de schema drift,"Uma visão geral de tratamento de schema drift em ingestão de dados, com foco em adaptar pipelines quando a estrutura dos dados de origem muda.",Data Engineering
Message broker Pub/Sub com Redis,Usando os recursos de publish/subscribe do Redis para construir sistemas leves de notificação em tempo real.,Databases
Primeiros passos com bancos de dados de grafo,"Como bancos de dados de grafo lida com relacionamentos no Neo4j, útil para modelar dados altamente conectados, como redes sociais.",Databases
Por que redução de código importa em otimização do tamanho do app,Explorando redução de código com otimização do tamanho do app como uma forma de reduzir o tamanho do APK e do IPA para downloads mais rápidos.,Mobile
Ajuste de hiperparâmetros com Optuna,Otimizando hiperparâmetros de modelos de machine learning de forma eficiente usando otimização bayesiana com o Optuna em Python.,Data Science
Por que callbacks do Active Record importa em Ruby on Rails,"Notas práticas sobre callbacks do Active Record usando Ruby on Rails, com o objetivo de executar lógica customizada antes ou depois de salvar um registro.",Backend
Por que armazenamento wide-column importa em Cassandra,"Conceitos-chave por trás de armazenamento wide-column em Cassandra, relevantes para lidar com throughput massivo de escrita entre nós distribuídos.",Databases
Amazon S3: políticas de ciclo de vida de armazenamento de objetos,"Notas práticas sobre políticas de ciclo de vida de armazenamento de objetos usando Amazon S3, com o objetivo de arquivar automaticamente dados antigos em camadas de armazenamento mais baratas.",Cloud
Interpretando o EXPLAIN ANALYZE do PostgreSQL,"Lendo planos de execução de consultas para identificar varreduras sequenciais de tabela, varreduras de índice e custos de join.",Databases
Um guia prático de probes de readiness e liveness,"Como orquestração de containers lida com probes de readiness e liveness, útil para informar ao Kubernetes quando um pod está saudável.",DevOps
Primeiros passos com Apache Flink,"Um olhar prático sobre processamento de streams com estado em Apache Flink, essencial para manter estado entre eventos em tempo real.",Data Engineering
Por que políticas de controle de acesso importa em governança de dados,"Notas práticas sobre políticas de controle de acesso usando governança de dados, com o objetivo de controlar quem pode ver ou modificar datasets sensíveis.",Data Engineering
Primeiros passos com reconhecimento de gestos,Explorando manipuladores de toque customizados com reconhecimento de gestos como uma forma de construir interações de swipe e pinch em um app mobile.,Mobile
Um guia prático de playbooks idempotentes,"Como Ansible lida com playbooks idempotentes, útil para aplicar mudanças de configuração com segurança várias vezes.",DevOps
Primeiros passos com particionamento de dados,Explorando particionamento por data com particionamento de dados como uma forma de melhorar o desempenho de consultas em tabelas grandes de data lake.,Data Engineering
Primeiros passos com particionamento de banco de dados,"Notas práticas sobre particionamento por faixa (range) usando particionamento de banco de dados, com o objetivo de dividir tabelas grandes por data ou outra chave.",Databases
Boas práticas de Angular para formulários reativos,"Uma visão geral de formulários reativos em Angular, com foco em validar entradas complexas do usuário de forma declarativa.",Frontend
Storybook: desenvolvimento isolado de componentes,"Como Storybook lida com desenvolvimento isolado de componentes, útil para construir e documentar peças de UI fora da aplicação completa.",Frontend
Boas práticas de autenticação biométrica para APIs de Face ID e impressão digital,"Uma visão geral de APIs de Face ID e impressão digital em autenticação biométrica, com foco em permitir que usuários façam login com segurança sem digitar senha.",Mobile
Primeiros passos com processamento de linguagem natural,"Um olhar prático sobre tokenização em processamento de linguagem natural, essencial para dividir texto em unidades que um modelo consegue processar.",Data Science
Gerenciamento de segredos: HashiCorp Vault,Explorando HashiCorp Vault com gerenciamento de segredos como uma forma de armazenar credenciais com segurança em vez de texto puro.,DevOps
Entendendo coroutines no backend em Kotlin,"Como Kotlin lida com coroutines no backend, útil para escrever código de serviço assíncrono que se lê como código síncrono.",Backend
Layouts adaptativos: suporte a tablets e dobráveis,"Notas práticas sobre suporte a tablets e dobráveis usando layouts adaptativos, com o objetivo de projetar UI que se ajusta a diferentes tamanhos de tela.",Mobile
Por que testes de injeção de falhas importa em Chaos Engineering,"Como Chaos Engineering lida com testes de injeção de falhas, útil para verificar se os sistemas se recuperam bem de falhas.",DevOps
IAM Roles da AWS para EC2,Protegendo arquiteturas AWS ao anexar IAM roles a instâncias EC2 em vez de fixar chaves de acesso no código.,Cloud
@StateObject e @ObservedObject no SwiftUI,Gerenciando fluxos de dados observáveis e o ciclo de vida do estado em apps iOS usando property wrappers do SwiftUI.,Mobile
Webhooks a fundo: integrações orientadas a eventos,Explorando integrações orientadas a eventos com webhooks como uma forma de notificar sistemas externos quando algo acontece em tempo real.,Backend
Um guia prático de compatibilidade retroativa,"Um olhar prático sobre compatibilidade retroativa em versionamento de API, essencial para evitar breaking changes para consumidores existentes da API.",Backend
Desenvolvimento de middleware customizado no Django,"Como escrever middleware customizado no Django para interceptar, logar ou modificar requisições e respostas HTTP.",Backend
Por que camadas de armazenamento frio vs quente importa em armazenamento em nuvem,"Um olhar prático sobre camadas de armazenamento frio vs quente em armazenamento em nuvem, essencial para equilibrar custo e velocidade de recuperação de dados armazenados.",Cloud
Módulos nativos: integração com APIs da plataforma,Explorando integração com APIs da plataforma com módulos nativos como uma forma de expor acesso à câmera ou a sensores para um app multiplataforma.,Mobile
Rate Limiting de API com Token Bucket,Implementando algoritmos de rate limiting em aplicações backend para prevenir ataques de negação de serviço.,Backend
Análise de custos de infraestrutura na nuvem,"Usando orçamentos, tags de rastreamento de custos e dashboards de análise de custos para otimizar a fatura mensal da nuvem.",Cloud
Testing Library: testes de componentes centrados no usuário,Explorando testes de componentes centrados no usuário com Testing Library como uma forma de testar a UI da forma como um usuário real interagiria com ela.,Frontend
Boas práticas de word embeddings para Word2Vec e GloVe,"Como word embeddings lida com Word2Vec e GloVe, útil para representar palavras como vetores densos que capturam significado.",Data Science
Laravel: relacionamentos do Eloquent ORM,"Conceitos-chave por trás de relacionamentos do Eloquent ORM em Laravel, relevantes para modelar associações um-para-muitos e muitos-para-muitos entre tabelas.",Backend
Engenharia de features: codificação de variáveis categóricas,"Notas práticas sobre codificação de variáveis categóricas usando engenharia de features, com o objetivo de preparar dados não numéricos para modelos de machine learning.",Data Science
Um guia prático de desacoplamento de serviços,"Conceitos-chave por trás de desacoplamento de serviços em filas na nuvem, relevantes para armazenar mensagens em buffer entre componentes distribuídos.",Cloud
Normalização de banco de dados: redução de redundância,"Uma visão geral de redução de redundância em normalização de banco de dados, com foco em organizar tabelas para evitar dados duplicados.",Databases
Boas práticas de ícones SVG para gráficos vetoriais inline,"Como ícones SVG lida com gráficos vetoriais inline, útil para manter ícones nítidos em qualquer resolução de tela.",Frontend
Primeiros passos com integração com a câmera,"Notas práticas sobre captura e processamento de fotos usando integração com a câmera, com o objetivo de adicionar recursos de captura de foto a um app mobile.",Mobile
Um guia prático de reatividade compilada,"Como Svelte lida com reatividade compilada, útil para atualizar o DOM sem uma etapa de diffing de DOM virtual.",Frontend
Boas práticas de pipelines ETL para extract-transform-load (ETL),"Como pipelines ETL lida com extract-transform-load (ETL), útil para transformar dados brutos em um formato limpo e consultável.",Data Engineering
Um guia prático de autenticação sem estado,"Notas práticas sobre autenticação sem estado usando JWT, com o objetivo de emitir tokens assinados em vez de sessões no servidor.",Backend
Boas práticas de Ansible para playbooks idempotentes,"Como Ansible lida com playbooks idempotentes, útil para aplicar mudanças de configuração com segurança várias vezes.",DevOps
Testes no Spring Boot com Mockito,"Escrevendo testes unitários e de integração para serviços backend Java usando JUnit, Mockito e @MockBean.",Backend
Por que Core Data importa em iOS,"Conceitos-chave por trás de Core Data em iOS, relevantes para persistir dados estruturados do app localmente no dispositivo.",Mobile
Boas práticas de balanceadores de carga na nuvem para distribuição de tráfego globalmente,"Notas práticas sobre distribuição de tráfego globalmente usando balanceadores de carga na nuvem, com o objetivo de rotear usuários para a região saudável mais próxima.",Cloud
Entendendo redução do tempo de inicialização do app em desempenho mobile,"Notas práticas sobre redução do tempo de inicialização do app usando desempenho mobile, com o objetivo de melhorar a primeira impressão que os usuários têm de um app.",Mobile
Entendendo logs de consultas lentas em monitoramento de banco de dados,Explorando logs de consultas lentas com monitoramento de banco de dados como uma forma de identificar consultas que precisam de otimização.,Databases
Primeiros passos com auto scaling,"Notas práticas sobre escalonamento baseado em métricas customizadas usando auto scaling, com o objetivo de reagir a sinais de carga específicos da aplicação.",Cloud
Funções serverless a fundo: cold starts,"Como funções serverless lida com cold starts, útil para reduzir a latência de endpoints de backend pouco chamados.",Backend
Otimização de DataFrames no Spark,"Melhorando os tempos de execução do PySpark usando partition pruning, broadcast joins e caching.",Data Engineering
Um guia prático de formulários reativos,Explorando formulários reativos com Angular como uma forma de validar entradas complexas do usuário de forma declarativa.,Frontend
Boas práticas de Amazon S3 para políticas de ciclo de vida de armazenamento de objetos,Explorando políticas de ciclo de vida de armazenamento de objetos com Amazon S3 como uma forma de arquivar automaticamente dados antigos em camadas de armazenamento mais baratas.,Cloud
Boas práticas de Flask para blueprints,"Um olhar prático sobre blueprints em Flask, essencial para organizar aplicações grandes em componentes modulares e reutilizáveis.",Backend
Primeiros passos com agregação de logs,Explorando logging estruturado com agregação de logs como uma forma de facilitar a busca e correlação de logs.,DevOps
Delta Lake a fundo: transações ACID em data lakes,"Notas práticas sobre transações ACID em data lakes usando Delta Lake, com o objetivo de adicionar confiabilidade a armazenamento de dados em larga escala.",Data Engineering
Por que agendamento de tarefas em segundo plano importa em otimização de bateria,"Notas práticas sobre agendamento de tarefas em segundo plano usando otimização de bateria, com o objetivo de minimizar o consumo de energia por atividades em segundo plano.",Mobile
Entendendo round robin vs least connections em algoritmos de balanceamento de carga,"Como algoritmos de balanceamento de carga lida com round robin vs least connections, útil para distribuir tráfego igualmente entre réplicas do backend.",Backend
Por que desenvolvimento isolado de componentes importa em Storybook,Explorando desenvolvimento isolado de componentes com Storybook como uma forma de construir e documentar peças de UI fora da aplicação completa.,Frontend
Boas práticas de interpretabilidade de modelos para valores SHAP,"Notas práticas sobre valores SHAP usando interpretabilidade de modelos, com o objetivo de explicar previsões individuais de um modelo complexo.",Data Science
Funções serverless: cold starts,Explorando cold starts com funções serverless como uma forma de reduzir a latência de endpoints de backend pouco chamados.,Backend
Primeiros passos com otimização de bateria,"Como otimização de bateria lida com agendamento de tarefas em segundo plano, útil para minimizar o consumo de energia por atividades em segundo plano.",Mobile
IOS: Core Data,Explorando Core Data com iOS como uma forma de persistir dados estruturados do app localmente no dispositivo.,Mobile
Gerenciamento de estado multiplataforma: Provider e Riverpod,"Uma visão geral de Provider e Riverpod em gerenciamento de estado multiplataforma, com foco em compartilhar o estado do app entre widgets Flutter de forma limpa.",Mobile
Primeiros passos com OAuth2,Explorando fluxos de autorização com OAuth2 como uma forma de delegar acesso sem compartilhar a senha do usuário com terceiros.,Backend
AWS Lambda a fundo: funções serverless,"Conceitos-chave por trás de funções serverless em AWS Lambda, relevantes para executar código sem provisionar ou gerenciar servidores.",Cloud
Data warehouses a fundo: arquitetura snowflake,Explorando arquitetura snowflake com data warehouses como uma forma de separar armazenamento e computação em cargas de trabalho analíticas.,Data Engineering
Configuração customizada de utility classes do Tailwind,"Configurando o tailwind.config.js para estender temas, definir breakpoints customizados e adicionar classes utilitárias próprias.",Frontend
Por que customização de gráficos importa em Matplotlib,"Uma visão geral de customização de gráficos em Matplotlib, com foco em comunicar insights com clareza por meio de visualizações.",Data Science
Por que funções serverless importa em AWS Lambda,"Conceitos-chave por trás de funções serverless em AWS Lambda, relevantes para executar código sem provisionar ou gerenciar servidores.",Cloud
Primeiros passos com Flask,"Uma visão geral de blueprints em Flask, com foco em organizar aplicações grandes em componentes modulares e reutilizáveis.",Backend
Boas práticas de Flutter para a árvore de widgets,Explorando a árvore de widgets com Flutter como uma forma de construir UIs multiplataforma a partir de uma única base de código Dart.,Mobile
Entendendo Cloud Run em Google Cloud Platform,"Um olhar prático sobre Cloud Run em Google Cloud Platform, essencial para implantar apps em containers sem gerenciar infraestrutura.",Cloud
Boas práticas de transações para propriedades ACID,"Como transações lida com propriedades ACID, útil para garantir consistência mesmo quando operações falham no meio do caminho.",Databases
Boas práticas de data warehouses para arquitetura snowflake,"Como data warehouses lida com arquitetura snowflake, útil para separar armazenamento e computação em cargas de trabalho analíticas.",Data Engineering
Por que o ciclo de vida da Activity importa em Android,"Conceitos-chave por trás de o ciclo de vida da Activity em Android, relevantes para gerenciar o estado corretamente quando telas giram ou vão para segundo plano.",Mobile
Primeiros passos com PHP,"Conceitos-chave por trás de padrões PSR em PHP, relevantes para manter bases de código de backend interoperáveis entre frameworks.",Backend
Treinando redes neurais com PyTorch,"Definindo camadas, funções de perda, otimizadores e executando loops de treino no PyTorch para deep learning.",Data Science
Um guia prático de VoiceOver e TalkBack,"Notas práticas sobre VoiceOver e TalkBack usando acessibilidade mobile, com o objetivo de tornar apps utilizáveis para usuários com deficiência visual.",Mobile
Primeiros passos com uploads multipart,Explorando tratamento de arquivos grandes com uploads multipart como uma forma de processar uploads de arquivos de forma eficiente no backend.,Backend
Boas práticas de testes unitários para mock de serviços externos,"Uma visão geral de mock de serviços externos em testes unitários, com foco em isolar a lógica de negócio de chamadas de rede durante os testes.",Backend
Entendendo extract-transform-load (ETL) em pipelines ETL,Explorando extract-transform-load (ETL) com pipelines ETL como uma forma de transformar dados brutos em um formato limpo e consultável.,Data Engineering
Por que partições do Kafka importa em message brokers,"Um olhar prático sobre partições do Kafka em message brokers, essencial para escalar o consumo de eventos entre vários consumidores.",Data Engineering
Boas práticas de Rust para o framework Actix Web,"Como Rust lida com o framework Actix Web, útil para construir servidores HTTP de alta vazão com fortes garantias de segurança de memória.",Backend
Entendendo workflows reutilizáveis em GitHub Actions,"Conceitos-chave por trás de workflows reutilizáveis em GitHub Actions, relevantes para compartilhar lógica de CI entre vários repositórios.",DevOps
Gerenciamento de configuração: configurações específicas por ambiente,"Um olhar prático sobre configurações específicas por ambiente em gerenciamento de configuração, essencial para evitar valores fixos (hardcoded) entre deploys.",DevOps
Boas práticas de redes de entrega de conteúdo (CDN) para cache na borda (edge),"Como redes de entrega de conteúdo (CDN) lida com cache na borda (edge), útil para servir conteúdo a partir de locais mais próximos dos usuários finais.",Cloud
Primeiros passos com ingestão de dados,"Um olhar prático sobre tratamento de schema drift em ingestão de dados, essencial para adaptar pipelines quando a estrutura dos dados de origem muda.",Data Engineering
Primeiros passos com notificações push,"Um olhar prático sobre Firebase Cloud Messaging em notificações push, essencial para reengajar usuários mesmo com o app fechado.",Mobile
Regras de alerta no Prometheus,Definindo limiares de alerta customizados no Prometheus e roteando notificações via Alertmanager.,DevOps
Provisionamento de infraestrutura: automação cloud-native,Explorando automação cloud-native com provisionamento de infraestrutura como uma forma de criar ambientes de forma consistente e rápida.,Cloud
Funções de janela avançadas em SQL,"Usando as funções de janela ROW_NUMBER, RANK, LEAD e LAG sobre partições para escrever consultas analíticas complexas.",Databases
Evolução de schema em pipelines,Como lidar com mudanças de schema no banco de dados sem quebrar pipelines de ingestão ativos a jusante.,Data Engineering
Processamento de linguagem natural com spaCy,"Construindo pipelines avançados de NLP: POS tagging, reconhecimento de entidades nomeadas (NER) e dependency parsing.",Data Science
Primeiros passos com Kotlin,Explorando coroutines no backend com Kotlin como uma forma de escrever código de serviço assíncrono que se lê como código síncrono.,Backend
Boas práticas de animações para a Web Animations API,"Conceitos-chave por trás de a Web Animations API em animações, relevantes para criar transições suaves sem bibliotecas pesadas.",Frontend
Primeiros passos com inferência bayesiana,"Notas práticas sobre distribuições a priori e a posteriori usando inferência bayesiana, com o objetivo de atualizar crenças sobre um parâmetro à medida que os dados chegam.",Data Science
Boas práticas de SQLite em mobile para biblioteca de persistência Room,Explorando biblioteca de persistência Room com SQLite em mobile como uma forma de armazenar dados estruturados localmente em dispositivos Android.,Mobile
Por que réplicas de leitura importa em replicação,"Como replicação lida com réplicas de leitura, útil para escalar cargas de trabalho intensivas em leitura entre várias cópias do banco de dados.",Databases
Nuvem híbrida a fundo: conexão entre on-premises e nuvem,"Notas práticas sobre conexão entre on-premises e nuvem usando nuvem híbrida, com o objetivo de estender infraestrutura existente para a nuvem.",Cloud
Por que Debezium importa em Change Data Capture,"Notas práticas sobre Debezium usando Change Data Capture, com o objetivo de capturar mudanças em nível de linha a partir de um banco de dados de origem.",Data Engineering
Boas práticas de verificações de qualidade de dados para regras de validação,"Notas práticas sobre regras de validação usando verificações de qualidade de dados, com o objetivo de detectar dados ruins antes que cheguem aos sistemas seguintes.",Data Engineering
Resposta a incidentes a fundo: runbooks,"Conceitos-chave por trás de runbooks em resposta a incidentes, relevantes para documentar passos para resolver problemas comuns de produção.",DevOps
Um guia prático de testes unitários de transformações,"Como teste de pipeline de dados lida com testes unitários de transformações, útil para detectar bugs antes que cheguem aos dados de produção.",Data Engineering
Um guia prático de gerenciamento de estado leve,"Uma visão geral de gerenciamento de estado leve em Zustand, com foco em evitar boilerplate comparado às tradicionais stores do Redux.",Frontend
CSS Grid: layouts bidimensionais,"Uma visão geral de layouts bidimensionais em CSS Grid, com foco em organizar elementos em linhas e colunas de forma declarativa.",Frontend
Boas práticas de rede na nuvem para virtual private clouds (VPCs),"Um olhar prático sobre virtual private clouds (VPCs) em rede na nuvem, essencial para isolar recursos de nuvem dentro de uma rede privada.",Cloud
Primeiros passos com data lakes,"Um olhar prático sobre schema-on-read em data lakes, essencial para armazenar dados brutos de forma flexível antes de definir sua estrutura.",Data Engineering
Boas práticas de notificações locais para agendamento de lembretes,"Como notificações locais lida com agendamento de lembretes, útil para disparar alertas sem uma ida e volta ao servidor.",Mobile
Entendendo instâncias reservadas em otimização de custos na nuvem,"Notas práticas sobre instâncias reservadas usando otimização de custos na nuvem, com o objetivo de reduzir custos de computação com compromissos de longo prazo.",Cloud
Primeiros passos com compras no aplicativo,Explorando StoreKit e biblioteca de billing com compras no aplicativo como uma forma de implementar assinaturas e compras únicas.,Mobile
SQLite em mobile: biblioteca de persistência Room,Explorando biblioteca de persistência Room com SQLite em mobile como uma forma de armazenar dados estruturados localmente em dispositivos Android.,Mobile
Regras de roteamento de rede virtual na nuvem,Configurando tabelas de rota de VCN para enviar tráfego por Internet Gateways ou NAT Gateways no OCI.,Cloud
Estratégias de rollback em migração de banco de dados,Como escrever scripts de migração seguros de subida e descida para reverter atualizações de schema sem perda de dados.,Databases
Por que construção de redes neurais importa em PyTorch,"Como PyTorch lida com construção de redes neurais, útil para definir camadas e loops de treino personalizados do zero.",Data Science
Entendendo particionamento por data em particionamento de dados,"Conceitos-chave por trás de particionamento por data em particionamento de dados, relevantes para melhorar o desempenho de consultas em tabelas grandes de data lake.",Data Engineering
Multi-stage builds do Docker para Python,Reduzindo o tamanho de imagens Docker Python de gigabytes para megabytes usando multi-stage builds.,DevOps
Por que tokenização importa em processamento de linguagem natural,"Um olhar prático sobre tokenização em processamento de linguagem natural, essencial para dividir texto em unidades que um modelo consegue processar.",Data Science
Primeiros passos com teste A/B,"Como teste A/B lida com significância estatística, útil para decidir se uma diferença observada é real ou fruto do acaso.",Data Science
Jenkins: pipelines declarativos,"Notas práticas sobre pipelines declarativos usando Jenkins, com o objetivo de definir etapas de build e deploy como código.",DevOps
TypeScript a fundo: estreitamento de tipos (type narrowing),"Conceitos-chave por trás de estreitamento de tipos (type narrowing) em TypeScript, relevantes para identificar incompatibilidades de prop e state antes da execução.",Frontend
Tipos de índice no PostgreSQL,"Comparando os índices B-Tree, Hash, GIN e GiST no PostgreSQL. Quando e como aplicar cada tipo de índice.",Databases
Boas práticas de uploads multipart para tratamento de arquivos grandes,"Notas práticas sobre tratamento de arquivos grandes usando uploads multipart, com o objetivo de processar uploads de arquivos de forma eficiente no backend.",Backend
Web Components a fundo: o Shadow DOM,Explorando o Shadow DOM com Web Components como uma forma de encapsular estilos para que não vazem para o resto da página.,Frontend
Entendendo o framework Actix Web em Rust,"Conceitos-chave por trás de o framework Actix Web em Rust, relevantes para construir servidores HTTP de alta vazão com fortes garantias de segurança de memória.",Backend
Processamento paralelo com Multiprocessing,Escalando etapas de transformação de dados limitadas por CPU em Python usando o módulo multiprocessing.,Data Engineering
Geração dinâmica de DAGs no Airflow,Como escrever código Python que gera múltiplas DAGs do Apache Airflow dinamicamente com base em arquivos de configuração.,Data Engineering
Entendendo redes neurais convolucionais em visão computacional,"Notas práticas sobre redes neurais convolucionais usando visão computacional, com o objetivo de extrair características espaciais de imagens.",Data Science
Apache Kafka: streaming de eventos,Explorando streaming de eventos com Apache Kafka como uma forma de mover dados entre sistemas em tempo real.,Data Engineering
Sharding de banco de dados a fundo: particionamento horizontal,Explorando particionamento horizontal com sharding de banco de dados como uma forma de dividir uma tabela grande entre vários servidores.,Databases
Entendendo service workers em Progressive Web Apps,"Uma visão geral de service workers em Progressive Web Apps, com foco em habilitar acesso offline e sincronização em segundo plano no navegador.",Frontend
NestJS: decorators customizados,"Um olhar prático sobre decorators customizados em NestJS, essencial para encapsular lógica repetida de tratamento de requisições.",Backend
Funções de borda (Edge) do AWS Lambda,Executando código serverless mais perto dos usuários globais em locais de borda do CloudFront para roteamento rápido.,Cloud
Primeiros passos com Web Components,"Como Web Components lida com o Shadow DOM, útil para encapsular estilos para que não vazem para o resto da página.",Frontend
Terraform: gerenciamento de estado,"Conceitos-chave por trás de gerenciamento de estado em Terraform, relevantes para rastrear mudanças de infraestrutura com segurança entre equipes.",DevOps
Por que codificação de variáveis categóricas importa em engenharia de features,"Notas práticas sobre codificação de variáveis categóricas usando engenharia de features, com o objetivo de preparar dados não numéricos para modelos de machine learning.",Data Science
IAM na nuvem a fundo: acesso de privilégio mínimo,"Uma visão geral de acesso de privilégio mínimo em IAM na nuvem, com foco em conceder apenas as permissões que um recurso realmente precisa.",Cloud
Um guia prático de builds multi-stage,Explorando builds multi-stage com Docker como uma forma de manter imagens de container pequenas e prontas para produção.,DevOps
Primeiros passos com funções em nuvem,"Conceitos-chave por trás de gatilhos orientados a eventos em funções em nuvem, relevantes para executar código automaticamente em resposta a eventos na nuvem.",Cloud
Boas práticas de visão computacional para redes neurais convolucionais,"Como visão computacional lida com redes neurais convolucionais, útil para extrair características espaciais de imagens.",Data Science
Entendendo escaneamento de imagens em registries de containers,"Conceitos-chave por trás de escaneamento de imagens em registries de containers, relevantes para detectar vulnerabilidades antes de implantar um container.",DevOps
Boas práticas de bancos de dados de séries temporais para InfluxDB,"Notas práticas sobre InfluxDB usando bancos de dados de séries temporais, com o objetivo de armazenar e consultar dados de métricas de forma eficiente ao longo do tempo.",Databases
Framework Elixir Phoenix,"Construindo sistemas de backend distribuídos, tolerantes a falhas e em tempo real com Elixir e o framework web Phoenix.",Backend
Busca full-text a fundo: tsvector do PostgreSQL,"Conceitos-chave por trás de tsvector do PostgreSQL em busca full-text, relevantes para buscar em campos de texto grandes de forma eficiente dentro do banco de dados.",Databases
Flexbox a fundo: alinhamento e distribuição,Explorando alinhamento e distribuição com Flexbox como uma forma de construir barras de navegação e layouts de cards responsivos.,Frontend
Um guia prático de stacking classifiers,"Como métodos ensemble lida com stacking classifiers, útil para combinar vários modelos para melhorar a acurácia.",Data Science
Boas práticas de rede em mobile para tratamento de conexões instáveis,Explorando tratamento de conexões instáveis com rede em mobile como uma forma de reenviar requisições que falharam de forma adequada em redes mobile.,Mobile
Um guia prático de design de star schema,"Como data warehousing lida com design de star schema, útil para otimizar tabelas para consultas analíticas.",Databases
Primeiros passos com iOS,"Conceitos-chave por trás de Core Data em iOS, relevantes para persistir dados estruturados do app localmente no dispositivo.",Mobile
Por que entrega progressiva importa em feature flags,"Notas práticas sobre entrega progressiva usando feature flags, com o objetivo de ativar e desativar features sem reimplantar código.",DevOps
Gerenciamento de Identity Domains no OCI,"Configurando ciclos de vida de usuário, políticas de grupo e autenticação multifator (MFA) em domínios de IAM do OCI.",Cloud
Primeiros passos com segurança de banco de dados,"Como segurança de banco de dados lida com segurança em nível de linha, útil para restringir quais linhas um usuário pode acessar.",Databases
Entendendo camadas de armazenamento frio vs quente em armazenamento em nuvem,"Notas práticas sobre camadas de armazenamento frio vs quente usando armazenamento em nuvem, com o objetivo de equilibrar custo e velocidade de recuperação de dados armazenados.",Cloud
Arquitetura MVC do Ruby on Rails,"Entendendo convention over configuration no Ruby on Rails. Como models, views e controllers interagem em aplicações web com banco de dados.",Backend
Análise de distribuição de dados,"Verificando normalidade, assimetria (skewness) e curtose usando testes estatísticos e gráficos de probabilidade.",Data Science
Primeiros passos com MySQL,"Um olhar prático sobre otimização de consultas em MySQL, essencial para reescrever consultas lentas usando planos do EXPLAIN.",Databases
Validação cruzada para séries temporais,Por que a validação cruzada k-fold padrão falha em dados de série temporal e como usar o TimeSeriesSplit no scikit-learn.,Data Science
Sistemas de recomendação: filtragem colaborativa,Explorando filtragem colaborativa com sistemas de recomendação como uma forma de sugerir itens com base em comportamentos de usuários semelhantes.,Data Science
Um guia prático de releases sem downtime,"Um olhar prático sobre releases sem downtime em deploys blue-green, essencial para alternar tráfego entre dois ambientes idênticos.",DevOps
Um guia prático de serviços de banco de dados gerenciados,Explorando serviços de banco de dados gerenciados com bancos de dados em nuvem como uma forma de delegar backups e atualizações ao provedor de nuvem.,Cloud
Boas práticas de teste A/B para significância estatística,Explorando significância estatística com teste A/B como uma forma de decidir se uma diferença observada é real ou fruto do acaso.,Data Science
XGBoost: gradient boosting,"Notas práticas sobre gradient boosting usando XGBoost, com o objetivo de combinar modelos fracos em um modelo preditivo forte.",Data Science
Dashboards de visualização de dados a fundo: Plotly Dash,"Uma visão geral de Plotly Dash em dashboards de visualização de dados, com foco em construir ferramentas exploratórias interativas para stakeholders.",Data Science
Primeiros passos com funções serverless,"Um olhar prático sobre cold starts em funções serverless, essencial para reduzir a latência de endpoints de backend pouco chamados.",Backend
Entendendo manipuladores de toque customizados em reconhecimento de gestos,"Como reconhecimento de gestos lida com manipuladores de toque customizados, útil para construir interações de swipe e pinch em um app mobile.",Mobile
Svelte: reatividade compilada,"Notas práticas sobre reatividade compilada usando Svelte, com o objetivo de atualizar o DOM sem uma etapa de diffing de DOM virtual.",Frontend
Por que processamento de streams com estado importa em Apache Flink,"Como Apache Flink lida com processamento de streams com estado, útil para manter estado entre eventos em tempo real.",Data Engineering
AWS: auto scaling do EC2,"Conceitos-chave por trás de auto scaling do EC2 em AWS, relevantes para ajustar a capacidade computacional automaticamente conforme a demanda.",Cloud
Um guia prático de cache na borda (edge),"Como redes de entrega de conteúdo (CDN) lida com cache na borda (edge), útil para servir conteúdo a partir de locais mais próximos dos usuários finais.",Cloud
Primeiros passos com service mesh,Explorando gerenciamento de tráfego com Istio com service mesh como uma forma de controlar a comunicação entre microsserviços.,DevOps
Primeiros passos com VPN na nuvem,"Notas práticas sobre conexões site a site usando VPN na nuvem, com o objetivo de conectar com segurança redes on-premises à nuvem.",Cloud
Algoritmo de clustering k-Means,Aprendizado não supervisionado com k-Means: escolhendo o número ideal de clusters usando o método do cotovelo e o silhouette score.,Data Science
Boas práticas de funções serverless para cold starts,Explorando cold starts com funções serverless como uma forma de reduzir a latência de endpoints de backend pouco chamados.,Backend
Entendendo Largest Contentful Paint em Web Vitals,"Como Web Vitals lida com Largest Contentful Paint, útil para medir o desempenho de carregamento percebido por usuários reais.",Frontend
Teste A/B: significância estatística,"Uma visão geral de significância estatística em teste A/B, com foco em decidir se uma diferença observada é real ou fruto do acaso.",Data Science
Teste de carga a fundo: simulação de picos de tráfego,"Conceitos-chave por trás de simulação de picos de tráfego em teste de carga, relevantes para encontrar o ponto de ruptura de um sistema antes dos usuários.",DevOps
Um guia prático de resolvers,"Conceitos-chave por trás de resolvers em GraphQL, relevantes para buscar apenas os campos que o cliente pede explicitamente.",Backend
Boas práticas de Apache Spark para processamento de dados distribuído,"Como Apache Spark lida com processamento de dados distribuído, útil para transformar grandes datasets em um cluster.",Data Engineering
Por que automação cloud-native importa em provisionamento de infraestrutura,"Como provisionamento de infraestrutura lida com automação cloud-native, útil para criar ambientes de forma consistente e rápida.",Cloud
Boas práticas de Express.js para cadeias de middleware,"Um olhar prático sobre cadeias de middleware em Express.js, essencial para tratar autenticação, logging e erros em um único pipeline de requisição.",Backend
Balanceadores de carga na nuvem: distribuição de tráfego globalmente,"Conceitos-chave por trás de distribuição de tráfego globalmente em balanceadores de carga na nuvem, relevantes para rotear usuários para a região saudável mais próxima.",Cloud
Um guia prático de views declarativas do SwiftUI,"Conceitos-chave por trás de views declarativas do SwiftUI em Swift, relevantes para construir interfaces iOS com menos código imperativo do UIKit.",Mobile
NoSQL vs SQL: escolha do modelo de dados certo,"Como NoSQL vs SQL lida com escolha do modelo de dados certo, útil para decidir entre bancos de dados relacionais e de documentos.",Databases
Conceitos de imutabilidade de infraestrutura,Por que desmontar e reconstruir servidores na nuvem é mais seguro do que atualizar máquinas virtuais de vida longa.,DevOps
Por que playbooks idempotentes importa em Ansible,"Notas práticas sobre playbooks idempotentes usando Ansible, com o objetivo de aplicar mudanças de configuração com segurança várias vezes.",DevOps
Primeiros passos com Pandas,"Uma visão geral de agregações com groupby em Pandas, com foco em resumir grandes datasets por categoria rapidamente.",Data Science
Por que goroutines importa em Go,"Como Go lida com goroutines, útil para executar tarefas concorrentes leves usando channels para sincronização.",Backend
Primeiros passos com skeleton screens,"Notas práticas sobre desempenho percebido usando skeleton screens, com o objetivo de mostrar conteúdo provisório enquanto os dados ainda carregam.",Frontend
Controllers do NestJS,"Criando handlers de requisições recebidas com controllers do NestJS. Usando decorators como @Get, @Post e implementando validação de requisições com pipes.",Backend
AWS a fundo: auto scaling do EC2,Explorando auto scaling do EC2 com AWS como uma forma de ajustar a capacidade computacional automaticamente conforme a demanda.,Cloud
Primeiros passos com MongoDB,"Notas práticas sobre design de schema usando MongoDB, com o objetivo de modelar documentos para dados flexíveis e em evolução.",Databases
Um guia prático de grupos de recursos,"Um olhar prático sobre grupos de recursos em Azure, essencial para organizar recursos de nuvem relacionados para facilitar o gerenciamento.",Cloud
Um guia prático de logging centralizado,"Um olhar prático sobre logging centralizado em ELK Stack, essencial para agregar logs de vários serviços em um só lugar.",DevOps
Boas práticas de dashboards no Grafana,"Projetando dashboards claros e acionáveis no Grafana para monitorar CPU, memória e latências de API do servidor.",DevOps
Framework web Axum do Rust,Construindo serviços de backend ultrarrápidos e type-safe em Rust usando o framework web Axum e o runtime Tokio.,Backend
Entendendo requisitos de residência de dados em conformidade na nuvem,"Um olhar prático sobre requisitos de residência de dados em conformidade na nuvem, essencial para manter dados dentro dos limites geográficos exigidos.",Cloud
Primeiros passos com normalização de banco de dados,"Um olhar prático sobre redução de redundância em normalização de banco de dados, essencial para organizar tabelas para evitar dados duplicados.",Databases
Por que validação cruzada importa em scikit-learn,"Uma visão geral de validação cruzada em scikit-learn, com foco em obter uma estimativa mais confiável do desempenho do modelo.",Data Science
MySQL a fundo: otimização de consultas,"Como MySQL lida com otimização de consultas, útil para reescrever consultas lentas usando planos do EXPLAIN.",Databases
Estratégias de ingestão incremental,Construindo pipelines que carregam apenas dados novos ou modificados usando timestamps de high-watermark.,Data Engineering
Android App Bundles (AAB),Por que o Google Play exige Android App Bundles em vez de APKs brutos para entrega dinâmica e otimização do tamanho do app.,Mobile
Suporte a localizações no Flutter,"Configurando suporte a múltiplos idiomas no Flutter usando arquivos arb, localizationsDelegates e ferramentas de geração.",Mobile
Por que modelos ARIMA importa em previsão de séries temporais,"Conceitos-chave por trás de modelos ARIMA em previsão de séries temporais, relevantes para prever valores futuros com base em padrões históricos.",Data Science
Um guia prático de filtragem colaborativa,"Uma visão geral de filtragem colaborativa em sistemas de recomendação, com foco em sugerir itens com base em comportamentos de usuários semelhantes.",Data Science
Práticas de SRE a fundo: error budgets,"Conceitos-chave por trás de error budgets em práticas de SRE, relevantes para equilibrar trabalho de confiabilidade e velocidade de entrega de features.",DevOps
Primeiros passos com design systems,Explorando bibliotecas de componentes com design systems como uma forma de manter consistência visual entre equipes de produto grandes.,Frontend
Entendendo Plotly Dash em dashboards de visualização de dados,"Conceitos-chave por trás de Plotly Dash em dashboards de visualização de dados, relevantes para construir ferramentas exploratórias interativas para stakeholders.",Data Science
Data warehouses: arquitetura snowflake,"Um olhar prático sobre arquitetura snowflake em data warehouses, essencial para separar armazenamento e computação em cargas de trabalho analíticas.",Data Engineering
Boas práticas de Grafana para regras de alerta,"Conceitos-chave por trás de regras de alerta em Grafana, relevantes para notificar equipes automaticamente quando métricas ultrapassam limites.",DevOps
Desempenho mobile a fundo: redução do tempo de inicialização do app,"Como desempenho mobile lida com redução do tempo de inicialização do app, útil para melhorar a primeira impressão que os usuários têm de um app.",Mobile
Ingress Controllers no Kubernetes,Configurando Nginx ou Traefik Ingress para gerenciar regras de roteamento e terminação SSL/TLS na borda do cluster.,DevOps
Um guia prático de particionamento por faixa (range),"Notas práticas sobre particionamento por faixa (range) usando particionamento de banco de dados, com o objetivo de dividir tabelas grandes por data ou outra chave.",Databases
Onboarding de app: experiência de primeiro uso,Explorando experiência de primeiro uso com onboarding de app como uma forma de guiar novos usuários pelas funcionalidades principais.,Mobile
Ícones SVG a fundo: gráficos vetoriais inline,"Notas práticas sobre gráficos vetoriais inline usando ícones SVG, com o objetivo de manter ícones nítidos em qualquer resolução de tela.",Frontend
Catalogação de dados a fundo: gerenciamento de metadados,"Como catalogação de dados lida com gerenciamento de metadados, útil para tornar datasets descobríveis em toda a organização.",Data Engineering
Entendendo pipelines declarativos em Jenkins,"Notas práticas sobre pipelines declarativos usando Jenkins, com o objetivo de definir etapas de build e deploy como código.",DevOps
Por que hot module replacement importa em Vite,"Notas práticas sobre hot module replacement usando Vite, com o objetivo de refletir mudanças de código instantaneamente sem recarregar a página.",Frontend
Entendendo reutilização de conexões de banco de dados em pool de conexões,"Como pool de conexões lida com reutilização de conexões de banco de dados, útil para reduzir overhead em aplicações de alto tráfego.",Databases
Primeiros passos com recuperação de desastres na nuvem,"Como recuperação de desastres na nuvem lida com failover multi-região, útil para manter sistemas disponíveis durante uma falha regional.",Cloud
Primeiros passos com catalogação de dados,"Um olhar prático sobre gerenciamento de metadados em catalogação de dados, essencial para tornar datasets descobríveis em toda a organização.",Data Engineering
Primeiros passos com AWS,Explorando auto scaling do EC2 com AWS como uma forma de ajustar a capacidade computacional automaticamente conforme a demanda.,Cloud
Entendendo segurança em nível de linha em segurança de banco de dados,"Como segurança de banco de dados lida com segurança em nível de linha, útil para restringir quais linhas um usuário pode acessar.",Databases
Boas práticas de NoSQL vs SQL para escolha do modelo de dados certo,"Um olhar prático sobre escolha do modelo de dados certo em NoSQL vs SQL, essencial para decidir entre bancos de dados relacionais e de documentos.",Databases
Por que bibliotecas de componentes importa em design systems,Explorando bibliotecas de componentes com design systems como uma forma de manter consistência visual entre equipes de produto grandes.,Frontend
Backups de banco de dados a fundo: recuperação point-in-time,"Notas práticas sobre recuperação point-in-time usando backups de banco de dados, com o objetivo de restaurar dados a um momento específico após perda de dados.",Databases
Primeiros passos com PyTorch,"Um olhar prático sobre construção de redes neurais em PyTorch, essencial para definir camadas e loops de treino personalizados do zero.",Data Science
Otimização de custos na nuvem a fundo: instâncias reservadas,Explorando instâncias reservadas com otimização de custos na nuvem como uma forma de reduzir custos de computação com compromissos de longo prazo.,Cloud
Por que star schema vs snowflake schema importa em modelagem de dados,"Notas práticas sobre star schema vs snowflake schema usando modelagem de dados, com o objetivo de estruturar um warehouse para análises eficientes.",Data Engineering
Progressive Web Apps: service workers,"Conceitos-chave por trás de service workers em Progressive Web Apps, relevantes para habilitar acesso offline e sincronização em segundo plano no navegador.",Frontend
Um guia prático de análise reproduzível,"Uma visão geral de análise reproduzível em notebooks Jupyter, com foco em documentar todo o fluxo de exploração dos dados.",Data Science
Entendendo políticas de controle de acesso em governança de dados,"Como governança de dados lida com políticas de controle de acesso, útil para controlar quem pode ver ou modificar datasets sensíveis.",Data Engineering
Deep linking: universal links,"Um olhar prático sobre universal links em deep linking, essencial para abrir uma tela específica de um app diretamente a partir de uma URL.",Mobile
Desempenho web a fundo: lazy loading de imagens,"Um olhar prático sobre lazy loading de imagens em desempenho web, essencial para reduzir o peso inicial da página para carregar mais rápido.",Frontend
Boas práticas de transfer learning para fine-tuning de modelos pré-treinados,"Uma visão geral de fine-tuning de modelos pré-treinados em transfer learning, com foco em adaptar modelos grandes a uma nova tarefa com menos dados.",Data Science
Boas práticas de modelagem de dados para star schema vs snowflake schema,"Uma visão geral de star schema vs snowflake schema em modelagem de dados, com foco em estruturar um warehouse para análises eficientes.",Data Engineering
Matplotlib: customização de gráficos,"Conceitos-chave por trás de customização de gráficos em Matplotlib, relevantes para comunicar insights com clareza por meio de visualizações.",Data Science
Entendendo métricas customizadas em Prometheus,Explorando métricas customizadas com Prometheus como uma forma de monitorar indicadores de saúde específicos da aplicação.,DevOps
Primeiros passos com clustering,"Notas práticas sobre K-means usando clustering, com o objetivo de agrupar pontos de dados semelhantes sem exemplos rotulados.",Data Science
Por que gerenciamento de tráfego com Istio importa em service mesh,"Um olhar prático sobre gerenciamento de tráfego com Istio em service mesh, essencial para controlar a comunicação entre microsserviços.",DevOps
Concorrência em Go com Channels,"Como gerenciar execução concorrente em Go usando goroutines e channels de comunicação com segurança, sem data races.",Backend
Primeiros passos com gerenciamento de estado multiplataforma,"Um olhar prático sobre Provider e Riverpod em gerenciamento de estado multiplataforma, essencial para compartilhar o estado do app entre widgets Flutter de forma limpa.",Mobile
Boas práticas de Progressive Web Apps para service workers,"Como Progressive Web Apps lida com service workers, útil para habilitar acesso offline e sincronização em segundo plano no navegador.",Frontend
Cassandra: armazenamento wide-column,Explorando armazenamento wide-column com Cassandra como uma forma de lidar com throughput massivo de escrita entre nós distribuídos.,Databases
Boas práticas de armazenamento em nuvem para camadas de armazenamento frio vs quente,"Um olhar prático sobre camadas de armazenamento frio vs quente em armazenamento em nuvem, essencial para equilibrar custo e velocidade de recuperação de dados armazenados.",Cloud
Entendendo module federation em micro frontends,"Notas práticas sobre module federation usando micro frontends, com o objetivo de permitir que equipes independentes publiquem partes da mesma aplicação web.",Frontend
Azure: grupos de recursos,"Notas práticas sobre grupos de recursos usando Azure, com o objetivo de organizar recursos de nuvem relacionados para facilitar o gerenciamento.",Cloud
Prometheus a fundo: métricas customizadas,"Como Prometheus lida com métricas customizadas, útil para monitorar indicadores de saúde específicos da aplicação.",DevOps
Boas práticas de GitLab CI para cache de pipeline,Explorando cache de pipeline com GitLab CI como uma forma de acelerar builds reutilizando dependências entre execuções.,DevOps
Entendendo análise reproduzível em notebooks Jupyter,"Como notebooks Jupyter lida com análise reproduzível, útil para documentar todo o fluxo de exploração dos dados.",Data Science
Ingestão de dados: tratamento de schema drift,"Uma visão geral de tratamento de schema drift em ingestão de dados, com foco em adaptar pipelines quando a estrutura dos dados de origem muda.",Data Engineering
Um guia prático de validação cruzada,"Um olhar prático sobre validação cruzada em scikit-learn, essencial para obter uma estimativa mais confiável do desempenho do modelo.",Data Science
Boas práticas de compras no aplicativo para StoreKit e biblioteca de billing,"Conceitos-chave por trás de StoreKit e biblioteca de billing em compras no aplicativo, relevantes para implementar assinaturas e compras únicas.",Mobile
Um guia prático de service workers,Explorando service workers com Progressive Web Apps como uma forma de habilitar acesso offline e sincronização em segundo plano no navegador.,Frontend
Estratégia multi-cloud a fundo: evitar vendor lock-in,"Conceitos-chave por trás de evitar vendor lock-in em estratégia multi-cloud, relevantes para projetar sistemas portáveis entre provedores de nuvem.",Cloud
Entendendo importância de features em Random Forest,Explorando importância de features com Random Forest como uma forma de entender quais variáveis influenciam as previsões de um modelo.,Data Science
Entendendo streaming de eventos em Apache Kafka,"Conceitos-chave por trás de streaming de eventos em Apache Kafka, relevantes para mover dados entre sistemas em tempo real.",Data Engineering
Um guia prático de matrizes de confusão,"Um olhar prático sobre matrizes de confusão em avaliação de modelos, essencial para entender os tipos de erro que um classificador comete.",Data Science
Um guia prático de políticas de ciclo de vida de armazenamento de objetos,"Um olhar prático sobre políticas de ciclo de vida de armazenamento de objetos em Amazon S3, essencial para arquivar automaticamente dados antigos em camadas de armazenamento mais baratas.",Cloud
Serviços de Kubernetes gerenciado na nuvem,Implantando aplicações em containers facilmente usando o Oracle Container Engine for Kubernetes (OKE) ou o AWS EKS.,Cloud
Por que latência de cold start importa em arquiteturas serverless,Explorando latência de cold start com arquiteturas serverless como uma forma de entender as vantagens e desvantagens da computação por uso.,Cloud
Progressive Web Apps a fundo: service workers,"Como Progressive Web Apps lida com service workers, útil para habilitar acesso offline e sincronização em segundo plano no navegador.",Frontend
Armazenamento em nuvem a fundo: camadas de armazenamento frio vs quente,"Conceitos-chave por trás de camadas de armazenamento frio vs quente em armazenamento em nuvem, relevantes para equilibrar custo e velocidade de recuperação de dados armazenados.",Cloud
Suporte offline em mobile: estratégias de cache local,"Uma visão geral de estratégias de cache local em suporte offline em mobile, com foco em manter o app utilizável sem conexão com a internet.",Mobile
Entendendo roteamento de requisições em API gateways,"Notas práticas sobre roteamento de requisições usando API gateways, com o objetivo de centralizar autenticação e throttling para microsserviços.",Backend
Google Play a fundo: rollouts em etapas,"Uma visão geral de rollouts em etapas em Google Play, com foco em liberar uma atualização para um pequeno percentual de usuários primeiro.",Mobile
Por que o problema de consultas N+1 importa em ORMs,"Como ORMs lida com o problema de consultas N+1, útil para evitar idas e vindas excessivas ao banco de dados causadas por lazy loading.",Databases
Ajuste de pool de conexões (HikariCP),"Otimizando minimumIdle, maximumPoolSize e idleTimeout em bancos de dados backend Java de alta carga.",Databases
Backups de banco de dados: recuperação point-in-time,"Uma visão geral de recuperação point-in-time em backups de banco de dados, com foco em restaurar dados a um momento específico após perda de dados.",Databases
Dbt: transformação de dados como código,"Como dbt lida com transformação de dados como código, útil para aplicar práticas de engenharia de software a modelos SQL.",Data Engineering
Redis a fundo: estruturas de dados,"Um olhar prático sobre estruturas de dados em Redis, essencial para usar sorted sets e hashes além do simples cache chave-valor.",Databases
Primeiros passos com autenticação biométrica,Explorando APIs de Face ID e impressão digital com autenticação biométrica como uma forma de permitir que usuários façam login com segurança sem digitar senha.,Mobile
Entendendo agendamento de tarefas em segundo plano em Celery,"Como Celery lida com agendamento de tarefas em segundo plano, útil para rodar jobs periódicos fora do processo web principal.",Backend
Entendendo tratamento de conexões instáveis em rede em mobile,"Conceitos-chave por trás de tratamento de conexões instáveis em rede em mobile, relevantes para reenviar requisições que falharam de forma adequada em redes mobile.",Mobile
Entendendo acesso de privilégio mínimo em IAM na nuvem,"Um olhar prático sobre acesso de privilégio mínimo em IAM na nuvem, essencial para conceder apenas as permissões que um recurso realmente precisa.",Cloud
Versionamento de API: compatibilidade retroativa,"Como versionamento de API lida com compatibilidade retroativa, útil para evitar breaking changes para consumidores existentes da API.",Backend
React Native a fundo: a arquitetura de bridge,"Como React Native lida com a arquitetura de bridge, útil para permitir que o JavaScript se comunique com módulos nativos iOS e Android.",Mobile
Boas práticas de bloqueio de banco de dados (locking) para prevenção de deadlocks,"Conceitos-chave por trás de prevenção de deadlocks em bloqueio de banco de dados (locking), relevantes para evitar transações que se bloqueiam indefinidamente.",Databases
Entendendo gatilhos orientados a eventos em funções em nuvem,"Notas práticas sobre gatilhos orientados a eventos usando funções em nuvem, com o objetivo de executar código automaticamente em resposta a eventos na nuvem.",Cloud
Modelagem de dados a fundo: star schema vs snowflake schema,"Conceitos-chave por trás de star schema vs snowflake schema em modelagem de dados, relevantes para estruturar um warehouse para análises eficientes.",Data Engineering
Um guia prático de Cloud Run,"Um olhar prático sobre Cloud Run em Google Cloud Platform, essencial para implantar apps em containers sem gerenciar infraestrutura.",Cloud
Entendendo regras de acesso de rede em grupos de segurança na nuvem,Explorando regras de acesso de rede com grupos de segurança na nuvem como uma forma de controlar tráfego de entrada e saída de recursos.,Cloud
Primeiros passos com segurança mobile,"Como segurança mobile lida com certificate pinning, útil para prevenir ataques man-in-the-middle em chamadas de API.",Mobile
Testes mobile: frameworks de automação de UI,"Uma visão geral de frameworks de automação de UI em testes mobile, com foco em rodar testes end-to-end em dispositivos reais e simuladores.",Mobile
Revisão da App Store: conformidade com diretrizes,"Um olhar prático sobre conformidade com diretrizes em revisão da App Store, essencial para evitar motivos comuns de rejeição antes do envio.",Mobile
Um guia prático de camadas de armazenamento frio vs quente,Explorando camadas de armazenamento frio vs quente com armazenamento em nuvem como uma forma de equilibrar custo e velocidade de recuperação de dados armazenados.,Cloud
Primeiros passos com revisão da App Store,"Uma visão geral de conformidade com diretrizes em revisão da App Store, com foco em evitar motivos comuns de rejeição antes do envio.",Mobile
Um guia prático de particionamento por data,"Notas práticas sobre particionamento por data usando particionamento de dados, com o objetivo de melhorar o desempenho de consultas em tabelas grandes de data lake.",Data Engineering
Locking de state no Terraform com DynamoDB,Prevenindo execuções concorrentes e corrupção de state em configurações de equipe no Terraform usando locking de state.,DevOps
Por que regras de validação importa em verificações de qualidade de dados,"Um olhar prático sobre regras de validação em verificações de qualidade de dados, essencial para detectar dados ruins antes que cheguem aos sistemas seguintes.",Data Engineering
Boas práticas de Apache Airflow para agendamento de DAGs,"Conceitos-chave por trás de agendamento de DAGs em Apache Airflow, relevantes para orquestrar tarefas dependentes de um pipeline de dados.",Data Engineering
Um guia prático de agregações em janelas (windowed),Explorando agregações em janelas (windowed) com processamento de streams como uma forma de calcular métricas sobre dados que chegam continuamente.,Data Engineering
Primeiros passos com acessibilidade (a11y),"Como acessibilidade (a11y) lida com atributos ARIA, útil para tornar widgets interativos utilizáveis com leitores de tela.",Frontend
Boas práticas de registries de containers para escaneamento de imagens,"Notas práticas sobre escaneamento de imagens usando registries de containers, com o objetivo de detectar vulnerabilidades antes de implantar um container.",DevOps
Entendendo construção de redes neurais em PyTorch,"Como PyTorch lida com construção de redes neurais, útil para definir camadas e loops de treino personalizados do zero.",Data Science
Message brokers a fundo: partições do Kafka,"Como message brokers lida com partições do Kafka, útil para escalar o consumo de eventos entre vários consumidores.",Data Engineering
Webpack: code splitting,"Notas práticas sobre code splitting usando Webpack, com o objetivo de carregar apenas o JavaScript que a página realmente precisa.",Frontend
Por que validação com Pydantic importa em FastAPI,"Uma visão geral de validação com Pydantic em FastAPI, com foco em impor schemas de requisição automaticamente com type hints.",Backend
Por que workflows reutilizáveis importa em GitHub Actions,"Um olhar prático sobre workflows reutilizáveis em GitHub Actions, essencial para compartilhar lógica de CI entre vários repositórios.",DevOps
Entendendo rastreamento de proveniência de dados em linhagem de dados,"Um olhar prático sobre rastreamento de proveniência de dados em linhagem de dados, essencial para entender de onde vieram os valores de um dataset.",Data Engineering
Primeiros passos com linhagem de dados,"Um olhar prático sobre rastreamento de proveniência de dados em linhagem de dados, essencial para entender de onde vieram os valores de um dataset.",Data Engineering
Notificações locais: agendamento de lembretes,"Um olhar prático sobre agendamento de lembretes em notificações locais, essencial para disparar alertas sem uma ida e volta ao servidor.",Mobile
Teste de carga: simulação de picos de tráfego,"Notas práticas sobre simulação de picos de tráfego usando teste de carga, com o objetivo de encontrar o ponto de ruptura de um sistema antes dos usuários.",DevOps
Entendendo índices invertidos em Elasticsearch,Explorando índices invertidos com Elasticsearch como uma forma de habilitar busca full-text rápida em grandes datasets.,Databases
Boas práticas de bancos de dados de grafo para relacionamentos no Neo4j,"Conceitos-chave por trás de relacionamentos no Neo4j em bancos de dados de grafo, relevantes para modelar dados altamente conectados, como redes sociais.",Databases
Boas práticas de layouts adaptativos para suporte a tablets e dobráveis,Explorando suporte a tablets e dobráveis com layouts adaptativos como uma forma de projetar UI que se ajusta a diferentes tamanhos de tela.,Mobile
Orquestração de dados a fundo: retries de tarefas e backoff,Explorando retries de tarefas e backoff com orquestração de dados como uma forma de lidar com falhas transitórias em pipelines agendados.,Data Engineering
Um guia prático de entrega progressiva,"Um olhar prático sobre entrega progressiva em feature flags, essencial para ativar e desativar features sem reimplantar código.",DevOps
Boas práticas de armazenamento de objetos para versionamento e imutabilidade,Explorando versionamento e imutabilidade com armazenamento de objetos como uma forma de proteger dados armazenados contra exclusão acidental.,Cloud
Primeiros passos com infraestrutura como código,"Um olhar prático sobre infraestrutura imutável em infraestrutura como código, essencial para substituir servidores em vez de atualizá-los no local.",DevOps
Redução de dimensionalidade com PCA,Como a Análise de Componentes Principais (PCA) reduz as dimensões de datasets altamente correlacionados.,Data Science
Seaborn a fundo: gráficos estatísticos,Explorando gráficos estatísticos com Seaborn como uma forma de visualizar distribuições e relações entre variáveis.,Data Science
Entendendo conexões site a site em VPN na nuvem,"Conceitos-chave por trás de conexões site a site em VPN na nuvem, relevantes para conectar com segurança redes on-premises à nuvem.",Cloud
Por que cache na borda (edge) importa em redes de entrega de conteúdo (CDN),"Como redes de entrega de conteúdo (CDN) lida com cache na borda (edge), útil para servir conteúdo a partir de locais mais próximos dos usuários finais.",Cloud
Por que resolvers importa em GraphQL,"Notas práticas sobre resolvers usando GraphQL, com o objetivo de buscar apenas os campos que o cliente pede explicitamente.",Backend
Boas práticas de catalogação de dados para gerenciamento de metadados,"Notas práticas sobre gerenciamento de metadados usando catalogação de dados, com o objetivo de tornar datasets descobríveis em toda a organização.",Data Engineering
Entendendo streaming de mudanças de banco de dados em Change Data Capture,"Notas práticas sobre streaming de mudanças de banco de dados usando Change Data Capture, com o objetivo de propagar atualizações para outros sistemas em tempo real.",Databases
Boas práticas de Docker para builds multi-stage,"Um olhar prático sobre builds multi-stage em Docker, essencial para manter imagens de container pequenas e prontas para produção.",DevOps
Por que testes de componentes centrados no usuário importa em Testing Library,Explorando testes de componentes centrados no usuário com Testing Library como uma forma de testar a UI da forma como um usuário real interagiria com ela.,Frontend
Entendendo resultados de consulta pré-computados em views materializadas,"Conceitos-chave por trás de resultados de consulta pré-computados em views materializadas, relevantes para acelerar consultas agregadas custosas.",Databases
Validação de formulários a fundo: validadores baseados em schema,"Conceitos-chave por trás de validadores baseados em schema em validação de formulários, relevantes para manter regras de validação consistentes entre campos.",Frontend
Um guia prático de virtual private clouds (VPCs),"Conceitos-chave por trás de virtual private clouds (VPCs) em rede na nuvem, relevantes para isolar recursos de nuvem dentro de uma rede privada.",Cloud
Modelos de replicação de armazenamento na nuvem,Configurando armazenamento geo-redundante (GRS) e replicação local para alta disponibilidade de buckets na nuvem.,Cloud
Flutter: a árvore de widgets,"Como Flutter lida com a árvore de widgets, útil para construir UIs multiplataforma a partir de uma única base de código Dart.",Mobile
Um guia prático de styled-components,"Notas práticas sobre styled-components usando CSS-in-JS, com o objetivo de restringir estilos diretamente a componentes React individuais.",Frontend
OCI Autonomous Data Warehouse (ADW),Provisionando e escalando data warehouses autogerenciados e autosseguros na Oracle Cloud Infrastructure.,Cloud
Boas práticas de auto scaling para escalonamento baseado em métricas customizadas,"Como auto scaling lida com escalonamento baseado em métricas customizadas, útil para reagir a sinais de carga específicos da aplicação.",Cloud
Por que agendamento de DAGs importa em Apache Airflow,"Conceitos-chave por trás de agendamento de DAGs em Apache Airflow, relevantes para orquestrar tarefas dependentes de um pipeline de dados.",Data Engineering
Entendendo releases sem downtime em deploys blue-green,Explorando releases sem downtime com deploys blue-green como uma forma de alternar tráfego entre dois ambientes idênticos.,DevOps
Boas práticas de infraestrutura como código para infraestrutura imutável,"Conceitos-chave por trás de infraestrutura imutável em infraestrutura como código, relevantes para substituir servidores em vez de atualizá-los no local.",DevOps
Processamento em lote a fundo: jobs de dados agendados,"Conceitos-chave por trás de jobs de dados agendados em processamento em lote, relevantes para rodar grandes transformações em um cronograma fixo.",Data Engineering
Boas práticas de resposta a incidentes para runbooks,"Uma visão geral de runbooks em resposta a incidentes, com foco em documentar passos para resolver problemas comuns de produção.",DevOps
Change Data Capture a fundo: Debezium,"Notas práticas sobre Debezium usando Change Data Capture, com o objetivo de capturar mudanças em nível de linha a partir de um banco de dados de origem.",Data Engineering
Migrações de banco de dados a fundo: mudanças versionadas de schema,Explorando mudanças versionadas de schema com migrações de banco de dados como uma forma de evoluir o schema de um banco de dados com segurança ao longo do tempo.,Databases
VPN na nuvem a fundo: conexões site a site,Explorando conexões site a site com VPN na nuvem como uma forma de conectar com segurança redes on-premises à nuvem.,Cloud
Primeiros passos com grupos de segurança na nuvem,"Como grupos de segurança na nuvem lida com regras de acesso de rede, útil para controlar tráfego de entrada e saída de recursos.",Cloud
Boas práticas de Next.js para renderização no servidor (SSR),"Uma visão geral de renderização no servidor (SSR) em Next.js, com foco em melhorar o tempo de primeira renderização e o SEO de apps React.",Frontend
Por que cold starts importa em funções serverless,"Como funções serverless lida com cold starts, útil para reduzir a latência de endpoints de backend pouco chamados.",Backend
Kubernetes a fundo: rolling updates,"Uma visão geral de rolling updates em Kubernetes, com foco em implantar novas versões sem downtime.",DevOps
Por que gatilhos orientados a eventos importa em funções em nuvem,"Conceitos-chave por trás de gatilhos orientados a eventos em funções em nuvem, relevantes para executar código automaticamente em resposta a eventos na nuvem.",Cloud
Por que gráficos estatísticos importa em Seaborn,"Uma visão geral de gráficos estatísticos em Seaborn, com foco em visualizar distribuições e relações entre variáveis.",Data Science
Grupos de segurança na nuvem: regras de acesso de rede,Explorando regras de acesso de rede com grupos de segurança na nuvem como uma forma de controlar tráfego de entrada e saída de recursos.,Cloud
Boas práticas de feature flags para entrega progressiva,"Como feature flags lida com entrega progressiva, útil para ativar e desativar features sem reimplantar código.",DevOps
Boas práticas de funções em nuvem para gatilhos orientados a eventos,Explorando gatilhos orientados a eventos com funções em nuvem como uma forma de executar código automaticamente em resposta a eventos na nuvem.,Cloud
Primeiros passos com Delta Lake,"Como Delta Lake lida com transações ACID em data lakes, útil para adicionar confiabilidade a armazenamento de dados em larga escala.",Data Engineering
Um guia prático de o algoritmo token bucket,Explorando o algoritmo token bucket com rate limiting como uma forma de proteger uma API contra abuso e picos de tráfego.,Backend
Boas práticas de integração com a câmera para captura e processamento de fotos,"Um olhar prático sobre captura e processamento de fotos em integração com a câmera, essencial para adicionar recursos de captura de foto a um app mobile.",Mobile
Sharding de banco de dados: particionamento horizontal,"Notas práticas sobre particionamento horizontal usando sharding de banco de dados, com o objetivo de dividir uma tabela grande entre vários servidores.",Databases
Testing Library a fundo: testes de componentes centrados no usuário,"Como Testing Library lida com testes de componentes centrados no usuário, útil para testar a UI da forma como um usuário real interagiria com ela.",Frontend
Boas práticas de acessibilidade (a11y) para atributos ARIA,"Conceitos-chave por trás de atributos ARIA em acessibilidade (a11y), relevantes para tornar widgets interativos utilizáveis com leitores de tela.",Frontend
Boas práticas de replicação para réplicas de leitura,"Notas práticas sobre réplicas de leitura usando replicação, com o objetivo de escalar cargas de trabalho intensivas em leitura entre várias cópias do banco de dados.",Databases
Helm charts a fundo: templates de manifests do Kubernetes,"Notas práticas sobre templates de manifests do Kubernetes usando Helm charts, com o objetivo de reutilizar configuração entre ambientes.",DevOps
Por que conexão entre on-premises e nuvem importa em nuvem híbrida,"Como nuvem híbrida lida com conexão entre on-premises e nuvem, útil para estender infraestrutura existente para a nuvem.",Cloud
Por que gerenciamento de metadados importa em catalogação de dados,"Uma visão geral de gerenciamento de metadados em catalogação de dados, com foco em tornar datasets descobríveis em toda a organização.",Data Engineering
Por que distribuições a priori e a posteriori importa em inferência bayesiana,Explorando distribuições a priori e a posteriori com inferência bayesiana como uma forma de atualizar crenças sobre um parâmetro à medida que os dados chegam.,Data Science
OAuth2 a fundo: fluxos de autorização,"Notas práticas sobre fluxos de autorização usando OAuth2, com o objetivo de delegar acesso sem compartilhar a senha do usuário com terceiros.",Backend
Entendendo processamento de dados distribuído em Apache Spark,"Notas práticas sobre processamento de dados distribuído usando Apache Spark, com o objetivo de transformar grandes datasets em um cluster.",Data Engineering
Boas práticas de otimização de custos na nuvem para instâncias reservadas,"Como otimização de custos na nuvem lida com instâncias reservadas, útil para reduzir custos de computação com compromissos de longo prazo.",Cloud
Normalização de banco de dados a fundo: redução de redundância,"Uma visão geral de redução de redundância em normalização de banco de dados, com foco em organizar tabelas para evitar dados duplicados.",Databases
API gateways a fundo: roteamento de requisições,"Um olhar prático sobre roteamento de requisições em API gateways, essencial para centralizar autenticação e throttling para microsserviços.",Backend
Entendendo cache na borda (edge) em redes de entrega de conteúdo (CDN),"Notas práticas sobre cache na borda (edge) usando redes de entrega de conteúdo (CDN), com o objetivo de servir conteúdo a partir de locais mais próximos dos usuários finais.",Cloud
Por que gerenciamento de estado leve importa em Zustand,Explorando gerenciamento de estado leve com Zustand como uma forma de evitar boilerplate comparado às tradicionais stores do Redux.,Frontend
Primeiros passos com Ruby on Rails,"Notas práticas sobre callbacks do Active Record usando Ruby on Rails, com o objetivo de executar lógica customizada antes ou depois de salvar um registro.",Backend
Primeiros passos com Swift,"Conceitos-chave por trás de views declarativas do SwiftUI em Swift, relevantes para construir interfaces iOS com menos código imperativo do UIKit.",Mobile
Boas práticas de modo escuro para propriedades customizadas do CSS,"Conceitos-chave por trás de propriedades customizadas do CSS em modo escuro, relevantes para trocar temas de cor sem duplicar folhas de estilo.",Frontend
Django REST Framework: construção de serializers,"Uma visão geral de construção de serializers em Django REST Framework, com foco em converter querysets complexos em JSON para respostas de API.",Backend
Conformidade na nuvem: requisitos de residência de dados,Explorando requisitos de residência de dados com conformidade na nuvem como uma forma de manter dados dentro dos limites geográficos exigidos.,Cloud
Containers de injeção de dependência: inversão de controle,"Conceitos-chave por trás de inversão de controle em containers de injeção de dependência, relevantes para trocar implementações sem alterar o código que as chama.",Backend
Um guia prático de regras de validação,"Como verificações de qualidade de dados lida com regras de validação, útil para detectar dados ruins antes que cheguem aos sistemas seguintes.",Data Engineering
SQLite em mobile a fundo: biblioteca de persistência Room,"Um olhar prático sobre biblioteca de persistência Room em SQLite em mobile, essencial para armazenar dados estruturados localmente em dispositivos Android.",Mobile
Entendendo validadores baseados em schema em validação de formulários,"Um olhar prático sobre validadores baseados em schema em validação de formulários, essencial para manter regras de validação consistentes entre campos.",Frontend
Entendendo particionamento por faixa (range) em particionamento de banco de dados,"Notas práticas sobre particionamento por faixa (range) usando particionamento de banco de dados, com o objetivo de dividir tabelas grandes por data ou outra chave.",Databases
Notebooks Jupyter: análise reproduzível,Explorando análise reproduzível com notebooks Jupyter como uma forma de documentar todo o fluxo de exploração dos dados.,Data Science
Word embeddings a fundo: Word2Vec e GloVe,"Um olhar prático sobre Word2Vec e GloVe em word embeddings, essencial para representar palavras como vetores densos que capturam significado.",Data Science
Um guia prático de rastreamento de proveniência de dados,"Notas práticas sobre rastreamento de proveniência de dados usando linhagem de dados, com o objetivo de entender de onde vieram os valores de um dataset.",Data Engineering
Primeiros passos com notebooks Jupyter,"Uma visão geral de análise reproduzível em notebooks Jupyter, com foco em documentar todo o fluxo de exploração dos dados.",Data Science
Entendendo matrizes de confusão em avaliação de modelos,"Conceitos-chave por trás de matrizes de confusão em avaliação de modelos, relevantes para entender os tipos de erro que um classificador comete.",Data Science
Entendendo APIs de Face ID e impressão digital em autenticação biométrica,Explorando APIs de Face ID e impressão digital com autenticação biométrica como uma forma de permitir que usuários façam login com segurança sem digitar senha.,Mobile
Cassandra a fundo: armazenamento wide-column,"Um olhar prático sobre armazenamento wide-column em Cassandra, essencial para lidar com throughput massivo de escrita entre nós distribuídos.",Databases
Boas práticas de gerenciamento de segredos para HashiCorp Vault,"Como gerenciamento de segredos lida com HashiCorp Vault, útil para armazenar credenciais com segurança em vez de texto puro.",DevOps
Um guia prático de rollouts em etapas,Explorando rollouts em etapas com Google Play como uma forma de liberar uma atualização para um pequeno percentual de usuários primeiro.,Mobile
Primeiros passos com modelagem de dados,"Conceitos-chave por trás de star schema vs snowflake schema em modelagem de dados, relevantes para estruturar um warehouse para análises eficientes.",Data Engineering
Entendendo partições do Kafka em message brokers,"Uma visão geral de partições do Kafka em message brokers, com foco em escalar o consumo de eventos entre vários consumidores.",Data Engineering
Por que inputs controlados vs não controlados importa em tratamento de formulários,"Como tratamento de formulários lida com inputs controlados vs não controlados, útil para decidir como gerenciar o estado de formulários no React.",Frontend
Entendendo escalonamento baseado em métricas customizadas em auto scaling,"Conceitos-chave por trás de escalonamento baseado em métricas customizadas em auto scaling, relevantes para reagir a sinais de carga específicos da aplicação.",Cloud
Avaliação de modelos: matrizes de confusão,Explorando matrizes de confusão com avaliação de modelos como uma forma de entender os tipos de erro que um classificador comete.,Data Science
Por que a Composition API importa em Vue.js,"Como Vue.js lida com a Composition API, útil para organizar a lógica de componentes por funcionalidade em vez de por opção.",Frontend
Por que streaming de eventos importa em Apache Kafka,"Notas práticas sobre streaming de eventos usando Apache Kafka, com o objetivo de mover dados entre sistemas em tempo real.",Data Engineering
Um guia prático de construção de serializers,"Como Django REST Framework lida com construção de serializers, útil para converter querysets complexos em JSON para respostas de API.",Backend
Risco de segurança do Docker Socket,Por que montar o docker.sock dentro de containers é um risco de segurança e como protegê-lo.,DevOps
Entendendo VoiceOver e TalkBack em acessibilidade mobile,"Uma visão geral de VoiceOver e TalkBack em acessibilidade mobile, com foco em tornar apps utilizáveis para usuários com deficiência visual.",Mobile
Boas práticas de roteamento no cliente para navegação em single page applications,"Conceitos-chave por trás de navegação em single page applications em roteamento no cliente, relevantes para trocar de tela sem recarregar a página inteira.",Frontend
Entendendo alinhamento e distribuição em Flexbox,"Notas práticas sobre alinhamento e distribuição usando Flexbox, com o objetivo de construir barras de navegação e layouts de cards responsivos.",Frontend
Fluxo de Authorization Code do OAuth2,Protegendo aplicações backend ao implementar fluxos de autorização OAuth2 com PKCE para single page applications.,Backend
Um guia prático de latência de cold start,Explorando latência de cold start com arquiteturas serverless como uma forma de entender as vantagens e desvantagens da computação por uso.,Cloud
Boas práticas de Terraform para gerenciamento de estado,"Conceitos-chave por trás de gerenciamento de estado em Terraform, relevantes para rastrear mudanças de infraestrutura com segurança entre equipes.",DevOps
Um guia prático de simulação de picos de tráfego,"Notas práticas sobre simulação de picos de tráfego usando teste de carga, com o objetivo de encontrar o ponto de ruptura de um sistema antes dos usuários.",DevOps
Um guia prático de Largest Contentful Paint,Explorando Largest Contentful Paint com Web Vitals como uma forma de medir o desempenho de carregamento percebido por usuários reais.,Frontend
Profiling de performance no React Native,"Identificando quedas de frames por segundo (FPS), bloqueios longos na thread de JS e gargalos de renderização.",Mobile
Por que retries de tarefas e backoff importa em orquestração de dados,"Notas práticas sobre retries de tarefas e backoff usando orquestração de dados, com o objetivo de lidar com falhas transitórias em pipelines agendados.",Data Engineering
Primeiros passos com pipelines de CI/CD,"Um olhar prático sobre rollback automatizado em pipelines de CI/CD, essencial para reverter automaticamente um deploy ruim em caso de falha.",DevOps
Entendendo navegação em single page applications em roteamento no cliente,"Conceitos-chave por trás de navegação em single page applications em roteamento no cliente, relevantes para trocar de tela sem recarregar a página inteira.",Frontend
Um guia prático de o caminho crítico de renderização,"Notas práticas sobre o caminho crítico de renderização usando renderização no navegador, com o objetivo de entender como HTML, CSS e JS se transformam em pixels.",Frontend
Entendendo grid search vs random search em ajuste de hiperparâmetros,"Uma visão geral de grid search vs random search em ajuste de hiperparâmetros, com foco em encontrar sistematicamente a melhor configuração de modelo.",Data Science
Entendendo estreitamento de tipos (type narrowing) em TypeScript,"Conceitos-chave por trás de estreitamento de tipos (type narrowing) em TypeScript, relevantes para identificar incompatibilidades de prop e state antes da execução.",Frontend
Primeiros passos com Grafana,"Como Grafana lida com regras de alerta, útil para notificar equipes automaticamente quando métricas ultrapassam limites.",DevOps
GitHub Actions a fundo: workflows reutilizáveis,"Conceitos-chave por trás de workflows reutilizáveis em GitHub Actions, relevantes para compartilhar lógica de CI entre vários repositórios.",DevOps
Primeiros passos com backups de banco de dados,"Como backups de banco de dados lida com recuperação point-in-time, útil para restaurar dados a um momento específico após perda de dados.",Databases
Primeiros passos com word embeddings,"Conceitos-chave por trás de Word2Vec e GloVe em word embeddings, relevantes para representar palavras como vetores densos que capturam significado.",Data Science
Um guia prático de relacionamentos do Eloquent ORM,"Conceitos-chave por trás de relacionamentos do Eloquent ORM em Laravel, relevantes para modelar associações um-para-muitos e muitos-para-muitos entre tabelas.",Backend
Boas práticas de PostgreSQL para estratégias de indexação,"Notas práticas sobre estratégias de indexação usando PostgreSQL, com o objetivo de acelerar o desempenho de consultas em tabelas grandes.",Databases
Por que atributos ARIA importa em acessibilidade (a11y),Explorando atributos ARIA com acessibilidade (a11y) como uma forma de tornar widgets interativos utilizáveis com leitores de tela.,Frontend
Boas práticas de ORMs para o problema de consultas N+1,"Conceitos-chave por trás de o problema de consultas N+1 em ORMs, relevantes para evitar idas e vindas excessivas ao banco de dados causadas por lazy loading.",Databases
Svelte a fundo: reatividade compilada,Explorando reatividade compilada com Svelte como uma forma de atualizar o DOM sem uma etapa de diffing de DOM virtual.,Frontend
Drag and drop a fundo: a API HTML5 de Drag and Drop,"Como drag and drop lida com a API HTML5 de Drag and Drop, útil para construir listas ordenáveis e quadros kanban no navegador.",Frontend
Entendendo transformação de dados como código em dbt,Explorando transformação de dados como código com dbt como uma forma de aplicar práticas de engenharia de software a modelos SQL.,Data Engineering
Um guia prático de processamento de dados distribuído,"Conceitos-chave por trás de processamento de dados distribuído em Apache Spark, relevantes para transformar grandes datasets em um cluster.",Data Engineering
Provisioning Profiles no iOS,"Entendendo assinatura de código, provisioning profiles, app IDs e certificados de desenvolvimento no Xcode.",Mobile
Entendendo blueprints em Flask,"Conceitos-chave por trás de blueprints em Flask, relevantes para organizar aplicações grandes em componentes modulares e reutilizáveis.",Backend
Viés e equidade de modelos em IA,Identificando e mitigando o viés algorítmico em datasets de machine learning e no treino de modelos.,Data Science
Conformidade na nuvem a fundo: requisitos de residência de dados,Explorando requisitos de residência de dados com conformidade na nuvem como uma forma de manter dados dentro dos limites geográficos exigidos.,Cloud
Blackbox Exporter do Prometheus,Sondando endpoints HTTP externamente com o Prometheus Blackbox Exporter para acompanhar uptime e tempos de resposta.,DevOps
Boas práticas de Delta Lake para transações ACID em data lakes,"Uma visão geral de transações ACID em data lakes em Delta Lake, com foco em adicionar confiabilidade a armazenamento de dados em larga escala.",Data Engineering
Orquestração de containers: probes de readiness e liveness,"Como orquestração de containers lida com probes de readiness e liveness, útil para informar ao Kubernetes quando um pod está saudável.",DevOps
Um guia prático de extract-transform-load (ETL),"Como pipelines ETL lida com extract-transform-load (ETL), útil para transformar dados brutos em um formato limpo e consultável.",Data Engineering
Um guia prático de padrões PSR,Explorando padrões PSR com PHP como uma forma de manter bases de código de backend interoperáveis entre frameworks.,Backend
GitHub Actions: workflows reutilizáveis,Explorando workflows reutilizáveis com GitHub Actions como uma forma de compartilhar lógica de CI entre vários repositórios.,DevOps
Boas práticas de orquestração de dados para retries de tarefas e backoff,"Um olhar prático sobre retries de tarefas e backoff em orquestração de dados, essencial para lidar com falhas transitórias em pipelines agendados.",Data Engineering
Primeiros passos com bancos de dados em nuvem,"Conceitos-chave por trás de serviços de banco de dados gerenciados em bancos de dados em nuvem, relevantes para delegar backups e atualizações ao provedor de nuvem.",Cloud
Boas práticas de arquiteturas serverless para latência de cold start,"Como arquiteturas serverless lida com latência de cold start, útil para entender as vantagens e desvantagens da computação por uso.",Cloud
Um guia prático de bibliotecas de i18n,"Uma visão geral de bibliotecas de i18n em internacionalização, com foco em traduzir textos de UI e formatar datas por localidade.",Frontend
Entendendo logging centralizado em ELK Stack,"Uma visão geral de logging centralizado em ELK Stack, com foco em agregar logs de vários serviços em um só lugar.",DevOps
Entendendo gradient boosting em XGBoost,"Um olhar prático sobre gradient boosting em XGBoost, essencial para combinar modelos fracos em um modelo preditivo forte.",Data Science
Por que Firebase Cloud Messaging importa em notificações push,"Conceitos-chave por trás de Firebase Cloud Messaging em notificações push, relevantes para reengajar usuários mesmo com o app fechado.",Mobile
Regularização a fundo: penalidades L1 e L2,"Notas práticas sobre penalidades L1 e L2 usando regularização, com o objetivo de evitar que um modelo sofra overfitting nos dados de treino.",Data Science
Boas práticas de API gateways para roteamento de requisições,"Uma visão geral de roteamento de requisições em API gateways, com foco em centralizar autenticação e throttling para microsserviços.",Backend
Boas práticas de NestJS para decorators customizados,"Uma visão geral de decorators customizados em NestJS, com foco em encapsular lógica repetida de tratamento de requisições.",Backend
IAM na nuvem: acesso de privilégio mínimo,"Uma visão geral de acesso de privilégio mínimo em IAM na nuvem, com foco em conceder apenas as permissões que um recurso realmente precisa.",Cloud
Grupos de auto scaling a fundo: políticas de escalonamento,"Um olhar prático sobre políticas de escalonamento em grupos de auto scaling, essencial para adicionar ou remover instâncias conforme a demanda.",DevOps
Boas práticas de onboarding de app para experiência de primeiro uso,"Uma visão geral de experiência de primeiro uso em onboarding de app, com foco em guiar novos usuários pelas funcionalidades principais.",Mobile
Um guia prático de o event loop,"Uma visão geral de o event loop em Node.js, com foco em lidar com milhares de conexões simultâneas sem bloquear threads.",Backend
Kubernetes a fundo: autoscaling horizontal de pods,"Um olhar prático sobre autoscaling horizontal de pods em Kubernetes, essencial para ajustar réplicas automaticamente conforme a carga.",DevOps
Armazenamento seguro em iOS e Android,Armazenando tokens e credenciais sensíveis de usuário usando o Keychain no iOS e o EncryptedSharedPreferences no Android.,Mobile
Entendendo distribuições a priori e a posteriori em inferência bayesiana,"Conceitos-chave por trás de distribuições a priori e a posteriori em inferência bayesiana, relevantes para atualizar crenças sobre um parâmetro à medida que os dados chegam.",Data Science
Ruby on Rails a fundo: callbacks do Active Record,"Conceitos-chave por trás de callbacks do Active Record em Ruby on Rails, relevantes para executar lógica customizada antes ou depois de salvar um registro.",Backend
Um guia prático de propriedades ACID,"Conceitos-chave por trás de propriedades ACID em transações, relevantes para garantir consistência mesmo quando operações falham no meio do caminho.",Databases
Deploys blue-green a fundo: releases sem downtime,"Um olhar prático sobre releases sem downtime em deploys blue-green, essencial para alternar tráfego entre dois ambientes idênticos.",DevOps
Entendendo K-means em clustering,"Uma visão geral de K-means em clustering, com foco em agrupar pontos de dados semelhantes sem exemplos rotulados.",Data Science
Um guia prático de API de alto nível do Keras,Explorando API de alto nível do Keras com TensorFlow como uma forma de prototipar modelos de deep learning rapidamente.,Data Science
Deploys blue-green: releases sem downtime,"Um olhar prático sobre releases sem downtime em deploys blue-green, essencial para alternar tráfego entre dois ambientes idênticos.",DevOps
CSS-in-JS a fundo: styled-components,"Um olhar prático sobre styled-components em CSS-in-JS, essencial para restringir estilos diretamente a componentes React individuais.",Frontend
Primeiros passos com PostgreSQL,"Notas práticas sobre estratégias de indexação usando PostgreSQL, com o objetivo de acelerar o desempenho de consultas em tabelas grandes.",Databases
Entendendo Debezium em Change Data Capture,"Como Change Data Capture lida com Debezium, útil para capturar mudanças em nível de linha a partir de um banco de dados de origem.",Data Engineering
Entendendo design de schema em MongoDB,"Conceitos-chave por trás de design de schema em MongoDB, relevantes para modelar documentos para dados flexíveis e em evolução.",Databases
Primeiros passos com data warehousing,"Notas práticas sobre design de star schema usando data warehousing, com o objetivo de otimizar tabelas para consultas analíticas.",Databases
Entendendo otimização de consultas em MySQL,"Como MySQL lida com otimização de consultas, útil para reescrever consultas lentas usando planos do EXPLAIN.",Databases
Primeiros passos com Vue.js,Explorando a Composition API com Vue.js como uma forma de organizar a lógica de componentes por funcionalidade em vez de por opção.,Frontend
Um guia prático de frameworks de automação de UI,"Um olhar prático sobre frameworks de automação de UI em testes mobile, essencial para rodar testes end-to-end em dispositivos reais e simuladores.",Mobile
Entendendo cadeias de middleware em Express.js,"Uma visão geral de cadeias de middleware em Express.js, com foco em tratar autenticação, logging e erros em um único pipeline de requisição.",Backend
Nesting e variáveis no SASS,"Escrevendo CSS modular e limpo com o pré-processador SASS. Usando nesting, variáveis, mixins e herança em stylesheets.",Frontend
Primeiros passos com Spring Boot,Explorando injeção de dependência com Spring Boot como uma forma de conectar serviços e repositórios automaticamente por meio de anotações.,Backend
Boas práticas de arquivos Parquet para armazenamento colunar,"Como arquivos Parquet lida com armazenamento colunar, útil para acelerar consultas analíticas em grandes datasets.",Data Engineering
Entendendo distribuição de tráfego globalmente em balanceadores de carga na nuvem,"Notas práticas sobre distribuição de tráfego globalmente usando balanceadores de carga na nuvem, com o objetivo de rotear usuários para a região saudável mais próxima.",Cloud
Por que stacking classifiers importa em métodos ensemble,"Uma visão geral de stacking classifiers em métodos ensemble, com foco em combinar vários modelos para melhorar a acurácia.",Data Science
Por que resultados de consulta pré-computados importa em views materializadas,"Um olhar prático sobre resultados de consulta pré-computados em views materializadas, essencial para acelerar consultas agregadas custosas.",Databases
Data augmentation de texto em NLP,"Aumentando o tamanho de datasets de treino de texto usando back-translation, substituição de sinônimos e remoção aleatória.",Data Science
Boas práticas de renderização no navegador para o caminho crítico de renderização,"Conceitos-chave por trás de o caminho crítico de renderização em renderização no navegador, relevantes para entender como HTML, CSS e JS se transformam em pixels.",Frontend
Sistemas de recomendação a fundo: filtragem colaborativa,"Notas práticas sobre filtragem colaborativa usando sistemas de recomendação, com o objetivo de sugerir itens com base em comportamentos de usuários semelhantes.",Data Science
Aplicativos para wearables: watchOS e Wear OS,"Como aplicativos para wearables lida com watchOS e Wear OS, útil para estender a experiência de um app mobile para smartwatches.",Mobile
Primeiros passos com WebSockets,"Conceitos-chave por trás de comunicação em tempo real em WebSockets, relevantes para enviar atualizações em tempo real aos clientes sem polling.",Backend
Entendendo autenticação sem estado em JWT,Explorando autenticação sem estado com JWT como uma forma de emitir tokens assinados em vez de sessões no servidor.,Backend
Governança de dados: políticas de controle de acesso,"Como governança de dados lida com políticas de controle de acesso, útil para controlar quem pode ver ou modificar datasets sensíveis.",Data Engineering
Por que segurança em nível de linha importa em segurança de banco de dados,"Como segurança de banco de dados lida com segurança em nível de linha, útil para restringir quais linhas um usuário pode acessar.",Databases
Primeiros passos com scikit-learn,"Conceitos-chave por trás de validação cruzada em scikit-learn, relevantes para obter uma estimativa mais confiável do desempenho do modelo.",Data Science
Runtime de borda do Cloudflare Workers,Construindo aplicações serverless diretamente em servidores de borda de CDN com latência ultrabaixa.,Cloud
ORMs: o problema de consultas N+1,"Como ORMs lida com o problema de consultas N+1, útil para evitar idas e vindas excessivas ao banco de dados causadas por lazy loading.",Databases
Entendendo probes de readiness e liveness em orquestração de containers,"Conceitos-chave por trás de probes de readiness e liveness em orquestração de containers, relevantes para informar ao Kubernetes quando um pod está saudável.",DevOps
Por que propriedades ACID importa em transações,"Notas práticas sobre propriedades ACID usando transações, com o objetivo de garantir consistência mesmo quando operações falham no meio do caminho.",Databases
Boas práticas de busca full-text para tsvector do PostgreSQL,"Um olhar prático sobre tsvector do PostgreSQL em busca full-text, essencial para buscar em campos de texto grandes de forma eficiente dentro do banco de dados.",Databases
Por que gradient boosting importa em XGBoost,"Notas práticas sobre gradient boosting usando XGBoost, com o objetivo de combinar modelos fracos em um modelo preditivo forte.",Data Science
Entendendo agendamento de DAGs em Apache Airflow,"Notas práticas sobre agendamento de DAGs usando Apache Airflow, com o objetivo de orquestrar tarefas dependentes de um pipeline de dados.",Data Engineering
Message brokers: partições do Kafka,"Conceitos-chave por trás de partições do Kafka em message brokers, relevantes para escalar o consumo de eventos entre vários consumidores.",Data Engineering
Entendendo transformação de dados no warehouse em pipelines ELT,"Como pipelines ELT lida com transformação de dados no warehouse, útil para aproveitar o poder de computação do warehouse para transformações.",Data Engineering
Entendendo tarefas idempotentes em pipelines de dados,"Conceitos-chave por trás de tarefas idempotentes em pipelines de dados, relevantes para reexecutar um pipeline com segurança sem duplicar dados.",Data Engineering
Criação de Triggers em PL/SQL,Escrevendo triggers avançados no Oracle ou PostgreSQL para automatizar a validação de dados em mutações de tabela.,Databases
Primeiros passos com armazenamento de objetos,"Conceitos-chave por trás de versionamento e imutabilidade em armazenamento de objetos, relevantes para proteger dados armazenados contra exclusão acidental.",Cloud
Entendendo templates de manifests do Kubernetes em Helm charts,Explorando templates de manifests do Kubernetes com Helm charts como uma forma de reutilizar configuração entre ambientes.,DevOps
Arquiteturas serverless: latência de cold start,"Notas práticas sobre latência de cold start usando arquiteturas serverless, com o objetivo de entender as vantagens e desvantagens da computação por uso.",Cloud
CI/CD mobile: automação com Fastlane,"Notas práticas sobre automação com Fastlane usando CI/CD mobile, com o objetivo de automatizar builds, assinatura e envio às lojas.",Mobile
Web Components: o Shadow DOM,"Notas práticas sobre o Shadow DOM usando Web Components, com o objetivo de encapsular estilos para que não vazem para o resto da página.",Frontend
Por que views declarativas do SwiftUI importa em Swift,"Um olhar prático sobre views declarativas do SwiftUI em Swift, essencial para construir interfaces iOS com menos código imperativo do UIKit.",Mobile
Boas práticas de versionamento de API para compatibilidade retroativa,"Uma visão geral de compatibilidade retroativa em versionamento de API, com foco em evitar breaking changes para consumidores existentes da API.",Backend
Change Data Capture: streaming de mudanças de banco de dados,Explorando streaming de mudanças de banco de dados com Change Data Capture como uma forma de propagar atualizações para outros sistemas em tempo real.,Databases
NumPy a fundo: operações vetorizadas,"Uma visão geral de operações vetorizadas em NumPy, com foco em acelerar cálculos numéricos sem loops explícitos.",Data Science
Pipelines de agregação no MongoDB,"Construindo pipelines de agregação multi-estágio avançados: estágios $match, $group, $lookup e $project.",Databases
Primeiros passos com Apache Airflow,"Conceitos-chave por trás de agendamento de DAGs em Apache Airflow, relevantes para orquestrar tarefas dependentes de um pipeline de dados.",Data Engineering
Entendendo error budgets em práticas de SRE,Explorando error budgets com práticas de SRE como uma forma de equilibrar trabalho de confiabilidade e velocidade de entrega de features.,DevOps
Design systems a fundo: bibliotecas de componentes,"Como design systems lida com bibliotecas de componentes, útil para manter consistência visual entre equipes de produto grandes.",Frontend
Entendendo rollback automatizado em pipelines de CI/CD,"Como pipelines de CI/CD lida com rollback automatizado, útil para reverter automaticamente um deploy ruim em caso de falha.",DevOps
Sincronização offline em apps mobile,Projetando filas de sincronização para enviar mudanças de banco de dados offline em cache assim que a conectividade for restaurada.,Mobile
Boas práticas de normalização de banco de dados para redução de redundância,"Notas práticas sobre redução de redundância usando normalização de banco de dados, com o objetivo de organizar tabelas para evitar dados duplicados.",Databases
Boas práticas de validação de formulários para validadores baseados em schema,"Um olhar prático sobre validadores baseados em schema em validação de formulários, essencial para manter regras de validação consistentes entre campos.",Frontend
Por que relacionamentos no Neo4j importa em bancos de dados de grafo,"Uma visão geral de relacionamentos no Neo4j em bancos de dados de grafo, com foco em modelar dados altamente conectados, como redes sociais.",Databases
Por que testes unitários de transformações importa em teste de pipeline de dados,"Como teste de pipeline de dados lida com testes unitários de transformações, útil para detectar bugs antes que cheguem aos dados de produção.",Data Engineering
Primeiros passos com micro frontends,Explorando module federation com micro frontends como uma forma de permitir que equipes independentes publiquem partes da mesma aplicação web.,Frontend
Armazenamento de objetos: versionamento e imutabilidade,"Um olhar prático sobre versionamento e imutabilidade em armazenamento de objetos, essencial para proteger dados armazenados contra exclusão acidental.",Cloud
Redis a fundo: session storage,"Uma visão geral de session storage em Redis, com foco em compartilhar o estado de login entre várias instâncias do servidor backend.",Backend
Por que valores SHAP importa em interpretabilidade de modelos,"Conceitos-chave por trás de valores SHAP em interpretabilidade de modelos, relevantes para explicar previsões individuais de um modelo complexo.",Data Science
Um guia prático de penalidades L1 e L2,"Uma visão geral de penalidades L1 e L2 em regularização, com foco em evitar que um modelo sofra overfitting nos dados de treino.",Data Science
Um guia prático de versionamento e imutabilidade,"Uma visão geral de versionamento e imutabilidade em armazenamento de objetos, com foco em proteger dados armazenados contra exclusão acidental.",Cloud
Teste A/B a fundo: significância estatística,Explorando significância estatística com teste A/B como uma forma de decidir se uma diferença observada é real ou fruto do acaso.,Data Science
Um guia prático de experiência de primeiro uso,"Notas práticas sobre experiência de primeiro uso usando onboarding de app, com o objetivo de guiar novos usuários pelas funcionalidades principais.",Mobile
Primeiros passos com animações,"Um olhar prático sobre a Web Animations API em animações, essencial para criar transições suaves sem bibliotecas pesadas.",Frontend
Entendendo B-tree vs hash indexes em indexação de banco de dados,Explorando B-tree vs hash indexes com indexação de banco de dados como uma forma de escolher o tipo certo de índice para um padrão de consulta.,Databases
Boas práticas de GitOps para deploys declarativos,"Uma visão geral de deploys declarativos em GitOps, com foco em usar o Git como única fonte de verdade para a infraestrutura.",DevOps
Boas práticas de suporte offline em mobile para estratégias de cache local,"Um olhar prático sobre estratégias de cache local em suporte offline em mobile, essencial para manter o app utilizável sem conexão com a internet.",Mobile
Um guia prático de universal links,"Conceitos-chave por trás de universal links em deep linking, relevantes para abrir uma tela específica de um app diretamente a partir de uma URL.",Mobile
Por que versionamento e imutabilidade importa em armazenamento de objetos,"Notas práticas sobre versionamento e imutabilidade usando armazenamento de objetos, com o objetivo de proteger dados armazenados contra exclusão acidental.",Cloud
Renderização no navegador a fundo: o caminho crítico de renderização,"Explorando o caminho crítico de renderização com renderização no navegador como uma forma de entender como HTML, CSS e JS se transformam em pixels.",Frontend
Boas práticas de Android para o ciclo de vida da Activity,"Como Android lida com o ciclo de vida da Activity, útil para gerenciar o estado corretamente quando telas giram ou vão para segundo plano.",Mobile
Primeiros passos com práticas de SRE,"Um olhar prático sobre error budgets em práticas de SRE, essencial para equilibrar trabalho de confiabilidade e velocidade de entrega de features.",DevOps
Entendendo o Shadow DOM em Web Components,"Uma visão geral de o Shadow DOM em Web Components, com foco em encapsular estilos para que não vazem para o resto da página.",Frontend
Primeiros passos com Apache Spark,"Um olhar prático sobre processamento de dados distribuído em Apache Spark, essencial para transformar grandes datasets em um cluster.",Data Engineering
Primeiros passos com onboarding de app,"Conceitos-chave por trás de experiência de primeiro uso em onboarding de app, relevantes para guiar novos usuários pelas funcionalidades principais.",Mobile
Entendendo integração com APIs da plataforma em módulos nativos,"Um olhar prático sobre integração com APIs da plataforma em módulos nativos, essencial para expor acesso à câmera ou a sensores para um app multiplataforma.",Mobile
Versionamento de API a fundo: compatibilidade retroativa,Explorando compatibilidade retroativa com versionamento de API como uma forma de evitar breaking changes para consumidores existentes da API.,Backend
Primeiros passos com orquestração de dados,"Como orquestração de dados lida com retries de tarefas e backoff, útil para lidar com falhas transitórias em pipelines agendados.",Data Engineering
Amazon S3 a fundo: políticas de ciclo de vida de armazenamento de objetos,"Conceitos-chave por trás de políticas de ciclo de vida de armazenamento de objetos em Amazon S3, relevantes para arquivar automaticamente dados antigos em camadas de armazenamento mais baratas.",Cloud
Por que significância estatística importa em teste A/B,"Como teste A/B lida com significância estatística, útil para decidir se uma diferença observada é real ou fruto do acaso.",Data Science
Boas práticas de canary releases para rollout gradual,"Uma visão geral de rollout gradual em canary releases, com foco em expor uma nova versão a um pequeno subconjunto de usuários primeiro.",DevOps
Por que Word2Vec e GloVe importa em word embeddings,"Uma visão geral de Word2Vec e GloVe em word embeddings, com foco em representar palavras como vetores densos que capturam significado.",Data Science
Entendendo failover multi-região em recuperação de desastres na nuvem,"Notas práticas sobre failover multi-região usando recuperação de desastres na nuvem, com o objetivo de manter sistemas disponíveis durante uma falha regional.",Cloud
Verificações de qualidade de dados: regras de validação,"Como verificações de qualidade de dados lida com regras de validação, útil para detectar dados ruins antes que cheguem aos sistemas seguintes.",Data Engineering
Boas práticas de clustering para K-means,"Conceitos-chave por trás de K-means em clustering, relevantes para agrupar pontos de dados semelhantes sem exemplos rotulados.",Data Science
Clustering: K-means,"Como clustering lida com K-means, útil para agrupar pontos de dados semelhantes sem exemplos rotulados.",Data Science
Boas práticas de bancos de dados em nuvem para serviços de banco de dados gerenciados,"Um olhar prático sobre serviços de banco de dados gerenciados em bancos de dados em nuvem, essencial para delegar backups e atualizações ao provedor de nuvem.",Cloud
Entendendo suporte a tablets e dobráveis em layouts adaptativos,"Notas práticas sobre suporte a tablets e dobráveis usando layouts adaptativos, com o objetivo de projetar UI que se ajusta a diferentes tamanhos de tela.",Mobile
Boas práticas de Ruby on Rails para callbacks do Active Record,"Notas práticas sobre callbacks do Active Record usando Ruby on Rails, com o objetivo de executar lógica customizada antes ou depois de salvar um registro.",Backend
Um guia prático de evitar vendor lock-in,"Um olhar prático sobre evitar vendor lock-in em estratégia multi-cloud, essencial para projetar sistemas portáveis entre provedores de nuvem.",Cloud
Registries de containers a fundo: escaneamento de imagens,"Uma visão geral de escaneamento de imagens em registries de containers, com foco em detectar vulnerabilidades antes de implantar um container.",DevOps
Boas práticas de tratamento de formulários para inputs controlados vs não controlados,"Notas práticas sobre inputs controlados vs não controlados usando tratamento de formulários, com o objetivo de decidir como gerenciar o estado de formulários no React.",Frontend
Auto scaling: escalonamento baseado em métricas customizadas,"Conceitos-chave por trás de escalonamento baseado em métricas customizadas em auto scaling, relevantes para reagir a sinais de carga específicos da aplicação.",Cloud
Boas práticas de Apache Flink para processamento de streams com estado,"Notas práticas sobre processamento de streams com estado usando Apache Flink, com o objetivo de manter estado entre eventos em tempo real.",Data Engineering
Por que particionamento horizontal importa em sharding de banco de dados,"Notas práticas sobre particionamento horizontal usando sharding de banco de dados, com o objetivo de dividir uma tabela grande entre vários servidores.",Databases
Arquivos Parquet a fundo: armazenamento colunar,"Uma visão geral de armazenamento colunar em arquivos Parquet, com foco em acelerar consultas analíticas em grandes datasets.",Data Engineering
Por que frameworks de automação de UI importa em testes mobile,"Conceitos-chave por trás de frameworks de automação de UI em testes mobile, relevantes para rodar testes end-to-end em dispositivos reais e simuladores.",Mobile
Primeiros passos com aplicativos para wearables,"Notas práticas sobre watchOS e Wear OS usando aplicativos para wearables, com o objetivo de estender a experiência de um app mobile para smartwatches.",Mobile
Boas práticas de redução de dimensionalidade para PCA,"Notas práticas sobre PCA usando redução de dimensionalidade, com o objetivo de comprimir muitas features em menos componentes com perda mínima.",Data Science
Por que distribuição de tráfego globalmente importa em balanceadores de carga na nuvem,"Como balanceadores de carga na nuvem lida com distribuição de tráfego globalmente, útil para rotear usuários para a região saudável mais próxima.",Cloud
Um guia prático de cache de pipeline,"Um olhar prático sobre cache de pipeline em GitLab CI, essencial para acelerar builds reutilizando dependências entre execuções.",DevOps
Layouts adaptativos a fundo: suporte a tablets e dobráveis,"Como layouts adaptativos lida com suporte a tablets e dobráveis, útil para projetar UI que se ajusta a diferentes tamanhos de tela.",Mobile
Boas práticas de Chaos Engineering para testes de injeção de falhas,"Como Chaos Engineering lida com testes de injeção de falhas, útil para verificar se os sistemas se recuperam bem de falhas.",DevOps
Primeiros passos com deep linking,"Como deep linking lida com universal links, útil para abrir uma tela específica de um app diretamente a partir de uma URL.",Mobile
Entendendo gerenciamento de tráfego com Istio em service mesh,"Conceitos-chave por trás de gerenciamento de tráfego com Istio em service mesh, relevantes para controlar a comunicação entre microsserviços.",DevOps
Entendendo atributos ARIA em acessibilidade (a11y),"Uma visão geral de atributos ARIA em acessibilidade (a11y), com foco em tornar widgets interativos utilizáveis com leitores de tela.",Frontend
Automatizando versionamento semântico,Usando semantic-release e conventional commits para automatizar incrementos de versão e geração de changelog.,DevOps
Boas práticas de Spring Boot para injeção de dependência,"Uma visão geral de injeção de dependência em Spring Boot, com foco em conectar serviços e repositórios automaticamente por meio de anotações.",Backend
Grupos de auto scaling: políticas de escalonamento,"Um olhar prático sobre políticas de escalonamento em grupos de auto scaling, essencial para adicionar ou remover instâncias conforme a demanda.",DevOps
Entendendo estratégias de cache local em suporte offline em mobile,Explorando estratégias de cache local com suporte offline em mobile como uma forma de manter o app utilizável sem conexão com a internet.,Mobile
Por que universal links importa em deep linking,Explorando universal links com deep linking como uma forma de abrir uma tela específica de um app diretamente a partir de uma URL.,Mobile
Otimização de bateria: agendamento de tarefas em segundo plano,"Conceitos-chave por trás de agendamento de tarefas em segundo plano em otimização de bateria, relevantes para minimizar o consumo de energia por atividades em segundo plano.",Mobile
Boas práticas de chaves de idempotência para retries seguros,"Notas práticas sobre retries seguros usando chaves de idempotência, com o objetivo de evitar efeitos colaterais duplicados quando clientes reenviam requisições.",Backend
Pipelines de dados a fundo: tarefas idempotentes,Explorando tarefas idempotentes com pipelines de dados como uma forma de reexecutar um pipeline com segurança sem duplicar dados.,Data Engineering
Primeiros passos com previsão de séries temporais,"Um olhar prático sobre modelos ARIMA em previsão de séries temporais, essencial para prever valores futuros com base em padrões históricos.",Data Science
Um guia prático de media queries,"Explorando media queries com design responsivo como uma forma de adaptar layouts entre os breakpoints de mobile, tablet e desktop.",Frontend
Boas práticas de particionamento de banco de dados para particionamento por faixa (range),"Conceitos-chave por trás de particionamento por faixa (range) em particionamento de banco de dados, relevantes para dividir tabelas grandes por data ou outra chave.",Databases
Primeiros passos com indexação de banco de dados,"Notas práticas sobre B-tree vs hash indexes usando indexação de banco de dados, com o objetivo de escolher o tipo certo de índice para um padrão de consulta.",Databases
Drag and drop: a API HTML5 de Drag and Drop,"Um olhar prático sobre a API HTML5 de Drag and Drop em drag and drop, essencial para construir listas ordenáveis e quadros kanban no navegador.",Frontend
Por que redução de redundância importa em normalização de banco de dados,"Um olhar prático sobre redução de redundância em normalização de banco de dados, essencial para organizar tabelas para evitar dados duplicados.",Databases
Primeiros passos com NestJS,Explorando decorators customizados com NestJS como uma forma de encapsular lógica repetida de tratamento de requisições.,Backend
Datasets desbalanceados a fundo: oversampling com SMOTE,"Notas práticas sobre oversampling com SMOTE usando datasets desbalanceados, com o objetivo de lidar com classes com poucos exemplos.",Data Science
Um guia prático de deploys declarativos,"Uma visão geral de deploys declarativos em GitOps, com foco em usar o Git como única fonte de verdade para a infraestrutura.",DevOps
Primeiros passos com Kotlin,"Conceitos-chave por trás de Jetpack Compose em Kotlin, relevantes para escrever interfaces Android de forma declarativa, sem layouts XML.",Mobile
Server Actions do React,Como executar consultas de banco de dados e alterar dados diretamente dentro de React Server Components usando Server Actions no Next.js.,Frontend
Boas práticas de datasets desbalanceados para oversampling com SMOTE,Explorando oversampling com SMOTE com datasets desbalanceados como uma forma de lidar com classes com poucos exemplos.,Data Science
Boas práticas de React Native para a arquitetura de bridge,Explorando a arquitetura de bridge com React Native como uma forma de permitir que o JavaScript se comunique com módulos nativos iOS e Android.,Mobile
Processamento em lote: jobs de dados agendados,Explorando jobs de dados agendados com processamento em lote como uma forma de rodar grandes transformações em um cronograma fixo.,Data Engineering
Pipelines ELT a fundo: transformação de dados no warehouse,"Conceitos-chave por trás de transformação de dados no warehouse em pipelines ELT, relevantes para aproveitar o poder de computação do warehouse para transformações.",Data Engineering
Entendendo session storage em Redis,"Um olhar prático sobre session storage em Redis, essencial para compartilhar o estado de login entre várias instâncias do servidor backend.",Backend
Change Data Capture a fundo: streaming de mudanças de banco de dados,"Como Change Data Capture lida com streaming de mudanças de banco de dados, útil para propagar atualizações para outros sistemas em tempo real.",Databases
Entendendo filtragem colaborativa em sistemas de recomendação,"Uma visão geral de filtragem colaborativa em sistemas de recomendação, com foco em sugerir itens com base em comportamentos de usuários semelhantes.",Data Science
Entendendo fluxos de autorização em OAuth2,Explorando fluxos de autorização com OAuth2 como uma forma de delegar acesso sem compartilhar a senha do usuário com terceiros.,Backend
Performance de Stylesheet no React Native,Por que usar StyleSheet.create tem melhor performance do que objetos de estilo inline no React Native.,Mobile
Entendendo Protocol Buffers em gRPC,Explorando Protocol Buffers com gRPC como uma forma de definir contratos de serviço fortemente tipados entre linguagens.,Backend
Inferência bayesiana a fundo: distribuições a priori e a posteriori,Explorando distribuições a priori e a posteriori com inferência bayesiana como uma forma de atualizar crenças sobre um parâmetro à medida que os dados chegam.,Data Science
Bancos de dados de grafo a fundo: relacionamentos no Neo4j,"Explorando relacionamentos no Neo4j com bancos de dados de grafo como uma forma de modelar dados altamente conectados, como redes sociais.",Databases
Um guia prático de prevenção de deadlocks,"Conceitos-chave por trás de prevenção de deadlocks em bloqueio de banco de dados (locking), relevantes para evitar transações que se bloqueiam indefinidamente.",Databases
Um guia prático de segurança em nível de linha,"Uma visão geral de segurança em nível de linha em segurança de banco de dados, com foco em restringir quais linhas um usuário pode acessar.",Databases
Boas práticas de service mesh para gerenciamento de tráfego com Istio,"Uma visão geral de gerenciamento de tráfego com Istio em service mesh, com foco em controlar a comunicação entre microsserviços.",DevOps
Por que gerenciamento de estado importa em Terraform,"Notas práticas sobre gerenciamento de estado usando Terraform, com o objetivo de rastrear mudanças de infraestrutura com segurança entre equipes.",DevOps
Entendendo o padrão reducer em Redux,Explorando o padrão reducer com Redux como uma forma de gerenciar estado global previsível em aplicações grandes.,Frontend
Um guia prático de o padrão Hystrix,"Conceitos-chave por trás de o padrão Hystrix em circuit breakers, relevantes para evitar falhas em cascata entre microsserviços.",Backend
Um guia prático de integrações orientadas a eventos,"Notas práticas sobre integrações orientadas a eventos usando webhooks, com o objetivo de notificar sistemas externos quando algo acontece em tempo real.",Backend
Boas práticas de Clean Architecture para separação de camadas,Explorando separação de camadas com Clean Architecture como uma forma de manter a lógica de domínio independente de frameworks e bancos de dados.,Backend
Um guia prático de a árvore de widgets,"Uma visão geral de a árvore de widgets em Flutter, com foco em construir UIs multiplataforma a partir de uma única base de código Dart.",Mobile
Um guia prático de significância estatística,"Conceitos-chave por trás de significância estatística em teste A/B, relevantes para decidir se uma diferença observada é real ou fruto do acaso.",Data Science
Entendendo rolling updates em Kubernetes,"Conceitos-chave por trás de rolling updates em Kubernetes, relevantes para implantar novas versões sem downtime.",DevOps
Otimização do tamanho do app a fundo: redução de código,"Uma visão geral de redução de código em otimização do tamanho do app, com foco em reduzir o tamanho do APK e do IPA para downloads mais rápidos.",Mobile
Injeção de dependência no FastAPI,"Usando Depends no FastAPI para gerenciar conexões de banco de dados, autenticação e instâncias de serviço de forma eficiente.",Backend
Entendendo o padrão Hystrix em circuit breakers,"Como circuit breakers lida com o padrão Hystrix, útil para evitar falhas em cascata entre microsserviços.",Backend
Boas práticas de OAuth2 para fluxos de autorização,Explorando fluxos de autorização com OAuth2 como uma forma de delegar acesso sem compartilhar a senha do usuário com terceiros.,Backend
Um guia prático de PCA,"Um olhar prático sobre PCA em redução de dimensionalidade, essencial para comprimir muitas features em menos componentes com perda mínima.",Data Science
Um guia prático de Provider e Riverpod,Explorando Provider e Riverpod com gerenciamento de estado multiplataforma como uma forma de compartilhar o estado do app entre widgets Flutter de forma limpa.,Mobile
Primeiros passos com testes de hipótese estatística,"Notas práticas sobre p-values usando testes de hipótese estatística, com o objetivo de medir evidências contra uma hipótese nula.",Data Science
Entendendo funções serverless em AWS Lambda,"Como AWS Lambda lida com funções serverless, útil para executar código sem provisionar ou gerenciar servidores.",Cloud
Nuvem híbrida: conexão entre on-premises e nuvem,"Conceitos-chave por trás de conexão entre on-premises e nuvem em nuvem híbrida, relevantes para estender infraestrutura existente para a nuvem.",Cloud
Entendendo desacoplamento de serviços em filas na nuvem,"Um olhar prático sobre desacoplamento de serviços em filas na nuvem, essencial para armazenar mensagens em buffer entre componentes distribuídos.",Cloud
Primeiros passos com Celery,"Uma visão geral de agendamento de tarefas em segundo plano em Celery, com foco em rodar jobs periódicos fora do processo web principal.",Backend
Primeiros passos com rede em mobile,"Um olhar prático sobre tratamento de conexões instáveis em rede em mobile, essencial para reenviar requisições que falharam de forma adequada em redes mobile.",Mobile
Boas práticas de circuit breakers para o padrão Hystrix,"Uma visão geral de o padrão Hystrix em circuit breakers, com foco em evitar falhas em cascata entre microsserviços.",Backend
Monitoramento de lag de replicação em banco de dados,Identificando e resolvendo o atraso de sincronização entre bancos de dados primários e réplicas de leitura.,Databases
IOS a fundo: Core Data,"Um olhar prático sobre Core Data em iOS, essencial para persistir dados estruturados do app localmente no dispositivo.",Mobile
Primeiros passos com SQLite em mobile,"Notas práticas sobre biblioteca de persistência Room usando SQLite em mobile, com o objetivo de armazenar dados estruturados localmente em dispositivos Android.",Mobile
Apache Flink: processamento de streams com estado,"Conceitos-chave por trás de processamento de streams com estado em Apache Flink, relevantes para manter estado entre eventos em tempo real.",Data Engineering
Webhooks: integrações orientadas a eventos,Explorando integrações orientadas a eventos com webhooks como uma forma de notificar sistemas externos quando algo acontece em tempo real.,Backend
Limpeza de dados: tratamento de valores ausentes,"Conceitos-chave por trás de tratamento de valores ausentes em limpeza de dados, relevantes para decidir entre imputar, remover ou sinalizar dados faltantes.",Data Science
Boas práticas de nuvem híbrida para conexão entre on-premises e nuvem,"Conceitos-chave por trás de conexão entre on-premises e nuvem em nuvem híbrida, relevantes para estender infraestrutura existente para a nuvem.",Cloud
Entendendo jobs de dados agendados em processamento em lote,Explorando jobs de dados agendados com processamento em lote como uma forma de rodar grandes transformações em um cronograma fixo.,Data Engineering
Boas práticas de CSS Grid para layouts bidimensionais,Explorando layouts bidimensionais com CSS Grid como uma forma de organizar elementos em linhas e colunas de forma declarativa.,Frontend
Helm charts: templates de manifests do Kubernetes,"Conceitos-chave por trás de templates de manifests do Kubernetes em Helm charts, relevantes para reutilizar configuração entre ambientes.",DevOps
Ajuste de hiperparâmetros: grid search vs random search,"Um olhar prático sobre grid search vs random search em ajuste de hiperparâmetros, essencial para encontrar sistematicamente a melhor configuração de modelo.",Data Science
Um guia prático de armazenamento wide-column,"Conceitos-chave por trás de armazenamento wide-column em Cassandra, relevantes para lidar com throughput massivo de escrita entre nós distribuídos.",Databases
Entendendo p-values em testes de hipótese estatística,"Um olhar prático sobre p-values em testes de hipótese estatística, essencial para medir evidências contra uma hipótese nula.",Data Science
Entendendo gerenciamento de estado leve em Zustand,"Um olhar prático sobre gerenciamento de estado leve em Zustand, essencial para evitar boilerplate comparado às tradicionais stores do Redux.",Frontend
Ansible a fundo: playbooks idempotentes,"Notas práticas sobre playbooks idempotentes usando Ansible, com o objetivo de aplicar mudanças de configuração com segurança várias vezes.",DevOps
Service mesh a fundo: gerenciamento de tráfego com Istio,"Como service mesh lida com gerenciamento de tráfego com Istio, útil para controlar a comunicação entre microsserviços.",DevOps
Boas práticas de Google Play para rollouts em etapas,"Conceitos-chave por trás de rollouts em etapas em Google Play, relevantes para liberar uma atualização para um pequeno percentual de usuários primeiro.",Mobile
Modelagem de dados: star schema vs snowflake schema,"Um olhar prático sobre star schema vs snowflake schema em modelagem de dados, essencial para estruturar um warehouse para análises eficientes.",Data Engineering
Dynamic Groups no OCI,Criando dynamic groups na Oracle Cloud Infrastructure para permitir que instâncias chamem serviços OCI sem credenciais.,Cloud
Um guia prático de biblioteca de persistência Room,"Conceitos-chave por trás de biblioteca de persistência Room em SQLite em mobile, relevantes para armazenar dados estruturados localmente em dispositivos Android.",Mobile
Primeiros passos com estratégia multi-cloud,Explorando evitar vendor lock-in com estratégia multi-cloud como uma forma de projetar sistemas portáveis entre provedores de nuvem.,Cloud
Um guia prático de star schema vs snowflake schema,"Notas práticas sobre star schema vs snowflake schema usando modelagem de dados, com o objetivo de estruturar um warehouse para análises eficientes.",Data Engineering
Primeiros passos com data warehouses,"Notas práticas sobre arquitetura snowflake usando data warehouses, com o objetivo de separar armazenamento e computação em cargas de trabalho analíticas.",Data Engineering
Primeiros passos com pipelines ELT,"Como pipelines ELT lida com transformação de dados no warehouse, útil para aproveitar o poder de computação do warehouse para transformações.",Data Engineering
Um guia prático de valores SHAP,"Um olhar prático sobre valores SHAP em interpretabilidade de modelos, essencial para explicar previsões individuais de um modelo complexo.",Data Science
Validação de constraints de chaves em SQL,"Como engines relacionais aplicam check constraints de integridade, índices únicos e chaves estrangeiras.",Databases
Primeiros passos com Next.js,"Notas práticas sobre renderização no servidor (SSR) usando Next.js, com o objetivo de melhorar o tempo de primeira renderização e o SEO de apps React.",Frontend
Service mesh: gerenciamento de tráfego com Istio,"Conceitos-chave por trás de gerenciamento de tráfego com Istio em service mesh, relevantes para controlar a comunicação entre microsserviços.",DevOps
Por que retries seguros importa em chaves de idempotência,"Um olhar prático sobre retries seguros em chaves de idempotência, essencial para evitar efeitos colaterais duplicados quando clientes reenviam requisições.",Backend
Transformações de dados idempotentes,Projetando etapas de pipeline de dados que podem ser executadas repetidamente sem duplicar ou corromper dados.,Data Engineering
Por que operações vetorizadas importa em NumPy,"Como NumPy lida com operações vetorizadas, útil para acelerar cálculos numéricos sem loops explícitos.",Data Science
NoSQL vs SQL a fundo: escolha do modelo de dados certo,"Notas práticas sobre escolha do modelo de dados certo usando NoSQL vs SQL, com o objetivo de decidir entre bancos de dados relacionais e de documentos.",Databases
Entendendo resolvers em GraphQL,"Conceitos-chave por trás de resolvers em GraphQL, relevantes para buscar apenas os campos que o cliente pede explicitamente.",Backend
Um guia prático de o framework Actix Web,"Uma visão geral de o framework Actix Web em Rust, com foco em construir servidores HTTP de alta vazão com fortes garantias de segurança de memória.",Backend
Seaborn: gráficos estatísticos,"Notas práticas sobre gráficos estatísticos usando Seaborn, com o objetivo de visualizar distribuições e relações entre variáveis.",Data Science
PyTorch: construção de redes neurais,"Conceitos-chave por trás de construção de redes neurais em PyTorch, relevantes para definir camadas e loops de treino personalizados do zero.",Data Science
Entendendo réplicas de leitura em replicação,"Notas práticas sobre réplicas de leitura usando replicação, com o objetivo de escalar cargas de trabalho intensivas em leitura entre várias cópias do banco de dados.",Databases
Entendendo virtual private clouds (VPCs) em rede na nuvem,"Conceitos-chave por trás de virtual private clouds (VPCs) em rede na nuvem, relevantes para isolar recursos de nuvem dentro de uma rede privada.",Cloud
Primeiros passos com redução de dimensionalidade,"Notas práticas sobre PCA usando redução de dimensionalidade, com o objetivo de comprimir muitas features em menos componentes com perda mínima.",Data Science
Armazenamento de objetos a fundo: versionamento e imutabilidade,"Um olhar prático sobre versionamento e imutabilidade em armazenamento de objetos, essencial para proteger dados armazenados contra exclusão acidental.",Cloud
Por que code splitting importa em Webpack,"Conceitos-chave por trás de code splitting em Webpack, relevantes para carregar apenas o JavaScript que a página realmente precisa.",Frontend
Primeiros passos com rede na nuvem,"Conceitos-chave por trás de virtual private clouds (VPCs) em rede na nuvem, relevantes para isolar recursos de nuvem dentro de uma rede privada.",Cloud
Redux a fundo: o padrão reducer,"Um olhar prático sobre o padrão reducer em Redux, essencial para gerenciar estado global previsível em aplicações grandes.",Frontend
Por que automação com Fastlane importa em CI/CD mobile,"Explorando automação com Fastlane com CI/CD mobile como uma forma de automatizar builds, assinatura e envio às lojas.",Mobile
Tratamento de exceções em PL/SQL no Oracle,Escrevendo código PL/SQL robusto com exceções nomeadas customizadas e propagação de erro definida pelo usuário.,Databases
Entendendo PCA em redução de dimensionalidade,"Um olhar prático sobre PCA em redução de dimensionalidade, essencial para comprimir muitas features em menos componentes com perda mínima.",Data Science
Entendendo separação de camadas em Clean Architecture,"Notas práticas sobre separação de camadas usando Clean Architecture, com o objetivo de manter a lógica de domínio independente de frameworks e bancos de dados.",Backend
Um guia prático de retries de tarefas e backoff,"Um olhar prático sobre retries de tarefas e backoff em orquestração de dados, essencial para lidar com falhas transitórias em pipelines agendados.",Data Engineering
Boas práticas de Redux para o padrão reducer,"Como Redux lida com o padrão reducer, útil para gerenciar estado global previsível em aplicações grandes.",Frontend
Boas práticas de recuperação de desastres na nuvem para failover multi-região,"Como recuperação de desastres na nuvem lida com failover multi-região, útil para manter sistemas disponíveis durante uma falha regional.",Cloud
Entendendo conformidade com diretrizes em revisão da App Store,"Um olhar prático sobre conformidade com diretrizes em revisão da App Store, essencial para evitar motivos comuns de rejeição antes do envio.",Mobile
Filas na nuvem a fundo: desacoplamento de serviços,"Como filas na nuvem lida com desacoplamento de serviços, útil para armazenar mensagens em buffer entre componentes distribuídos.",Cloud
Grupos de segurança na nuvem,Gerenciando firewalls stateful para restringir tráfego de entrada e saída de máquinas virtuais na nuvem.,Cloud
Entendendo arquitetura snowflake em data warehouses,"Conceitos-chave por trás de arquitetura snowflake em data warehouses, relevantes para separar armazenamento e computação em cargas de trabalho analíticas.",Data Engineering
Por que prevenção de deadlocks importa em bloqueio de banco de dados (locking),"Uma visão geral de prevenção de deadlocks em bloqueio de banco de dados (locking), com foco em evitar transações que se bloqueiam indefinidamente.",Databases
Transações a fundo: propriedades ACID,"Como transações lida com propriedades ACID, útil para garantir consistência mesmo quando operações falham no meio do caminho.",Databases
Por que experiência de primeiro uso importa em onboarding de app,"Como onboarding de app lida com experiência de primeiro uso, útil para guiar novos usuários pelas funcionalidades principais.",Mobile
Um guia prático de conexão entre on-premises e nuvem,"Uma visão geral de conexão entre on-premises e nuvem em nuvem híbrida, com foco em estender infraestrutura existente para a nuvem.",Cloud
Rede na nuvem: virtual private clouds (VPCs),"Uma visão geral de virtual private clouds (VPCs) em rede na nuvem, com foco em isolar recursos de nuvem dentro de uma rede privada.",Cloud
Design de layout de subplots no Matplotlib,Criando figuras complexas em estilo dashboard com múltiplos subplots e eixos customizados no Matplotlib.,Data Science
Boas práticas de notificações push para Firebase Cloud Messaging,"Um olhar prático sobre Firebase Cloud Messaging em notificações push, essencial para reengajar usuários mesmo com o app fechado.",Mobile
Boas práticas de teste de carga para simulação de picos de tráfego,Explorando simulação de picos de tráfego com teste de carga como uma forma de encontrar o ponto de ruptura de um sistema antes dos usuários.,DevOps
Por que design de star schema importa em data warehousing,"Notas práticas sobre design de star schema usando data warehousing, com o objetivo de otimizar tabelas para consultas analíticas.",Databases
Boas práticas de Azure para grupos de recursos,"Uma visão geral de grupos de recursos em Azure, com foco em organizar recursos de nuvem relacionados para facilitar o gerenciamento.",Cloud
Entendendo reatividade compilada em Svelte,"Conceitos-chave por trás de reatividade compilada em Svelte, relevantes para atualizar o DOM sem uma etapa de diffing de DOM virtual.",Frontend
Primeiros passos com design responsivo,"Uma visão geral de media queries em design responsivo, com foco em adaptar layouts entre os breakpoints de mobile, tablet e desktop.",Frontend
Curvas de Precision-Recall,Por que curvas de Precision-Recall são melhores do que curvas ROC-AUC para avaliar datasets altamente desbalanceados.,Data Science
Entendendo escolha do modelo de dados certo em NoSQL vs SQL,"Um olhar prático sobre escolha do modelo de dados certo em NoSQL vs SQL, essencial para decidir entre bancos de dados relacionais e de documentos.",Databases
Um guia prático de session storage,"Notas práticas sobre session storage usando Redis, com o objetivo de compartilhar o estado de login entre várias instâncias do servidor backend.",Backend
Um guia prático de B-tree vs hash indexes,"Conceitos-chave por trás de B-tree vs hash indexes em indexação de banco de dados, relevantes para escolher o tipo certo de índice para um padrão de consulta.",Databases
Primeiros passos com TensorFlow,"Como TensorFlow lida com API de alto nível do Keras, útil para prototipar modelos de deep learning rapidamente.",Data Science
Um guia prático de partições do Kafka,"Conceitos-chave por trás de partições do Kafka em message brokers, relevantes para escalar o consumo de eventos entre vários consumidores.",Data Engineering
Feature flags: entrega progressiva,"Uma visão geral de entrega progressiva em feature flags, com foco em ativar e desativar features sem reimplantar código.",DevOps
Por que estruturas de dados importa em Redis,"Notas práticas sobre estruturas de dados usando Redis, com o objetivo de usar sorted sets e hashes além do simples cache chave-valor.",Databases
Boas práticas de GraphQL para resolvers,"Uma visão geral de resolvers em GraphQL, com foco em buscar apenas os campos que o cliente pede explicitamente.",Backend
Por que desempenho percebido importa em skeleton screens,"Como skeleton screens lida com desempenho percebido, útil para mostrar conteúdo provisório enquanto os dados ainda carregam.",Frontend
Primeiros passos com redes de entrega de conteúdo (CDN),"Uma visão geral de cache na borda (edge) em redes de entrega de conteúdo (CDN), com foco em servir conteúdo a partir de locais mais próximos dos usuários finais.",Cloud
Boas práticas de segurança no Express.js,"Protegendo backends Node.js com o middleware Helmet, desativando o x-powered-by e sanitizando entradas do usuário.",Backend
Primeiros passos com message brokers,"Como message brokers lida com partições do Kafka, útil para escalar o consumo de eventos entre vários consumidores.",Data Engineering
Organização de data lakes na nuvem,"Boas práticas para hierarquias de pastas: organizando arquivos por data, origem bruta e eventos do sistema.",Data Engineering
Boas práticas de ELK Stack para logging centralizado,"Notas práticas sobre logging centralizado usando ELK Stack, com o objetivo de agregar logs de vários serviços em um só lugar.",DevOps
Boas práticas de monitoramento de banco de dados para logs de consultas lentas,"Como monitoramento de banco de dados lida com logs de consultas lentas, útil para identificar consultas que precisam de otimização.",Databases
Clustering a fundo: K-means,"Um olhar prático sobre K-means em clustering, essencial para agrupar pontos de dados semelhantes sem exemplos rotulados.",Data Science
Entendendo Word2Vec e GloVe em word embeddings,"Uma visão geral de Word2Vec e GloVe em word embeddings, com foco em representar palavras como vetores densos que capturam significado.",Data Science
Primeiros passos com XGBoost,"Um olhar prático sobre gradient boosting em XGBoost, essencial para combinar modelos fracos em um modelo preditivo forte.",Data Science
Por que o event loop importa em Node.js,Explorando o event loop com Node.js como uma forma de lidar com milhares de conexões simultâneas sem bloquear threads.,Backend
Mitigação de Cold Starts serverless,Estratégias para reduzir cold starts em funções na nuvem usando concorrência provisionada e runtimes leves.,Cloud
Por que agregações em janelas (windowed) importa em processamento de streams,"Notas práticas sobre agregações em janelas (windowed) usando processamento de streams, com o objetivo de calcular métricas sobre dados que chegam continuamente.",Data Engineering
Entendendo armazenamento colunar em arquivos Parquet,"Uma visão geral de armazenamento colunar em arquivos Parquet, com foco em acelerar consultas analíticas em grandes datasets.",Data Engineering
Um guia prático de comunicação em tempo real,Explorando comunicação em tempo real com WebSockets como uma forma de enviar atualizações em tempo real aos clientes sem polling.,Backend
Um guia prático de requisitos de residência de dados,Explorando requisitos de residência de dados com conformidade na nuvem como uma forma de manter dados dentro dos limites geográficos exigidos.,Cloud
Um guia prático de APIs de Face ID e impressão digital,Explorando APIs de Face ID e impressão digital com autenticação biométrica como uma forma de permitir que usuários façam login com segurança sem digitar senha.,Mobile
CSS Grid a fundo: layouts bidimensionais,"Como CSS Grid lida com layouts bidimensionais, útil para organizar elementos em linhas e colunas de forma declarativa.",Frontend
Por que acesso de privilégio mínimo importa em IAM na nuvem,"Uma visão geral de acesso de privilégio mínimo em IAM na nuvem, com foco em conceder apenas as permissões que um recurso realmente precisa.",Cloud
Vite a fundo: hot module replacement,Explorando hot module replacement com Vite como uma forma de refletir mudanças de código instantaneamente sem recarregar a página.,Frontend
Primeiros passos com bloqueio de banco de dados (locking),"Uma visão geral de prevenção de deadlocks em bloqueio de banco de dados (locking), com foco em evitar transações que se bloqueiam indefinidamente.",Databases
Primeiros passos com Ansible,"Um olhar prático sobre playbooks idempotentes em Ansible, essencial para aplicar mudanças de configuração com segurança várias vezes.",DevOps
Boas práticas de sistemas de recomendação para filtragem colaborativa,"Um olhar prático sobre filtragem colaborativa em sistemas de recomendação, essencial para sugerir itens com base em comportamentos de usuários semelhantes.",Data Science
Boas práticas de provisionamento de infraestrutura para automação cloud-native,"Conceitos-chave por trás de automação cloud-native em provisionamento de infraestrutura, relevantes para criar ambientes de forma consistente e rápida.",Cloud
Primeiros passos com JWT,"Um olhar prático sobre autenticação sem estado em JWT, essencial para emitir tokens assinados em vez de sessões no servidor.",Backend
Processamento de linguagem natural: tokenização,"Uma visão geral de tokenização em processamento de linguagem natural, com foco em dividir texto em unidades que um modelo consegue processar.",Data Science
Por que tratamento de conexões instáveis importa em rede em mobile,"Notas práticas sobre tratamento de conexões instáveis usando rede em mobile, com o objetivo de reenviar requisições que falharam de forma adequada em redes mobile.",Mobile
Entendendo codificação de variáveis categóricas em engenharia de features,Explorando codificação de variáveis categóricas com engenharia de features como uma forma de preparar dados não numéricos para modelos de machine learning.,Data Science
Por que watchOS e Wear OS importa em aplicativos para wearables,Explorando watchOS e Wear OS com aplicativos para wearables como uma forma de estender a experiência de um app mobile para smartwatches.,Mobile
Um guia prático de o problema de consultas N+1,"Uma visão geral de o problema de consultas N+1 em ORMs, com foco em evitar idas e vindas excessivas ao banco de dados causadas por lazy loading.",Databases
Um guia prático de Debezium,"Conceitos-chave por trás de Debezium em Change Data Capture, relevantes para capturar mudanças em nível de linha a partir de um banco de dados de origem.",Data Engineering
Por que hooks customizados importa em React,"Uma visão geral de hooks customizados em React, com foco em extrair lógica reutilizável com estado entre componentes.",Frontend
Por que service workers importa em Progressive Web Apps,"Um olhar prático sobre service workers em Progressive Web Apps, essencial para habilitar acesso offline e sincronização em segundo plano no navegador.",Frontend
Spring Boot: injeção de dependência,"Um olhar prático sobre injeção de dependência em Spring Boot, essencial para conectar serviços e repositórios automaticamente por meio de anotações.",Backend
Entendendo InfluxDB em bancos de dados de séries temporais,"Uma visão geral de InfluxDB em bancos de dados de séries temporais, com foco em armazenar e consultar dados de métricas de forma eficiente ao longo do tempo.",Databases
Laravel a fundo: relacionamentos do Eloquent ORM,"Como Laravel lida com relacionamentos do Eloquent ORM, útil para modelar associações um-para-muitos e muitos-para-muitos entre tabelas.",Backend
Primeiros passos com Server-Sent Events,"Notas práticas sobre streaming unidirecional usando Server-Sent Events, com o objetivo de enviar atualizações contínuas do servidor para o navegador.",Backend
Animações: a Web Animations API,"Um olhar prático sobre a Web Animations API em animações, essencial para criar transições suaves sem bibliotecas pesadas.",Frontend
Por que configurações específicas por ambiente importa em gerenciamento de configuração,"Notas práticas sobre configurações específicas por ambiente usando gerenciamento de configuração, com o objetivo de evitar valores fixos (hardcoded) entre deploys.",DevOps
Entendendo latência de cold start em arquiteturas serverless,"Notas práticas sobre latência de cold start usando arquiteturas serverless, com o objetivo de entender as vantagens e desvantagens da computação por uso.",Cloud
Um guia prático de escalonamento baseado em métricas customizadas,"Como auto scaling lida com escalonamento baseado em métricas customizadas, útil para reagir a sinais de carga específicos da aplicação.",Cloud
Elasticsearch: índices invertidos,"Uma visão geral de índices invertidos em Elasticsearch, com foco em habilitar busca full-text rápida em grandes datasets.",Databases
Roteamento dinâmico no Next.js,Criando caminhos de página dinâmicos no Next.js usando notação de colchetes e obtendo parâmetros de rota em tempo de execução.,Frontend
Otimização do tamanho do app: redução de código,Explorando redução de código com otimização do tamanho do app como uma forma de reduzir o tamanho do APK e do IPA para downloads mais rápidos.,Mobile
Por que streaming de mudanças de banco de dados importa em Change Data Capture,"Um olhar prático sobre streaming de mudanças de banco de dados em Change Data Capture, essencial para propagar atualizações para outros sistemas em tempo real.",Databases
Um guia prático de Jetpack Compose,"Uma visão geral de Jetpack Compose em Kotlin, com foco em escrever interfaces Android de forma declarativa, sem layouts XML.",Mobile
Um guia prático de automação cloud-native,"Como provisionamento de infraestrutura lida com automação cloud-native, útil para criar ambientes de forma consistente e rápida.",Cloud
Boas práticas de segurança de banco de dados para segurança em nível de linha,"Um olhar prático sobre segurança em nível de linha em segurança de banco de dados, essencial para restringir quais linhas um usuário pode acessar.",Databases
Gerenciadores de pacotes: pnpm vs npm,"Por que o pnpm é mais rápido e eficiente em espaço de disco do que npm e yarn, graças a hard links e armazenamento content-addressable.",Frontend
IndexedDB no navegador,Armazenando grandes quantidades de dados estruturados no lado do cliente usando o IndexedDB nativo do navegador.,Frontend
Gerenciamento de configuração a fundo: configurações específicas por ambiente,Explorando configurações específicas por ambiente com gerenciamento de configuração como uma forma de evitar valores fixos (hardcoded) entre deploys.,DevOps
Entendendo redução de redundância em normalização de banco de dados,"Uma visão geral de redução de redundância em normalização de banco de dados, com foco em organizar tabelas para evitar dados duplicados.",Databases
Um guia prático de InfluxDB,"Notas práticas sobre InfluxDB usando bancos de dados de séries temporais, com o objetivo de armazenar e consultar dados de métricas de forma eficiente ao longo do tempo.",Databases
Estratégia multi-cloud: evitar vendor lock-in,"Como estratégia multi-cloud lida com evitar vendor lock-in, útil para projetar sistemas portáveis entre provedores de nuvem.",Cloud
Profiler de performance do React,Como usar o Profiler do React Developer Tools para medir o tempo de renderização dos componentes e evitar rerenders desnecessários.,Frontend
Por que cache de pipeline importa em GitLab CI,"Como GitLab CI lida com cache de pipeline, útil para acelerar builds reutilizando dependências entre execuções.",DevOps
Entendendo serviços de banco de dados gerenciados em bancos de dados em nuvem,"Um olhar prático sobre serviços de banco de dados gerenciados em bancos de dados em nuvem, essencial para delegar backups e atualizações ao provedor de nuvem.",Cloud
Por que rolling updates importa em Kubernetes,"Uma visão geral de rolling updates em Kubernetes, com foco em implantar novas versões sem downtime.",DevOps
Boas práticas de pipelines de dados para tarefas idempotentes,"Um olhar prático sobre tarefas idempotentes em pipelines de dados, essencial para reexecutar um pipeline com segurança sem duplicar dados.",Data Engineering
Monitoramento de nuvem a fundo: observabilidade centralizada,"Como monitoramento de nuvem lida com observabilidade centralizada, útil para rastrear métricas e logs entre recursos na nuvem.",Cloud
Primeiros passos com processamento de streams,Explorando agregações em janelas (windowed) com processamento de streams como uma forma de calcular métricas sobre dados que chegam continuamente.,Data Engineering
Primeiros passos com processamento em lote,"Uma visão geral de jobs de dados agendados em processamento em lote, com foco em rodar grandes transformações em um cronograma fixo.",Data Engineering
Gerenciamento de configuração com Playbooks do Ansible,Escrevendo playbooks declarativos do Ansible para automatizar atualizações de sistema e instalação de pacotes em frotas de VMs.,DevOps
Boas práticas de previsão de séries temporais para modelos ARIMA,"Conceitos-chave por trás de modelos ARIMA em previsão de séries temporais, relevantes para prever valores futuros com base em padrões históricos.",Data Science
Um guia prático de error budgets,"Um olhar prático sobre error budgets em práticas de SRE, essencial para equilibrar trabalho de confiabilidade e velocidade de entrega de features.",DevOps
Bancos de dados de grafo: relacionamentos no Neo4j,"Uma visão geral de relacionamentos no Neo4j em bancos de dados de grafo, com foco em modelar dados altamente conectados, como redes sociais.",Databases
Micro frontends: module federation,"Notas práticas sobre module federation usando micro frontends, com o objetivo de permitir que equipes independentes publiquem partes da mesma aplicação web.",Frontend
Ciclo de execução de queries no GraphQL,"Como resolvers do GraphQL analisam, validam e executam queries em servidores backend Node.js e Python.",Backend
Uploads multipart a fundo: tratamento de arquivos grandes,"Um olhar prático sobre tratamento de arquivos grandes em uploads multipart, essencial para processar uploads de arquivos de forma eficiente no backend.",Backend
Primeiros passos com otimização de custos na nuvem,"Um olhar prático sobre instâncias reservadas em otimização de custos na nuvem, essencial para reduzir custos de computação com compromissos de longo prazo.",Cloud
Fundamentos de Chaos Engineering,Melhorando a resiliência na nuvem ao injetar falhas aleatórias de servidor para testar sistemas de recuperação automática.,DevOps
Entendendo a API HTML5 de Drag and Drop em drag and drop,Explorando a API HTML5 de Drag and Drop com drag and drop como uma forma de construir listas ordenáveis e quadros kanban no navegador.,Frontend
Boas práticas de linhagem de dados para rastreamento de proveniência de dados,"Notas práticas sobre rastreamento de proveniência de dados usando linhagem de dados, com o objetivo de entender de onde vieram os valores de um dataset.",Data Engineering
Boas práticas de gRPC para Protocol Buffers,"Conceitos-chave por trás de Protocol Buffers em gRPC, relevantes para definir contratos de serviço fortemente tipados entre linguagens.",Backend
Por que logging centralizado importa em ELK Stack,"Como ELK Stack lida com logging centralizado, útil para agregar logs de vários serviços em um só lugar.",DevOps
Migrações de banco de dados em Node.js,Versionando schemas de banco de dados relacionais em backends Node.js usando migrações do Knex.js ou Sequelize.,Backend
Stratify no train_test_split do Scikit-learn,Por que usar o parâmetro stratify no train_test_split é essencial para manter as proporções das classes.,Data Science
Entendendo observabilidade centralizada em monitoramento de nuvem,"Notas práticas sobre observabilidade centralizada usando monitoramento de nuvem, com o objetivo de rastrear métricas e logs entre recursos na nuvem.",Cloud
Modelagem de documentos NoSQL,Projetando schemas em bancos de dados de documentos: quando incorporar subdocumentos aninhados versus referenciar documentos.,Databases
Configuração de rede OCI FastConnect,"Estabelecendo conexões de rede física dedicadas, privadas e de alta velocidade entre o ambiente on-premises e a Oracle Cloud.",Cloud
