id,title,category,word_count,content_clean
cnt_0000,Boas práticas de TypeScript para estreitamento de tipos,Frontend,30,boas práticas de typescript para estreitamento de tipos. conceitos-chave por trás do estreitamento de tipos type narrowing em typescript relevantes para identificar incompatibilidades de prop e state antes da execução.
cnt_0001,Primeiros passos com visão computacional,Data Science,20,primeiros passos com visão computacional. explorando redes neurais convolucionais com visão computacional como forma de extrair características espaciais de imagens.
cnt_0002,JWT a fundo: autenticação sem estado,Backend,28,jwt a fundo autenticação sem estado. uma visão geral da autenticação sem estado stateless em jwt com foco em emitir tokens assinados em vez de sessões no servidor.
cnt_0003,Por que a API HTML5 de Drag and Drop importa em Drag and drop,Frontend,33,por que a api html5 de drag and drop importa em drag and drop. explorando a api html5 de drag and drop como forma de construir listas ordenáveis e quadros kanban no navegador.
cnt_0004,Primeiros passos com chaves de idempotência,Backend,23,primeiros passos com chaves de idempotência. um olhar prático sobre chaves de idempotência essenciais para evitar efeitos colaterais duplicados quando clientes reenviam requisições.
cnt_0005,Um guia prático de streaming de mudanças de banco de dados,Databases,37,um guia prático de streaming de mudanças de banco de dados. uma visão geral do streaming de mudanças de banco de dados em change data capture com foco em propagar atualizações para outros sistemas em tempo real.
cnt_0006,Entendendo o auto scaling do EC2 na AWS,Cloud,28,entendendo o auto scaling do ec2 na aws. conceitos-chave por trás do auto scaling do ec2 na aws relevantes para ajustar a capacidade computacional automaticamente conforme a demanda.
cnt_0007,Boas práticas de scikit-learn para validação cruzada,Data Science,27,boas práticas de scikit-learn para validação cruzada. uma visão geral da validação cruzada no scikit-learn com foco em obter uma estimativa mais confiável do desempenho do modelo.
cnt_0008,Boas práticas de processamento em lote para jobs de dados agendados,Data Engineering,35,boas práticas de processamento em lote para jobs de dados agendados. uma visão geral de jobs de dados agendados em processamento em lote batch processing com foco em rodar grandes transformações em um cronograma fixo.
cnt_0009,Um guia prático de auto scaling do EC2,Cloud,28,um guia prático de auto scaling do ec2. como a aws lida com o auto scaling do ec2 útil para ajustar a capacidade computacional automaticamente conforme a demanda.
cnt_0010,Entendendo a Web Animations API em animações,Frontend,23,entendendo a web animations api em animações. como animações lidam com a web animations api útil para criar transições suaves sem bibliotecas pesadas.
cnt_0011,Gerenciamento de estado com Vue Pinia,Frontend,21,gerenciamento de estado com vue pinia. gerenciando estado reativo global em aplicações vue 3 usando pinia o sucessor moderno do vuex.
cnt_0012,Realm Database em aplicativos mobile,Mobile,23,realm database em aplicativos mobile. implementando o realm como banco de dados local rápido reativo e offline-first em swift kotlin e react native.
cnt_0013,Entendendo testes de injeção de falhas em Chaos Engineering,DevOps,30,entendendo testes de injeção de falhas em chaos engineering. explorando testes de injeção de falhas com chaos engineering como forma de verificar se os sistemas se recuperam bem de falhas.
cnt_0014,Por que o Jetpack Compose importa em Kotlin,Mobile,28,por que o jetpack compose importa em kotlin. um olhar prático sobre o jetpack compose em kotlin essencial para escrever interfaces android de forma declarativa sem layouts xml.
cnt_0015,Primeiros passos com Chaos Engineering,DevOps,29,primeiros passos com chaos engineering. notas práticas sobre testes de injeção de falhas usando chaos engineering com o objetivo de verificar se os sistemas se recuperam bem de falhas.
cnt_0016,Um guia prático de testes de injeção de falhas,DevOps,32,um guia prático de testes de injeção de falhas. um olhar prático sobre testes de injeção de falhas em chaos engineering essencial para verificar se os sistemas se recuperam bem de falhas.
cnt_0017,Boas práticas de Redis para estruturas de dados,Databases,27,boas práticas de redis para estruturas de dados. explorando estruturas de dados com redis como forma de usar sorted sets e hashes além do simples cache chave-valor.
cnt_0018,Um guia prático de agendamento de tarefas em segundo plano,Mobile,35,um guia prático de agendamento de tarefas em segundo plano. conceitos-chave por trás do agendamento de tarefas em segundo plano em otimização de bateria relevantes para minimizar o consumo de energia por atividades em background.
cnt_0019,Limpeza de dados a fundo: tratando valores ausentes,Data Science,29,limpeza de dados a fundo tratando valores ausentes. explorando o tratamento de valores ausentes com limpeza de dados como forma de decidir entre imputar remover ou sinalizar dados faltantes.
cnt_0020,Entendendo streaming unidirecional em Server-Sent Events,Backend,23,entendendo streaming unidirecional em server-sent events. como server-sent events lida com streaming unidirecional útil para enviar atualizações contínuas do servidor para o navegador.
cnt_0021,Data lakes a fundo: schema-on-read,Data Engineering,27,data lakes a fundo schema-on-read. notas práticas sobre schema-on-read usando data lakes com o objetivo de armazenar dados brutos de forma flexível antes de definir sua estrutura.
cnt_0022,Zustand a fundo: gerenciamento de estado leve,Frontend,28,zustand a fundo gerenciamento de estado leve. uma visão geral do gerenciamento de estado leve no zustand com foco em evitar boilerplate comparado às tradicionais stores do redux.
cnt_0023,scikit-learn a fundo: validação cruzada,Data Science,25,scikit-learn a fundo validação cruzada. uma visão geral da validação cruzada no scikit-learn com foco em obter uma estimativa mais confiável do desempenho do modelo.
cnt_0024,Por que module federation importa em micro frontends,Frontend,30,por que module federation importa em micro frontends. uma visão geral de module federation em micro frontends com foco em permitir que equipes independentes publiquem partes da mesma aplicação web.
cnt_0025,Boas práticas de indexação de banco de dados,Databases,28,boas práticas de indexação de banco de dados. por que a ordem das colunas em índices compostos importa e como índices não usados prejudicam o desempenho de escrita.
cnt_0026,Entendendo tsvector do PostgreSQL em busca full-text,Databases,32,entendendo tsvector do postgresql em busca full-text. como busca full-text lida com o tsvector do postgresql útil para buscar em campos de texto grandes de forma eficiente dentro do banco de dados.
cnt_0027,Subqueries correlacionadas em SQL,Databases,17,subqueries correlacionadas em sql. escrevendo consultas sql avançadas usando subqueries correlacionadas e entendendo seu impacto no desempenho.
cnt_0028,Otimização de meta tags para SEO,Frontend,20,otimização de meta tags para seo. configurando open graph twitter cards urls canônicas e metadados dinâmicos em single page applications.
cnt_0029,Um guia prático de regras de alerta,DevOps,25,um guia prático de regras de alerta. conceitos-chave por trás de regras de alerta no grafana relevantes para notificar equipes automaticamente quando métricas ultrapassam limites.
cnt_0030,Por que dar suporte a tablets e dobráveis importa em layouts adaptativos,Mobile,35,por que dar suporte a tablets e dobráveis importa em layouts adaptativos. explorando o suporte a tablets e dobráveis com layouts adaptativos como forma de projetar interfaces que se ajustam a diferentes tamanhos de tela.
cnt_0031,Skeleton screens: desempenho percebido,Frontend,23,skeleton screens desempenho percebido. um olhar prático sobre desempenho percebido com skeleton screens essencial para mostrar conteúdo provisório enquanto os dados ainda carregam.
cnt_0032,Fluxo de desenvolvimento trunk-based,DevOps,23,fluxo de desenvolvimento trunk-based. por que equipes de alta performance preferem trunk-based development com branches de vida curta em vez do pesado gitflow.
cnt_0033,Um guia prático de p-values,Data Science,23,um guia prático de p-values. um olhar prático sobre p-values em testes de hipótese estatística essencial para medir evidências contra uma hipótese nula.
cnt_0034,Entendendo gráficos vetoriais inline em ícones SVG,Frontend,25,entendendo gráficos vetoriais inline em ícones svg. como ícones svg lidam com gráficos vetoriais inline útil para manter ícones nítidos em qualquer resolução de tela.
cnt_0035,Por que a Web Animations API importa em animações,Frontend,28,por que a web animations api importa em animações. notas práticas sobre a web animations api usando animações com o objetivo de criar transições suaves sem bibliotecas pesadas.
cnt_0036,Entendendo Firebase Cloud Messaging em notificações push,Mobile,26,entendendo firebase cloud messaging em notificações push. um olhar prático sobre firebase cloud messaging em notificações push essencial para reengajar usuários mesmo com o app fechado.
cnt_0037,Micro frontends a fundo: module federation,Frontend,27,micro frontends a fundo module federation. um olhar prático sobre module federation em micro frontends essencial para permitir que equipes independentes publiquem partes da mesma aplicação web.
cnt_0038,Arquitetura medalhão em data lakes,Data Engineering,21,arquitetura medalhão em data lakes. projetando plataformas de dados com zonas de armazenamento bronze bruto silver limpo e gold negócio .
cnt_0039,Um guia prático de inputs controlados vs não controlados,Frontend,33,um guia prático de inputs controlados vs não controlados. conceitos-chave por trás de inputs controlados vs não controlados no tratamento de formulários relevantes para decidir como gerenciar o estado de formulários no react.
cnt_0040,Boas práticas de backup de banco de dados para recuperação point-in-time,Databases,35,boas práticas de backup de banco de dados para recuperação point-in-time. conceitos-chave por trás da recuperação point-in-time em backups de banco de dados relevantes para restaurar dados a um momento específico após perda de dados.
cnt_0041,Um guia prático de operações vetorizadas,Data Science,20,um guia prático de operações vetorizadas. explorando operações vetorizadas com numpy como forma de acelerar cálculos numéricos sem loops explícitos.
cnt_0042,Change Data Capture: Debezium,Data Engineering,30,change data capture debezium. conceitos-chave por trás do debezium em change data capture relevantes para capturar mudanças em nível de linha a partir de um banco de dados de origem.
cnt_0043,Segurança mobile: certificate pinning,Mobile,23,segurança mobile certificate pinning. notas práticas sobre certificate pinning usando segurança mobile com o objetivo de prevenir ataques man-in-the-middle em chamadas de api.
cnt_0044,ASP.NET Core a fundo: Minimal APIs,Backend,23,asp.net core a fundo minimal apis. uma visão geral de minimal apis em asp.net core com foco em reduzir boilerplate para microsserviços pequenos.
cnt_0045,Replicação a fundo: réplicas de leitura,Databases,29,replicação a fundo réplicas de leitura. como replicação lida com réplicas de leitura útil para escalar cargas de trabalho intensivas em leitura entre várias cópias do banco de dados.
cnt_0046,Entendendo stacking classifiers em métodos ensemble,Data Science,25,entendendo stacking classifiers em métodos ensemble. notas práticas sobre stacking classifiers usando métodos ensemble com o objetivo de combinar vários modelos para melhorar a acurácia.
cnt_0047,Boas práticas de PyTorch para construir redes neurais,Data Science,29,boas práticas de pytorch para construir redes neurais. notas práticas sobre construir redes neurais usando pytorch com o objetivo de definir camadas e loops de treino personalizados do zero.
cnt_0048,Boas práticas de avaliação de modelos para matrizes de confusão,Data Science,30,boas práticas de avaliação de modelos para matrizes de confusão. explorando matrizes de confusão com avaliação de modelos como forma de entender os tipos de erro que um classificador comete.
cnt_0049,Schema Registry do Apache Kafka,Data Engineering,22,schema registry do apache kafka. gerenciando schemas avro ou json em pipelines de streaming kafka em tempo real usando o schema registry.
cnt_0050,Boas práticas de teste de pipeline de dados para testes unitários de transformações,Data Engineering,39,boas práticas de teste de pipeline de dados para testes unitários de transformações. notas práticas sobre testes unitários de transformações em teste de pipeline de dados com o objetivo de detectar bugs antes que cheguem aos dados de produção.
cnt_0051,Um guia prático de tratamento de schema drift,Data Engineering,33,um guia prático de tratamento de schema drift. uma visão geral do tratamento de schema drift em ingestão de dados com foco em adaptar pipelines quando a estrutura dos dados de origem muda.
cnt_0052,Entendendo o tratamento de arquivos grandes em uploads multipart,Backend,30,entendendo o tratamento de arquivos grandes em uploads multipart. explorando o tratamento de arquivos grandes com uploads multipart como forma de processar uploads de arquivos de forma eficiente no backend.
cnt_0053,Métodos ensemble: stacking classifiers,Data Science,22,métodos ensemble stacking classifiers. um olhar prático sobre stacking classifiers em métodos ensemble essencial para combinar vários modelos para melhorar a acurácia.
cnt_0054,Por que observabilidade centralizada importa em monitoramento de nuvem,Cloud,27,por que observabilidade centralizada importa em monitoramento de nuvem. explorando observabilidade centralizada com monitoramento de nuvem como forma de rastrear métricas e logs entre recursos na nuvem.
cnt_0055,Entendendo o tratamento de valores ausentes em limpeza de dados,Data Science,32,entendendo o tratamento de valores ausentes em limpeza de dados. conceitos-chave por trás do tratamento de valores ausentes em limpeza de dados relevantes para decidir entre imputar remover ou sinalizar dados faltantes.
cnt_0056,Escalonamento de desempenho de OCI Block Volume,Cloud,28,escalonamento de desempenho de oci block volume. ajustando dinamicamente os níveis de desempenho de iops do block volume sem downtime para atender à demanda de bancos de dados.
cnt_0057,AWS Lambda: funções serverless,Cloud,20,aws lambda funções serverless. explorando funções serverless com aws lambda como forma de executar código sem provisionar ou gerenciar servidores.
cnt_0058,Go a fundo: goroutines,Backend,22,go a fundo goroutines. uma visão geral de goroutines em go com foco em executar tarefas concorrentes leves usando channels para sincronização.
cnt_0059,Por que round robin vs least connections importa em algoritmos de balanceamento de carga,Backend,38,por que round robin vs least connections importa em algoritmos de balanceamento de carga. conceitos-chave por trás de round robin vs least connections em algoritmos de balanceamento de carga relevantes para distribuir tráfego igualmente entre réplicas do backend.
cnt_0060,Primeiros passos com balanceadores de carga na nuvem,Cloud,33,primeiros passos com balanceadores de carga na nuvem. notas práticas sobre distribuição de tráfego globalmente usando balanceadores de carga na nuvem com o objetivo de rotear usuários para a região saudável mais próxima.
cnt_0061,Um guia prático de workflows reutilizáveis,DevOps,24,um guia prático de workflows reutilizáveis. um olhar prático sobre workflows reutilizáveis em github actions essencial para compartilhar lógica de ci entre vários repositórios.
cnt_0062,Backfill histórico de dados no Airflow,Data Engineering,20,backfill histórico de dados no airflow. executando backfills históricos no apache airflow sem sobrecarregar bancos de dados ou tarefas ativas.
cnt_0063,Primeiros passos com ajuste de hiperparâmetros,Data Science,26,primeiros passos com ajuste de hiperparâmetros. como ajuste de hiperparâmetros lida com grid search vs random search útil para encontrar sistematicamente a melhor configuração de modelo.
cnt_0064,Um guia prático de atributos ARIA,Frontend,25,um guia prático de atributos aria. conceitos-chave por trás de atributos aria em acessibilidade a11y relevantes para tornar widgets interativos utilizáveis com leitores de tela.
cnt_0065,Por que fine-tuning de modelos pré-treinados importa em transfer learning,Data Science,33,por que fine-tuning de modelos pré-treinados importa em transfer learning. um olhar prático sobre fine-tuning de modelos pré-treinados em transfer learning essencial para adaptar modelos grandes a uma nova tarefa com menos dados.
cnt_0066,Entendendo builds multi-stage em Docker,DevOps,23,entendendo builds multi-stage em docker. explorando builds multi-stage com docker como uma forma de manter imagens de container pequenas e prontas para produção.
cnt_0067,Primeiros passos com Tailwind CSS,Frontend,21,primeiros passos com tailwind css. como tailwind css lida com classes utility-first útil para estilizar componentes sem escrever arquivos css customizados.
cnt_0068,Primeiros passos com Web Vitals,Frontend,25,primeiros passos com web vitals. explorando largest contentful paint com web vitals como uma forma de medir o desempenho de carregamento percebido por usuários reais.
cnt_0069,Boas práticas de conformidade na nuvem para requisitos de residência de dados,Cloud,33,boas práticas de conformidade na nuvem para requisitos de residência de dados. explorando requisitos de residência de dados com conformidade na nuvem como uma forma de manter dados dentro dos limites geográficos exigidos.
cnt_0070,Boas práticas de particionamento de dados para particionamento por data,Data Engineering,33,boas práticas de particionamento de dados para particionamento por data. explorando particionamento por data com particionamento de dados como uma forma de melhorar o desempenho de consultas em tabelas grandes de data lake.
cnt_0071,Boas práticas de ingestão de dados para tratamento de schema drift,Data Engineering,36,boas práticas de ingestão de dados para tratamento de schema drift. uma visão geral de tratamento de schema drift em ingestão de dados com foco em adaptar pipelines quando a estrutura dos dados de origem muda.
cnt_0072,Por que o algoritmo token bucket importa em rate limiting,Backend,31,por que o algoritmo token bucket importa em rate limiting. explorando o algoritmo token bucket com rate limiting como uma forma de proteger uma api contra abuso e picos de tráfego.
cnt_0073,Primeiros passos com gerenciamento de segredos,DevOps,25,primeiros passos com gerenciamento de segredos. como gerenciamento de segredos lida com hashicorp vault útil para armazenar credenciais com segurança em vez de texto puro.
cnt_0074,Governança de dados a fundo: políticas de controle de acesso,Data Engineering,34,governança de dados a fundo políticas de controle de acesso. notas práticas sobre políticas de controle de acesso usando governança de dados com o objetivo de controlar quem pode ver ou modificar datasets sensíveis.
cnt_0075,Entendendo design de star schema em data warehousing,Databases,27,entendendo design de star schema em data warehousing. uma visão geral de design de star schema em data warehousing com foco em otimizar tabelas para consultas analíticas.
cnt_0076,Primeiros passos com Flutter,Mobile,28,primeiros passos com flutter. um olhar prático sobre a árvore de widgets em flutter essencial para construir uis multiplataforma a partir de uma única base de código dart.
cnt_0077,PostgreSQL a fundo: estratégias de indexação,Databases,26,postgresql a fundo estratégias de indexação. notas práticas sobre estratégias de indexação usando postgresql com o objetivo de acelerar o desempenho de consultas em tabelas grandes.
cnt_0078,Injeção de dependência no NestJS,Backend,22,injeção de dependência no nestjs. como funcionam a injeção de dependência e os providers no nestjs. criando serviços injetáveis e resolvendo dependências.
cnt_0079,Primeiros passos com grupos de auto scaling,DevOps,29,primeiros passos com grupos de auto scaling. notas práticas sobre políticas de escalonamento usando grupos de auto scaling com o objetivo de adicionar ou remover instâncias conforme a demanda.
cnt_0080,Primeiros passos com monitoramento de banco de dados,Databases,28,primeiros passos com monitoramento de banco de dados. como monitoramento de banco de dados lida com logs de consultas lentas útil para identificar consultas que precisam de otimização.
cnt_0081,Entendendo penalidades L1 e L2 em regularização,Data Science,28,entendendo penalidades l1 e l2 em regularização. explorando penalidades l1 e l2 com regularização como uma forma de evitar que um modelo sofra overfitting nos dados de treino.
cnt_0082,Avaliação de modelos a fundo: matrizes de confusão,Data Science,31,avaliação de modelos a fundo matrizes de confusão. notas práticas sobre matrizes de confusão usando avaliação de modelos com o objetivo de entender os tipos de erro que um classificador comete.
cnt_0083,OAuth2: fluxos de autorização,Backend,23,oauth2 fluxos de autorização. como oauth2 lida com fluxos de autorização útil para delegar acesso sem compartilhar a senha do usuário com terceiros.
cnt_0084,Primeiros passos com Helm charts,DevOps,22,primeiros passos com helm charts. explorando templates de manifests do kubernetes com helm charts como uma forma de reutilizar configuração entre ambientes.
cnt_0085,Boas práticas de FastAPI para validação com Pydantic,Backend,27,boas práticas de fastapi para validação com pydantic. conceitos-chave por trás de validação com pydantic em fastapi relevantes para impor schemas de requisição automaticamente com type hints.
cnt_0086,Entendendo bancos de dados embarcados em SQLite,Databases,31,entendendo bancos de dados embarcados em sqlite. notas práticas sobre bancos de dados embarcados usando sqlite com o objetivo de armazenar dados localmente sem um servidor de banco de dados separado.
cnt_0087,Pipelines ELT: transformação de dados no warehouse,Data Engineering,31,pipelines elt transformação de dados no warehouse. uma visão geral de transformação de dados no warehouse em pipelines elt com foco em aproveitar o poder de computação do warehouse para transformações.
cnt_0088,Um guia prático de failover multi-região,Cloud,25,um guia prático de failover multi-região. como recuperação de desastres na nuvem lida com failover multi-região útil para manter sistemas disponíveis durante uma falha regional.
cnt_0089,Indexação de banco de dados: B-tree vs hash indexes,Databases,37,indexação de banco de dados b-tree vs hash indexes. notas práticas sobre b-tree vs hash indexes usando indexação de banco de dados com o objetivo de escolher o tipo certo de índice para um padrão de consulta.
cnt_0090,Por que consumidores do RabbitMQ importa em filas de mensagens,Backend,33,por que consumidores do rabbitmq importa em filas de mensagens. um olhar prático sobre consumidores do rabbitmq em filas de mensagens essencial para desacoplar trabalho lento em segundo plano do ciclo de requisição-resposta.
cnt_0091,Boas práticas de desempenho mobile para redução do tempo de inicialização do app,Mobile,40,boas práticas de desempenho mobile para redução do tempo de inicialização do app. conceitos-chave por trás de redução do tempo de inicialização do app em desempenho mobile relevantes para melhorar a primeira impressão que os usuários têm de um app.
cnt_0092,Um guia prático de navegação em single page applications,Frontend,31,um guia prático de navegação em single page applications. explorando navegação em single page applications com roteamento no cliente como uma forma de trocar de tela sem recarregar a página inteira.
cnt_0093,Um guia prático de bibliotecas de componentes,Frontend,28,um guia prático de bibliotecas de componentes. uma visão geral de bibliotecas de componentes em design systems com foco em manter consistência visual entre equipes de produto grandes.
cnt_0094,Canary releases: rollout gradual,DevOps,24,canary releases rollout gradual. como canary releases lida com rollout gradual útil para expor uma nova versão a um pequeno subconjunto de usuários primeiro.
cnt_0095,Primeiros passos com feature flags,DevOps,24,primeiros passos com feature flags. notas práticas sobre entrega progressiva usando feature flags com o objetivo de ativar e desativar features sem reimplantar código.
cnt_0096,Primeiros passos com teste de pipeline de dados,Data Engineering,33,primeiros passos com teste de pipeline de dados. conceitos-chave por trás de testes unitários de transformações em teste de pipeline de dados relevantes para detectar bugs antes que cheguem aos dados de produção.
cnt_0097,Entendendo HashiCorp Vault em gerenciamento de segredos,DevOps,28,entendendo hashicorp vault em gerenciamento de segredos. conceitos-chave por trás de hashicorp vault em gerenciamento de segredos relevantes para armazenar credenciais com segurança em vez de texto puro.
cnt_0098,Next.js a fundo: renderização no servidor (SSR),Frontend,32,next.js a fundo renderização no servidor ssr . um olhar prático sobre renderização no servidor ssr em next.js essencial para melhorar o tempo de primeira renderização e o seo de apps react.
cnt_0099,Integração com Azure Active Directory,Cloud,21,integração com azure active directory. configurando identidade corporativa single sign-on sso e controle de acesso a recursos com o azure ad.
cnt_0100,Um guia prático de module federation,Frontend,26,um guia prático de module federation. explorando module federation com micro frontends como uma forma de permitir que equipes independentes publiquem partes da mesma aplicação web.
cnt_0101,Chaos Engineering: testes de injeção de falhas,DevOps,30,chaos engineering testes de injeção de falhas. conceitos-chave por trás de testes de injeção de falhas em chaos engineering relevantes para verificar se os sistemas se recuperam bem de falhas.
cnt_0102,Primeiros passos com IAM na nuvem,Cloud,27,primeiros passos com iam na nuvem. como iam na nuvem lida com acesso de privilégio mínimo útil para conceder apenas as permissões que um recurso realmente precisa.
cnt_0103,Primeiros passos com armazenamento em nuvem,Cloud,31,primeiros passos com armazenamento em nuvem. um olhar prático sobre camadas de armazenamento frio vs quente em armazenamento em nuvem essencial para equilibrar custo e velocidade de recuperação de dados armazenados.
cnt_0104,TensorFlow: API de alto nível do Keras,Data Science,26,tensorflow api de alto nível do keras. explorando api de alto nível do keras com tensorflow como uma forma de prototipar modelos de deep learning rapidamente.
cnt_0105,Boas práticas de migrações de banco de dados para mudanças versionadas de schema,Databases,42,boas práticas de migrações de banco de dados para mudanças versionadas de schema. explorando mudanças versionadas de schema com migrações de banco de dados como uma forma de evoluir o schema de um banco de dados com segurança ao longo do tempo.
cnt_0106,Por que transações ACID em data lakes importa em Delta Lake,Data Engineering,33,por que transações acid em data lakes importa em delta lake. explorando transações acid em data lakes com delta lake como uma forma de adicionar confiabilidade a armazenamento de dados em larga escala.
cnt_0107,Um guia prático de redução do tempo de inicialização do app,Mobile,38,um guia prático de redução do tempo de inicialização do app. um olhar prático sobre redução do tempo de inicialização do app em desempenho mobile essencial para melhorar a primeira impressão que os usuários têm de um app.
cnt_0108,Teste de pipeline de dados: testes unitários de transformações,Data Engineering,35,teste de pipeline de dados testes unitários de transformações. notas práticas sobre testes unitários de transformações usando teste de pipeline de dados com o objetivo de detectar bugs antes que cheguem aos dados de produção.
cnt_0109,Boas práticas de algoritmos de balanceamento de carga para round robin vs least connections,Backend,39,boas práticas de algoritmos de balanceamento de carga para round robin vs least connections. notas práticas sobre round robin vs least connections usando algoritmos de balanceamento de carga com o objetivo de distribuir tráfego igualmente entre réplicas do backend.
cnt_0110,Por que escalonamento baseado em métricas customizadas importa em auto scaling,Cloud,32,por que escalonamento baseado em métricas customizadas importa em auto scaling. explorando escalonamento baseado em métricas customizadas com auto scaling como uma forma de reagir a sinais de carga específicos da aplicação.
cnt_0111,Por que arquitetura snowflake importa em data warehouses,Data Engineering,29,por que arquitetura snowflake importa em data warehouses. uma visão geral de arquitetura snowflake em data warehouses com foco em separar armazenamento e computação em cargas de trabalho analíticas.
cnt_0112,Primeiros passos com verificações de qualidade de dados,Data Engineering,31,primeiros passos com verificações de qualidade de dados. explorando regras de validação com verificações de qualidade de dados como uma forma de detectar dados ruins antes que cheguem aos sistemas seguintes.
cnt_0113,Por que integrações orientadas a eventos importa em webhooks,Backend,28,por que integrações orientadas a eventos importa em webhooks. como webhooks lida com integrações orientadas a eventos útil para notificar sistemas externos quando algo acontece em tempo real.
cnt_0114,Jenkins a fundo: pipelines declarativos,DevOps,21,jenkins a fundo pipelines declarativos. como jenkins lida com pipelines declarativos útil para definir etapas de build e deploy como código.
cnt_0115,Boas práticas de AWS Lambda para funções serverless,Cloud,27,boas práticas de aws lambda para funções serverless. notas práticas sobre funções serverless usando aws lambda com o objetivo de executar código sem provisionar ou gerenciar servidores.
cnt_0116,Por que regras de acesso de rede importa em grupos de segurança na nuvem,Cloud,40,por que regras de acesso de rede importa em grupos de segurança na nuvem. notas práticas sobre regras de acesso de rede usando grupos de segurança na nuvem com o objetivo de controlar tráfego de entrada e saída de recursos.
cnt_0117,Bloqueio de banco de dados (locking) a fundo: prevenção de deadlocks,Databases,33,bloqueio de banco de dados locking a fundo prevenção de deadlocks. um olhar prático sobre prevenção de deadlocks em bloqueio de banco de dados locking essencial para evitar transações que se bloqueiam indefinidamente.
cnt_0118,Implementando CORS no FastAPI,Backend,19,implementando cors no fastapi. como configurar cross-origin resource sharing no fastapi usando corsmiddleware para permitir requisições seguras do navegador.
cnt_0119,Por que importância de features importa em Random Forest,Data Science,31,por que importância de features importa em random forest. uma visão geral de importância de features em random forest com foco em entender quais variáveis influenciam as previsões de um modelo.
cnt_0120,Acompanhamento de métricas DORA no DevOps,DevOps,21,acompanhamento de métricas dora no devops. medindo a performance do time usando deployment frequency lead time mttr e change failure rate.
cnt_0121,Por que reutilização de conexões de banco de dados importa em pool de conexões,Databases,38,por que reutilização de conexões de banco de dados importa em pool de conexões. conceitos-chave por trás de reutilização de conexões de banco de dados em pool de conexões relevantes para reduzir overhead em aplicações de alto tráfego.
cnt_0122,Um guia prático de otimização de consultas,Databases,25,um guia prático de otimização de consultas. um olhar prático sobre otimização de consultas em mysql essencial para reescrever consultas lentas usando planos do explain.
cnt_0123,Um guia prático de tarefas idempotentes,Data Engineering,26,um guia prático de tarefas idempotentes. um olhar prático sobre tarefas idempotentes em pipelines de dados essencial para reexecutar um pipeline com segurança sem duplicar dados.
cnt_0124,Bancos de dados em nuvem: serviços de banco de dados gerenciados,Cloud,35,bancos de dados em nuvem serviços de banco de dados gerenciados. como bancos de dados em nuvem lida com serviços de banco de dados gerenciados útil para delegar backups e atualizações ao provedor de nuvem.
cnt_0125,Acessibilidade mobile: VoiceOver e TalkBack,Mobile,26,acessibilidade mobile voiceover e talkback. uma visão geral de voiceover e talkback em acessibilidade mobile com foco em tornar apps utilizáveis para usuários com deficiência visual.
cnt_0126,Primeiros passos com nuvem híbrida,Cloud,25,primeiros passos com nuvem híbrida. um olhar prático sobre conexão entre on-premises e nuvem em nuvem híbrida essencial para estender infraestrutura existente para a nuvem.
cnt_0127,GraphQL: resolvers,Backend,20,graphql resolvers. um olhar prático sobre resolvers em graphql essencial para buscar apenas os campos que o cliente pede explicitamente.
cnt_0128,Boas práticas de Kubernetes para autoscaling horizontal de pods,DevOps,26,boas práticas de kubernetes para autoscaling horizontal de pods. explorando autoscaling horizontal de pods com kubernetes como uma forma de ajustar réplicas automaticamente conforme a carga.
cnt_0129,Boas práticas de filas de mensagens para consumidores do RabbitMQ,Backend,33,boas práticas de filas de mensagens para consumidores do rabbitmq. conceitos-chave por trás de consumidores do rabbitmq em filas de mensagens relevantes para desacoplar trabalho lento em segundo plano do ciclo de requisição-resposta.
cnt_0130,Particionamento de banco de dados a fundo: particionamento por faixa (range),Databases,37,particionamento de banco de dados a fundo particionamento por faixa range . uma visão geral de particionamento por faixa range em particionamento de banco de dados com foco em dividir tabelas grandes por data ou outra chave.
cnt_0131,Visualização de matriz de confusão,Data Science,20,visualização de matriz de confusão. criando heatmaps claros de matriz de confusão com seaborn para avaliar erros de predição multiclasse.
cnt_0132,Por que a arquitetura de bridge importa em React Native,Mobile,36,por que a arquitetura de bridge importa em react native. notas práticas sobre a arquitetura de bridge usando react native com o objetivo de permitir que o javascript se comunique com módulos nativos ios e android.
cnt_0133,Um guia prático de tsvector do PostgreSQL,Databases,32,um guia prático de tsvector do postgresql. explorando tsvector do postgresql com busca full-text como uma forma de buscar em campos de texto grandes de forma eficiente dentro do banco de dados.
cnt_0134,JWT: autenticação sem estado,Backend,22,jwt autenticação sem estado. como jwt lida com autenticação sem estado útil para emitir tokens assinados em vez de sessões no servidor.
cnt_0135,Registries de containers na nuvem,Cloud,21,registries de containers na nuvem. armazenando gerenciando e escaneando imagens de containers docker no oci registry ou aws ecr com segurança.
cnt_0136,Entendendo gerenciamento de metadados em catalogação de dados,Data Engineering,27,entendendo gerenciamento de metadados em catalogação de dados. explorando gerenciamento de metadados com catalogação de dados como uma forma de tornar datasets descobríveis em toda a organização.
cnt_0137,Web Vitals a fundo: Largest Contentful Paint,Frontend,26,web vitals a fundo largest contentful paint. como web vitals lida com largest contentful paint útil para medir o desempenho de carregamento percebido por usuários reais.
cnt_0138,Por que mudanças versionadas de schema importa em migrações de banco de dados,Databases,41,por que mudanças versionadas de schema importa em migrações de banco de dados. como migrações de banco de dados lida com mudanças versionadas de schema útil para evoluir o schema de um banco de dados com segurança ao longo do tempo.
cnt_0139,Android: o ciclo de vida da Activity,Mobile,33,android o ciclo de vida da activity. conceitos-chave por trás de o ciclo de vida da activity em android relevantes para gerenciar o estado corretamente quando telas giram ou vão para segundo plano.
cnt_0140,Boas práticas de processamento de streams para agregações em janelas (windowed),Data Engineering,32,boas práticas de processamento de streams para agregações em janelas windowed . explorando agregações em janelas windowed com processamento de streams como uma forma de calcular métricas sobre dados que chegam continuamente.
cnt_0141,Swift a fundo: views declarativas do SwiftUI,Mobile,28,swift a fundo views declarativas do swiftui. um olhar prático sobre views declarativas do swiftui em swift essencial para construir interfaces ios com menos código imperativo do uikit.
cnt_0142,Infraestrutura como código: infraestrutura imutável,DevOps,24,infraestrutura como código infraestrutura imutável. explorando infraestrutura imutável com infraestrutura como código como uma forma de substituir servidores em vez de atualizá-los no local.
cnt_0143,Por que jobs de dados agendados importa em processamento em lote,Data Engineering,31,por que jobs de dados agendados importa em processamento em lote. explorando jobs de dados agendados com processamento em lote como uma forma de rodar grandes transformações em um cronograma fixo.
cnt_0144,Diferenças de modelagem OLTP vs OLAP,Databases,18,diferenças de modelagem oltp vs olap. projetando esquemas relacionais altamente normalizados 3nf vs esquemas star desnormalizados para análises.
cnt_0145,Minimal APIs no ASP.NET Core,Backend,22,minimal apis no asp.net core. construindo microsserviços leves usando minimal apis no .net. route handlers injeção de dependência e otimização de performance.
cnt_0146,Transações ACID no Delta Lake,Data Engineering,21,transações acid no delta lake. trazendo transações confiáveis aplicação de schema e rollback com time-travel para lakes de armazenamento de objetos.
cnt_0147,Por que agregações com groupby importa em Pandas,Data Science,23,por que agregações com groupby importa em pandas. como pandas lida com agregações com groupby útil para resumir grandes datasets por categoria rapidamente.
cnt_0148,Entendendo estratégias de indexação em PostgreSQL,Databases,25,entendendo estratégias de indexação em postgresql. um olhar prático sobre estratégias de indexação em postgresql essencial para acelerar o desempenho de consultas em tabelas grandes.
cnt_0149,Entendendo prevenção de deadlocks em bloqueio de banco de dados (locking),Databases,34,entendendo prevenção de deadlocks em bloqueio de banco de dados locking . um olhar prático sobre prevenção de deadlocks em bloqueio de banco de dados locking essencial para evitar transações que se bloqueiam indefinidamente.
cnt_0150,Por que cadeias de middleware importa em Express.js,Backend,28,por que cadeias de middleware importa em express.js. como express.js lida com cadeias de middleware útil para tratar autenticação logging e erros em um único pipeline de requisição.
cnt_0151,Um guia prático de conformidade com diretrizes,Mobile,30,um guia prático de conformidade com diretrizes. notas práticas sobre conformidade com diretrizes usando revisão da app store com o objetivo de evitar motivos comuns de rejeição antes do envio.
cnt_0152,Políticas de eviction de cache no Redis,Databases,19,políticas de eviction de cache no redis. configurando volatile-lru allkeys-lru e limites de maxmemory em servidores de cache redis.
cnt_0153,Por que coroutines no backend importa em Kotlin,Backend,31,por que coroutines no backend importa em kotlin. uma visão geral de coroutines no backend em kotlin com foco em escrever código de serviço assíncrono que se lê como código síncrono.
cnt_0154,Entendendo inputs controlados vs não controlados em tratamento de formulários,Frontend,34,entendendo inputs controlados vs não controlados em tratamento de formulários. um olhar prático sobre inputs controlados vs não controlados em tratamento de formulários essencial para decidir como gerenciar o estado de formulários no react.
cnt_0155,Angular a fundo: formulários reativos,Frontend,22,angular a fundo formulários reativos. explorando formulários reativos com angular como uma forma de validar entradas complexas do usuário de forma declarativa.
cnt_0156,Por que infraestrutura imutável importa em infraestrutura como código,DevOps,28,por que infraestrutura imutável importa em infraestrutura como código. explorando infraestrutura imutável com infraestrutura como código como uma forma de substituir servidores em vez de atualizá-los no local.
cnt_0157,Data warehousing a fundo: design de star schema,Databases,25,data warehousing a fundo design de star schema. explorando design de star schema com data warehousing como uma forma de otimizar tabelas para consultas analíticas.
cnt_0158,Testes unitários: mock de serviços externos,Backend,32,testes unitários mock de serviços externos. uma visão geral de mock de serviços externos em testes unitários com foco em isolar a lógica de negócio de chamadas de rede durante os testes.
cnt_0159,Boas práticas de Server-Sent Events para streaming unidirecional,Backend,25,boas práticas de server-sent events para streaming unidirecional. como server-sent events lida com streaming unidirecional útil para enviar atualizações contínuas do servidor para o navegador.
cnt_0160,Boas práticas de rate limiting para o algoritmo token bucket,Backend,30,boas práticas de rate limiting para o algoritmo token bucket. como rate limiting lida com o algoritmo token bucket útil para proteger uma api contra abuso e picos de tráfego.
cnt_0161,Por que alinhamento e distribuição importa em Flexbox,Frontend,28,por que alinhamento e distribuição importa em flexbox. um olhar prático sobre alinhamento e distribuição em flexbox essencial para construir barras de navegação e layouts de cards responsivos.
cnt_0162,Entendendo cache de pipeline em GitLab CI,DevOps,23,entendendo cache de pipeline em gitlab ci. como gitlab ci lida com cache de pipeline útil para acelerar builds reutilizando dependências entre execuções.
cnt_0163,Funções em nuvem a fundo: gatilhos orientados a eventos,Cloud,30,funções em nuvem a fundo gatilhos orientados a eventos. como funções em nuvem lida com gatilhos orientados a eventos útil para executar código automaticamente em resposta a eventos na nuvem.
cnt_0164,Por que métricas customizadas importa em Prometheus,DevOps,24,por que métricas customizadas importa em prometheus. conceitos-chave por trás de métricas customizadas em prometheus relevantes para monitorar indicadores de saúde específicos da aplicação.
cnt_0165,Primeiros passos com provisionamento de infraestrutura,Cloud,26,primeiros passos com provisionamento de infraestrutura. notas práticas sobre automação cloud-native usando provisionamento de infraestrutura com o objetivo de criar ambientes de forma consistente e rápida.
cnt_0166,Primeiros passos com conformidade na nuvem,Cloud,29,primeiros passos com conformidade na nuvem. uma visão geral de requisitos de residência de dados em conformidade na nuvem com foco em manter dados dentro dos limites geográficos exigidos.
cnt_0167,Kotlin a fundo: coroutines no backend,Backend,28,kotlin a fundo coroutines no backend. um olhar prático sobre coroutines no backend em kotlin essencial para escrever código de serviço assíncrono que se lê como código síncrono.
cnt_0168,APIs de geolocalização mobile,Mobile,17,apis de geolocalização mobile. solicitando permissões de localização e obtendo coordenadas de latitude longitude em apps mobile.
cnt_0169,MethodChannels do Flutter,Mobile,20,methodchannels do flutter. como invocar código nativo específico de plataforma java kotlin objective-c swift a partir do flutter usando methodchannels.
cnt_0170,Primeiros passos com transações,Databases,24,primeiros passos com transações. conceitos-chave por trás de propriedades acid em transações relevantes para garantir consistência mesmo quando operações falham no meio do caminho.
cnt_0171,Boas práticas de ASP.NET Core para Minimal APIs,Backend,25,boas práticas de asp.net core para minimal apis. uma visão geral de minimal apis em asp.net core com foco em reduzir boilerplate para microsserviços pequenos.
cnt_0172,Por que gráficos vetoriais inline importa em ícones SVG,Frontend,29,por que gráficos vetoriais inline importa em ícones svg. conceitos-chave por trás de gráficos vetoriais inline em ícones svg relevantes para manter ícones nítidos em qualquer resolução de tela.
cnt_0173,Primeiros passos com dashboards de visualização de dados,Data Science,28,primeiros passos com dashboards de visualização de dados. conceitos-chave por trás de plotly dash em dashboards de visualização de dados relevantes para construir ferramentas exploratórias interativas para stakeholders.
cnt_0174,Primeiros passos com testes mobile,Mobile,28,primeiros passos com testes mobile. uma visão geral de frameworks de automação de ui em testes mobile com foco em rodar testes end-to-end em dispositivos reais e simuladores.
cnt_0175,Um guia prático de transformação de dados no warehouse,Data Engineering,31,um guia prático de transformação de dados no warehouse. explorando transformação de dados no warehouse com pipelines elt como uma forma de aproveitar o poder de computação do warehouse para transformações.
cnt_0176,Boas práticas de Change Data Capture para streaming de mudanças de banco de dados,Databases,40,boas práticas de change data capture para streaming de mudanças de banco de dados. uma visão geral de streaming de mudanças de banco de dados em change data capture com foco em propagar atualizações para outros sistemas em tempo real.
cnt_0177,Criptografia de Secrets no Kubernetes,DevOps,23,criptografia de secrets no kubernetes. como proteger senhas de banco de dados no kubernetes usando secrets criptografados em vez de texto em base64.
cnt_0178,Design responsivo: media queries,Frontend,23,design responsivo media queries. como design responsivo lida com media queries útil para adaptar layouts entre os breakpoints de mobile tablet e desktop.
cnt_0179,Redis: estruturas de dados,Databases,25,redis estruturas de dados. um olhar prático sobre estruturas de dados em redis essencial para usar sorted sets e hashes além do simples cache chave-valor.
cnt_0180,Por que certificate pinning importa em segurança mobile,Mobile,27,por que certificate pinning importa em segurança mobile. notas práticas sobre certificate pinning usando segurança mobile com o objetivo de prevenir ataques man-in-the-middle em chamadas de api.
cnt_0181,Por que separação de camadas importa em Clean Architecture,Backend,33,por que separação de camadas importa em clean architecture. um olhar prático sobre separação de camadas em clean architecture essencial para manter a lógica de domínio independente de frameworks e bancos de dados.
cnt_0182,Boas práticas de Random Forest para importância de features,Data Science,31,boas práticas de random forest para importância de features. notas práticas sobre importância de features usando random forest com o objetivo de entender quais variáveis influenciam as previsões de um modelo.
cnt_0183,Pipelines de CI/CD a fundo: rollback automatizado,DevOps,30,pipelines de ci cd a fundo rollback automatizado. um olhar prático sobre rollback automatizado em pipelines de ci cd essencial para reverter automaticamente um deploy ruim em caso de falha.
cnt_0184,Boas práticas de VPN na nuvem para conexões site a site,Cloud,32,boas práticas de vpn na nuvem para conexões site a site. um olhar prático sobre conexões site a site em vpn na nuvem essencial para conectar com segurança redes on-premises à nuvem.
cnt_0185,Entendendo versionamento e imutabilidade em armazenamento de objetos,Cloud,26,entendendo versionamento e imutabilidade em armazenamento de objetos. explorando versionamento e imutabilidade com armazenamento de objetos como uma forma de proteger dados armazenados contra exclusão acidental.
cnt_0186,Agregação de logs: logging estruturado,DevOps,24,agregação de logs logging estruturado. conceitos-chave por trás de logging estruturado em agregação de logs relevantes para facilitar a busca e correlação de logs.
cnt_0187,Express.js a fundo: cadeias de middleware,Backend,28,express.js a fundo cadeias de middleware. um olhar prático sobre cadeias de middleware em express.js essencial para tratar autenticação logging e erros em um único pipeline de requisição.
cnt_0188,Por que transformação de dados no warehouse importa em pipelines ELT,Data Engineering,34,por que transformação de dados no warehouse importa em pipelines elt. conceitos-chave por trás de transformação de dados no warehouse em pipelines elt relevantes para aproveitar o poder de computação do warehouse para transformações.
cnt_0189,Um guia prático de estratégias de indexação,Databases,26,um guia prático de estratégias de indexação. conceitos-chave por trás de estratégias de indexação em postgresql relevantes para acelerar o desempenho de consultas em tabelas grandes.
cnt_0190,Ansible: playbooks idempotentes,DevOps,21,ansible playbooks idempotentes. conceitos-chave por trás de playbooks idempotentes em ansible relevantes para aplicar mudanças de configuração com segurança várias vezes.
cnt_0191,Segurança mobile a fundo: certificate pinning,Mobile,24,segurança mobile a fundo certificate pinning. conceitos-chave por trás de certificate pinning em segurança mobile relevantes para prevenir ataques man-in-the-middle em chamadas de api.
cnt_0192,Boas práticas de Apache Kafka para streaming de eventos,Data Engineering,29,boas práticas de apache kafka para streaming de eventos. uma visão geral de streaming de eventos em apache kafka com foco em mover dados entre sistemas em tempo real.
cnt_0193,Entendendo modelos ARIMA em previsão de séries temporais,Data Science,27,entendendo modelos arima em previsão de séries temporais. como previsão de séries temporais lida com modelos arima útil para prever valores futuros com base em padrões históricos.
cnt_0194,Por que armazenamento colunar importa em arquivos Parquet,Data Engineering,25,por que armazenamento colunar importa em arquivos parquet. conceitos-chave por trás de armazenamento colunar em arquivos parquet relevantes para acelerar consultas analíticas em grandes datasets.
cnt_0195,Providers de estado no Flutter,Mobile,21,providers de estado no flutter. usando riverpod ou provider para gerenciar estado ouvir streams e atualizar a ui em aplicações mobile.
cnt_0196,Boas práticas de Testing Library para testes de componentes centrados no usuário,Frontend,40,boas práticas de testing library para testes de componentes centrados no usuário. notas práticas sobre testes de componentes centrados no usuário usando testing library com o objetivo de testar a ui da forma como um usuário real interagiria com ela.
cnt_0197,Monitoramento de banco de dados: logs de consultas lentas,Databases,31,monitoramento de banco de dados logs de consultas lentas. um olhar prático sobre logs de consultas lentas em monitoramento de banco de dados essencial para identificar consultas que precisam de otimização.
cnt_0198,Entendendo significância estatística em teste A/B,Data Science,28,entendendo significância estatística em teste a b. como teste a b lida com significância estatística útil para decidir se uma diferença observada é real ou fruto do acaso.
cnt_0199,Um guia prático de layouts bidimensionais,Frontend,26,um guia prático de layouts bidimensionais. conceitos-chave por trás de layouts bidimensionais em css grid relevantes para organizar elementos em linhas e colunas de forma declarativa.
cnt_0200,Primeiros passos com registries de containers,DevOps,27,primeiros passos com registries de containers. uma visão geral de escaneamento de imagens em registries de containers com foco em detectar vulnerabilidades antes de implantar um container.
cnt_0201,Reconhecimento de gestos: manipuladores de toque customizados,Mobile,30,reconhecimento de gestos manipuladores de toque customizados. explorando manipuladores de toque customizados com reconhecimento de gestos como uma forma de construir interações de swipe e pinch em um app mobile.
cnt_0202,Apache Spark: processamento de dados distribuído,Data Engineering,26,apache spark processamento de dados distribuído. notas práticas sobre processamento de dados distribuído usando apache spark com o objetivo de transformar grandes datasets em um cluster.
cnt_0203,Entendendo transações ACID em data lakes em Delta Lake,Data Engineering,32,entendendo transações acid em data lakes em delta lake. um olhar prático sobre transações acid em data lakes em delta lake essencial para adicionar confiabilidade a armazenamento de dados em larga escala.
cnt_0204,Boas práticas de engenharia de features para codificação de variáveis categóricas,Data Science,32,boas práticas de engenharia de features para codificação de variáveis categóricas. como engenharia de features lida com codificação de variáveis categóricas útil para preparar dados não numéricos para modelos de machine learning.
cnt_0205,Um guia prático de configurações específicas por ambiente,DevOps,26,um guia prático de configurações específicas por ambiente. como gerenciamento de configuração lida com configurações específicas por ambiente útil para evitar valores fixos hardcoded entre deploys.
cnt_0206,Primeiros passos com Terraform,DevOps,21,primeiros passos com terraform. como terraform lida com gerenciamento de estado útil para rastrear mudanças de infraestrutura com segurança entre equipes.
cnt_0207,Um guia prático de runbooks,DevOps,23,um guia prático de runbooks. explorando runbooks com resposta a incidentes como uma forma de documentar passos para resolver problemas comuns de produção.
cnt_0208,Migrações de banco de dados: mudanças versionadas de schema,Databases,40,migrações de banco de dados mudanças versionadas de schema. notas práticas sobre mudanças versionadas de schema usando migrações de banco de dados com o objetivo de evoluir o schema de um banco de dados com segurança ao longo do tempo.
cnt_0209,Primeiros passos com testes unitários,Backend,30,primeiros passos com testes unitários. um olhar prático sobre mock de serviços externos em testes unitários essencial para isolar a lógica de negócio de chamadas de rede durante os testes.
cnt_0210,Failover multi-região na nuvem,Cloud,20,failover multi-região na nuvem. projetando planos de recuperação de desastres usando roteamento dns ativo-passivo para redirecionar tráfego a regiões secundárias.
cnt_0211,Restauração de estado de apps Android,Mobile,25,restauração de estado de apps android. salvando e restaurando o estado da ui quando o sistema android encerra processos em segundo plano para liberar memória.
cnt_0212,Entendendo construção de serializers em Django REST Framework,Backend,28,entendendo construção de serializers em django rest framework. como django rest framework lida com construção de serializers útil para converter querysets complexos em json para respostas de api.
cnt_0213,Entendendo hooks customizados em React,Frontend,22,entendendo hooks customizados em react. conceitos-chave por trás de hooks customizados em react relevantes para extrair lógica reutilizável com estado entre componentes.
cnt_0214,Roteamento no cliente: navegação em single page applications,Frontend,31,roteamento no cliente navegação em single page applications. um olhar prático sobre navegação em single page applications em roteamento no cliente essencial para trocar de tela sem recarregar a página inteira.
cnt_0215,Boas práticas de Seaborn para gráficos estatísticos,Data Science,23,boas práticas de seaborn para gráficos estatísticos. conceitos-chave por trás de gráficos estatísticos em seaborn relevantes para visualizar distribuições e relações entre variáveis.
cnt_0216,Entendendo renderização no servidor (SSR) em Next.js,Frontend,31,entendendo renderização no servidor ssr em next.js. conceitos-chave por trás de renderização no servidor ssr em next.js relevantes para melhorar o tempo de primeira renderização e o seo de apps react.
cnt_0217,Integração com a câmera a fundo: captura e processamento de fotos,Mobile,36,integração com a câmera a fundo captura e processamento de fotos. explorando captura e processamento de fotos com integração com a câmera como uma forma de adicionar recursos de captura de foto a um app mobile.
cnt_0218,Por que padrões PSR importa em PHP,Backend,24,por que padrões psr importa em php. como php lida com padrões psr útil para manter bases de código de backend interoperáveis entre frameworks.
cnt_0219,Boas práticas de WebSockets para comunicação em tempo real,Backend,31,boas práticas de websockets para comunicação em tempo real. notas práticas sobre comunicação em tempo real usando websockets com o objetivo de enviar atualizações em tempo real aos clientes sem polling.
cnt_0220,Particionamento de dados: particionamento por data,Data Engineering,29,particionamento de dados particionamento por data. explorando particionamento por data com particionamento de dados como uma forma de melhorar o desempenho de consultas em tabelas grandes de data lake.
cnt_0221,Um guia prático de tratamento de conexões instáveis,Mobile,33,um guia prático de tratamento de conexões instáveis. notas práticas sobre tratamento de conexões instáveis usando rede em mobile com o objetivo de reenviar requisições que falharam de forma adequada em redes mobile.
cnt_0222,Boas práticas de governança de dados para políticas de controle de acesso,Data Engineering,35,boas práticas de governança de dados para políticas de controle de acesso. um olhar prático sobre políticas de controle de acesso em governança de dados essencial para controlar quem pode ver ou modificar datasets sensíveis.
cnt_0223,Por que serviços de banco de dados gerenciados importa em bancos de dados em nuvem,Cloud,41,por que serviços de banco de dados gerenciados importa em bancos de dados em nuvem. um olhar prático sobre serviços de banco de dados gerenciados em bancos de dados em nuvem essencial para delegar backups e atualizações ao provedor de nuvem.
cnt_0224,Por que K-means importa em clustering,Data Science,24,por que k-means importa em clustering. notas práticas sobre k-means usando clustering com o objetivo de agrupar pontos de dados semelhantes sem exemplos rotulados.
cnt_0225,Por que validadores baseados em schema importa em validação de formulários,Frontend,33,por que validadores baseados em schema importa em validação de formulários. uma visão geral de validadores baseados em schema em validação de formulários com foco em manter regras de validação consistentes entre campos.
cnt_0226,Hot Module Replacement do Vite,Frontend,22,hot module replacement do vite. como o vite usa es modules nativos e hmr para oferecer uma experiência de desenvolvimento frontend ultrarrápida.
cnt_0227,Primeiros passos com interpretabilidade de modelos,Data Science,24,primeiros passos com interpretabilidade de modelos. explorando valores shap com interpretabilidade de modelos como uma forma de explicar previsões individuais de um modelo complexo.
cnt_0228,Primeiros passos com NoSQL vs SQL,Databases,30,primeiros passos com nosql vs sql. explorando escolha do modelo de dados certo com nosql vs sql como uma forma de decidir entre bancos de dados relacionais e de documentos.
cnt_0229,Boas práticas de Flexbox para alinhamento e distribuição,Frontend,28,boas práticas de flexbox para alinhamento e distribuição. conceitos-chave por trás de alinhamento e distribuição em flexbox relevantes para construir barras de navegação e layouts de cards responsivos.
cnt_0230,Boas práticas de AWS para auto scaling do EC2,Cloud,29,boas práticas de aws para auto scaling do ec2. conceitos-chave por trás de auto scaling do ec2 em aws relevantes para ajustar a capacidade computacional automaticamente conforme a demanda.
cnt_0231,Grafana: regras de alerta,DevOps,22,grafana regras de alerta. conceitos-chave por trás de regras de alerta em grafana relevantes para notificar equipes automaticamente quando métricas ultrapassam limites.
cnt_0232,Primeiros passos com desempenho web,Frontend,28,primeiros passos com desempenho web. conceitos-chave por trás de lazy loading de imagens em desempenho web relevantes para reduzir o peso inicial da página para carregar mais rápido.
cnt_0233,Um guia prático de templates de manifests do Kubernetes,DevOps,25,um guia prático de templates de manifests do kubernetes. como helm charts lida com templates de manifests do kubernetes útil para reutilizar configuração entre ambientes.
cnt_0234,Boas práticas de skeleton screens para desempenho percebido,Frontend,25,boas práticas de skeleton screens para desempenho percebido. como skeleton screens lida com desempenho percebido útil para mostrar conteúdo provisório enquanto os dados ainda carregam.
cnt_0235,Primeiros passos com pipelines ETL,Data Engineering,25,primeiros passos com pipelines etl. um olhar prático sobre extract-transform-load etl em pipelines etl essencial para transformar dados brutos em um formato limpo e consultável.
cnt_0236,Inferência bayesiana: distribuições a priori e a posteriori,Data Science,32,inferência bayesiana distribuições a priori e a posteriori. como inferência bayesiana lida com distribuições a priori e a posteriori útil para atualizar crenças sobre um parâmetro à medida que os dados chegam.
cnt_0237,Declarações reativas do Svelte,Frontend,21,declarações reativas do svelte. usando declarações e statements reativos no svelte com a sintaxe de cifrão para atualizar o dom automaticamente.
cnt_0238,Primeiros passos com sharding de banco de dados,Databases,28,primeiros passos com sharding de banco de dados. explorando particionamento horizontal com sharding de banco de dados como uma forma de dividir uma tabela grande entre vários servidores.
cnt_0239,Por que o Shadow DOM importa em Web Components,Frontend,31,por que o shadow dom importa em web components. explorando o shadow dom com web components como uma forma de encapsular estilos para que não vazem para o resto da página.
cnt_0240,Compras no aplicativo: StoreKit e biblioteca de billing,Mobile,28,compras no aplicativo storekit e biblioteca de billing. conceitos-chave por trás de storekit e biblioteca de billing em compras no aplicativo relevantes para implementar assinaturas e compras únicas.
cnt_0241,Checklists de envio para a App Store,Mobile,24,checklists de envio para a app store. requisitos passo a passo para enviar apps screenshots políticas de privacidade classificação etária e detalhes de revisão.
cnt_0242,Boas práticas de NumPy para operações vetorizadas,Data Science,23,boas práticas de numpy para operações vetorizadas. um olhar prático sobre operações vetorizadas em numpy essencial para acelerar cálculos numéricos sem loops explícitos.
cnt_0243,Boas práticas de webhooks para integrações orientadas a eventos,Backend,30,boas práticas de webhooks para integrações orientadas a eventos. um olhar prático sobre integrações orientadas a eventos em webhooks essencial para notificar sistemas externos quando algo acontece em tempo real.
cnt_0244,Um guia prático de schema-on-read,Data Engineering,26,um guia prático de schema-on-read. um olhar prático sobre schema-on-read em data lakes essencial para armazenar dados brutos de forma flexível antes de definir sua estrutura.
cnt_0245,Um guia prático de suporte a tablets e dobráveis,Mobile,33,um guia prático de suporte a tablets e dobráveis. conceitos-chave por trás de suporte a tablets e dobráveis em layouts adaptativos relevantes para projetar ui que se ajusta a diferentes tamanhos de tela.
cnt_0246,Por que otimização de consultas importa em MySQL,Databases,26,por que otimização de consultas importa em mysql. um olhar prático sobre otimização de consultas em mysql essencial para reescrever consultas lentas usando planos do explain.
cnt_0247,VPN na nuvem: conexões site a site,Cloud,29,vpn na nuvem conexões site a site. notas práticas sobre conexões site a site usando vpn na nuvem com o objetivo de conectar com segurança redes on-premises à nuvem.
cnt_0248,Entendendo retries de tarefas e backoff em orquestração de dados,Data Engineering,33,entendendo retries de tarefas e backoff em orquestração de dados. uma visão geral de retries de tarefas e backoff em orquestração de dados com foco em lidar com falhas transitórias em pipelines agendados.
cnt_0249,Boas práticas de Web Components para o Shadow DOM,Frontend,31,boas práticas de web components para o shadow dom. explorando o shadow dom com web components como uma forma de encapsular estilos para que não vazem para o resto da página.
cnt_0250,Boas práticas de Zustand para gerenciamento de estado leve,Frontend,29,boas práticas de zustand para gerenciamento de estado leve. um olhar prático sobre gerenciamento de estado leve em zustand essencial para evitar boilerplate comparado às tradicionais stores do redux.
cnt_0251,Um guia prático de resultados de consulta pré-computados,Databases,25,um guia prático de resultados de consulta pré-computados. um olhar prático sobre resultados de consulta pré-computados em views materializadas essencial para acelerar consultas agregadas custosas.
cnt_0252,Matplotlib a fundo: customização de gráficos,Data Science,25,matplotlib a fundo customização de gráficos. conceitos-chave por trás de customização de gráficos em matplotlib relevantes para comunicar insights com clareza por meio de visualizações.
cnt_0253,Boas práticas de TensorFlow para API de alto nível do Keras,Data Science,32,boas práticas de tensorflow para api de alto nível do keras. uma visão geral de api de alto nível do keras em tensorflow com foco em prototipar modelos de deep learning rapidamente.
cnt_0254,Por que escaneamento de imagens importa em registries de containers,DevOps,30,por que escaneamento de imagens importa em registries de containers. conceitos-chave por trás de escaneamento de imagens em registries de containers relevantes para detectar vulnerabilidades antes de implantar um container.
cnt_0255,Por que injeção de dependência importa em Spring Boot,Backend,31,por que injeção de dependência importa em spring boot. notas práticas sobre injeção de dependência usando spring boot com o objetivo de conectar serviços e repositórios automaticamente por meio de anotações.
cnt_0256,Primeiros passos com governança de dados,Data Engineering,29,primeiros passos com governança de dados. um olhar prático sobre políticas de controle de acesso em governança de dados essencial para controlar quem pode ver ou modificar datasets sensíveis.
cnt_0257,Roteamento no cliente a fundo: navegação em single page applications,Frontend,34,roteamento no cliente a fundo navegação em single page applications. uma visão geral de navegação em single page applications em roteamento no cliente com foco em trocar de tela sem recarregar a página inteira.
cnt_0258,Por que extract-transform-load (ETL) importa em pipelines ETL,Data Engineering,26,por que extract-transform-load etl importa em pipelines etl. como pipelines etl lida com extract-transform-load etl útil para transformar dados brutos em um formato limpo e consultável.
cnt_0259,Processamento de streams: agregações em janelas (windowed),Data Engineering,27,processamento de streams agregações em janelas windowed . como processamento de streams lida com agregações em janelas windowed útil para calcular métricas sobre dados que chegam continuamente.
cnt_0260,GitLab CI a fundo: cache de pipeline,DevOps,23,gitlab ci a fundo cache de pipeline. como gitlab ci lida com cache de pipeline útil para acelerar builds reutilizando dependências entre execuções.
cnt_0261,Primeiros passos com Redis,Backend,26,primeiros passos com redis. notas práticas sobre session storage usando redis com o objetivo de compartilhar o estado de login entre várias instâncias do servidor backend.
cnt_0262,Auto scaling a fundo: escalonamento baseado em métricas customizadas,Cloud,30,auto scaling a fundo escalonamento baseado em métricas customizadas. explorando escalonamento baseado em métricas customizadas com auto scaling como uma forma de reagir a sinais de carga específicos da aplicação.
cnt_0263,Níveis de isolamento de transação em banco de dados,Databases,21,níveis de isolamento de transação em banco de dados. entendendo read uncommitted read committed repeatable read e serializable em engines relacionais.
cnt_0264,Particionamento de dados a fundo: particionamento por data,Data Engineering,33,particionamento de dados a fundo particionamento por data. uma visão geral de particionamento por data em particionamento de dados com foco em melhorar o desempenho de consultas em tabelas grandes de data lake.
cnt_0265,Um guia prático de redução de redundância,Databases,28,um guia prático de redução de redundância. um olhar prático sobre redução de redundância em normalização de banco de dados essencial para organizar tabelas para evitar dados duplicados.
cnt_0266,Entendendo customização de gráficos em Matplotlib,Data Science,23,entendendo customização de gráficos em matplotlib. como matplotlib lida com customização de gráficos útil para comunicar insights com clareza por meio de visualizações.
cnt_0267,Pandas a fundo: agregações com groupby,Data Science,23,pandas a fundo agregações com groupby. um olhar prático sobre agregações com groupby em pandas essencial para resumir grandes datasets por categoria rapidamente.
cnt_0268,Boas práticas de aplicativos para wearables para watchOS e Wear OS,Mobile,33,boas práticas de aplicativos para wearables para watchos e wear os. explorando watchos e wear os com aplicativos para wearables como uma forma de estender a experiência de um app mobile para smartwatches.
cnt_0269,Testes unitários a fundo: mock de serviços externos,Backend,31,testes unitários a fundo mock de serviços externos. como testes unitários lida com mock de serviços externos útil para isolar a lógica de negócio de chamadas de rede durante os testes.
cnt_0270,Datasets desbalanceados: oversampling com SMOTE,Data Science,23,datasets desbalanceados oversampling com smote. conceitos-chave por trás de oversampling com smote em datasets desbalanceados relevantes para lidar com classes com poucos exemplos.
cnt_0271,Um guia prático de métricas customizadas,DevOps,23,um guia prático de métricas customizadas. um olhar prático sobre métricas customizadas em prometheus essencial para monitorar indicadores de saúde específicos da aplicação.
cnt_0272,ELK Stack: logging centralizado,DevOps,25,elk stack logging centralizado. uma visão geral de logging centralizado em elk stack com foco em agregar logs de vários serviços em um só lugar.
cnt_0273,Boas práticas de Jenkins para pipelines declarativos,DevOps,24,boas práticas de jenkins para pipelines declarativos. explorando pipelines declarativos com jenkins como uma forma de definir etapas de build e deploy como código.
cnt_0274,Swift: views declarativas do SwiftUI,Mobile,25,swift views declarativas do swiftui. explorando views declarativas do swiftui com swift como uma forma de construir interfaces ios com menos código imperativo do uikit.
cnt_0275,Pipelines de CI/CD: rollback automatizado,DevOps,28,pipelines de ci cd rollback automatizado. um olhar prático sobre rollback automatizado em pipelines de ci cd essencial para reverter automaticamente um deploy ruim em caso de falha.
cnt_0276,Primeiros passos com circuit breakers,Backend,24,primeiros passos com circuit breakers. uma visão geral de o padrão hystrix em circuit breakers com foco em evitar falhas em cascata entre microsserviços.
cnt_0277,Busca full-text: tsvector do PostgreSQL,Databases,32,busca full-text tsvector do postgresql. notas práticas sobre tsvector do postgresql usando busca full-text com o objetivo de buscar em campos de texto grandes de forma eficiente dentro do banco de dados.
cnt_0278,GitLab CI: cache de pipeline,DevOps,24,gitlab ci cache de pipeline. uma visão geral de cache de pipeline em gitlab ci com foco em acelerar builds reutilizando dependências entre execuções.
cnt_0279,Landmarks ARIA de acessibilidade,Frontend,21,landmarks aria de acessibilidade. melhorando a acessibilidade web a11y usando tags html5 semânticas e landmarks aria descritivos para leitores de tela.
cnt_0280,Tratando dados ausentes em datasets,Data Science,22,tratando dados ausentes em datasets. estratégias de imputação de dados média mediana imputação por k-nn e remoção de linhas com valores ausentes.
cnt_0281,Por que Protocol Buffers importa em gRPC,Backend,26,por que protocol buffers importa em grpc. notas práticas sobre protocol buffers usando grpc com o objetivo de definir contratos de serviço fortemente tipados entre linguagens.
cnt_0282,Azure a fundo: grupos de recursos,Cloud,26,azure a fundo grupos de recursos. conceitos-chave por trás de grupos de recursos em azure relevantes para organizar recursos de nuvem relacionados para facilitar o gerenciamento.
cnt_0283,Entendendo processamento de streams com estado em Apache Flink,Data Engineering,31,entendendo processamento de streams com estado em apache flink. uma visão geral de processamento de streams com estado em apache flink com foco em manter estado entre eventos em tempo real.
cnt_0284,Por que matrizes de confusão importa em avaliação de modelos,Data Science,32,por que matrizes de confusão importa em avaliação de modelos. um olhar prático sobre matrizes de confusão em avaliação de modelos essencial para entender os tipos de erro que um classificador comete.
cnt_0285,Containers de injeção de dependência a fundo: inversão de controle,Backend,35,containers de injeção de dependência a fundo inversão de controle. notas práticas sobre inversão de controle usando containers de injeção de dependência com o objetivo de trocar implementações sem alterar o código que as chama.
cnt_0286,Notificações push: Firebase Cloud Messaging,Mobile,25,notificações push firebase cloud messaging. notas práticas sobre firebase cloud messaging usando notificações push com o objetivo de reengajar usuários mesmo com o app fechado.
cnt_0287,Um guia prático de watchOS e Wear OS,Mobile,32,um guia prático de watchos e wear os. uma visão geral de watchos e wear os em aplicativos para wearables com foco em estender a experiência de um app mobile para smartwatches.
cnt_0288,Um guia prático de hot module replacement,Frontend,27,um guia prático de hot module replacement. um olhar prático sobre hot module replacement em vite essencial para refletir mudanças de código instantaneamente sem recarregar a página.
cnt_0289,Primeiros passos com NumPy,Data Science,20,primeiros passos com numpy. um olhar prático sobre operações vetorizadas em numpy essencial para acelerar cálculos numéricos sem loops explícitos.
cnt_0290,Rede na nuvem a fundo: virtual private clouds (VPCs),Cloud,33,rede na nuvem a fundo virtual private clouds vpcs . conceitos-chave por trás de virtual private clouds vpcs em rede na nuvem relevantes para isolar recursos de nuvem dentro de uma rede privada.
cnt_0291,Angular: formulários reativos,Frontend,20,angular formulários reativos. explorando formulários reativos com angular como uma forma de validar entradas complexas do usuário de forma declarativa.
cnt_0292,Por que builds multi-stage importa em Docker,DevOps,26,por que builds multi-stage importa em docker. conceitos-chave por trás de builds multi-stage em docker relevantes para manter imagens de container pequenas e prontas para produção.
cnt_0293,Fundamentos do classificador Naive Bayes,Data Science,22,fundamentos do classificador naive bayes. entendendo probabilidade condicional e o teorema de bayes aplicados à detecção de spam e classificação de texto.
cnt_0294,Um guia prático de fine-tuning de modelos pré-treinados,Data Science,32,um guia prático de fine-tuning de modelos pré-treinados. uma visão geral de fine-tuning de modelos pré-treinados em transfer learning com foco em adaptar modelos grandes a uma nova tarefa com menos dados.
cnt_0295,Um guia prático de integração com APIs da plataforma,Mobile,34,um guia prático de integração com apis da plataforma. conceitos-chave por trás de integração com apis da plataforma em módulos nativos relevantes para expor acesso à câmera ou a sensores para um app multiplataforma.
cnt_0296,Google Play: rollouts em etapas,Mobile,25,google play rollouts em etapas. como google play lida com rollouts em etapas útil para liberar uma atualização para um pequeno percentual de usuários primeiro.
cnt_0297,Entendendo Minimal APIs em ASP.NET Core,Backend,20,entendendo minimal apis em asp.net core. como asp.net core lida com minimal apis útil para reduzir boilerplate para microsserviços pequenos.
cnt_0298,Um guia prático de bancos de dados embarcados,Databases,31,um guia prático de bancos de dados embarcados. conceitos-chave por trás de bancos de dados embarcados em sqlite relevantes para armazenar dados localmente sem um servidor de banco de dados separado.
cnt_0299,Kubernetes: autoscaling horizontal de pods,DevOps,21,kubernetes autoscaling horizontal de pods. como kubernetes lida com autoscaling horizontal de pods útil para ajustar réplicas automaticamente conforme a carga.
cnt_0300,Entendendo infraestrutura imutável em infraestrutura como código,DevOps,28,entendendo infraestrutura imutável em infraestrutura como código. notas práticas sobre infraestrutura imutável usando infraestrutura como código com o objetivo de substituir servidores em vez de atualizá-los no local.
cnt_0301,Um guia prático de certificate pinning,Mobile,23,um guia prático de certificate pinning. explorando certificate pinning com segurança mobile como uma forma de prevenir ataques man-in-the-middle em chamadas de api.
cnt_0302,Funções em nuvem: gatilhos orientados a eventos,Cloud,30,funções em nuvem gatilhos orientados a eventos. um olhar prático sobre gatilhos orientados a eventos em funções em nuvem essencial para executar código automaticamente em resposta a eventos na nuvem.
cnt_0303,GitOps: deploys declarativos,DevOps,25,gitops deploys declarativos. notas práticas sobre deploys declarativos usando gitops com o objetivo de usar o git como única fonte de verdade para a infraestrutura.
cnt_0304,Entendendo desempenho percebido em skeleton screens,Frontend,24,entendendo desempenho percebido em skeleton screens. explorando desempenho percebido com skeleton screens como uma forma de mostrar conteúdo provisório enquanto os dados ainda carregam.
cnt_0305,Boas práticas de Django REST Framework para construção de serializers,Backend,32,boas práticas de django rest framework para construção de serializers. conceitos-chave por trás de construção de serializers em django rest framework relevantes para converter querysets complexos em json para respostas de api.
cnt_0306,Balanceadores de carga na nuvem a fundo: distribuição de tráfego globalmente,Cloud,36,balanceadores de carga na nuvem a fundo distribuição de tráfego globalmente. uma visão geral de distribuição de tráfego globalmente em balanceadores de carga na nuvem com foco em rotear usuários para a região saudável mais próxima.
cnt_0307,Primeiros passos com CI/CD mobile,Mobile,25,primeiros passos com ci cd mobile. explorando automação com fastlane com ci cd mobile como uma forma de automatizar builds assinatura e envio às lojas.
cnt_0308,Um guia prático de desempenho percebido,Frontend,24,um guia prático de desempenho percebido. explorando desempenho percebido com skeleton screens como uma forma de mostrar conteúdo provisório enquanto os dados ainda carregam.
cnt_0309,Primeiros passos com engenharia de features,Data Science,29,primeiros passos com engenharia de features. um olhar prático sobre codificação de variáveis categóricas em engenharia de features essencial para preparar dados não numéricos para modelos de machine learning.
cnt_0310,Primeiros passos com Seaborn,Data Science,20,primeiros passos com seaborn. conceitos-chave por trás de gráficos estatísticos em seaborn relevantes para visualizar distribuições e relações entre variáveis.
cnt_0311,Orquestração de containers a fundo: probes de readiness e liveness,DevOps,32,orquestração de containers a fundo probes de readiness e liveness. explorando probes de readiness e liveness com orquestração de containers como uma forma de informar ao kubernetes quando um pod está saudável.
cnt_0312,Arquiteturas serverless a fundo: latência de cold start,Cloud,28,arquiteturas serverless a fundo latência de cold start. como arquiteturas serverless lida com latência de cold start útil para entender as vantagens e desvantagens da computação por uso.
cnt_0313,Teste de pipeline de dados a fundo: testes unitários de transformações,Data Engineering,36,teste de pipeline de dados a fundo testes unitários de transformações. conceitos-chave por trás de testes unitários de transformações em teste de pipeline de dados relevantes para detectar bugs antes que cheguem aos dados de produção.
cnt_0314,Monitoramento de SLAs de dados,Data Engineering,22,monitoramento de slas de dados. configurando alertas e sistemas de rastreamento para garantir que pipelines terminem e datasets sejam atualizados no prazo.
cnt_0315,PostgreSQL: estratégias de indexação,Databases,23,postgresql estratégias de indexação. um olhar prático sobre estratégias de indexação em postgresql essencial para acelerar o desempenho de consultas em tabelas grandes.
cnt_0316,Asyncio em Python,Backend,22,asyncio em python. entendendo event loops coroutines e as palavras-chave async e await em serviços backend python para tarefas de alta concorrência.
cnt_0317,Boas práticas de otimização de bateria para agendamento de tarefas em segundo plano,Mobile,40,boas práticas de otimização de bateria para agendamento de tarefas em segundo plano. uma visão geral de agendamento de tarefas em segundo plano em otimização de bateria com foco em minimizar o consumo de energia por atividades em segundo plano.
cnt_0318,WebSockets: comunicação em tempo real,Backend,25,websockets comunicação em tempo real. explorando comunicação em tempo real com websockets como uma forma de enviar atualizações em tempo real aos clientes sem polling.
cnt_0319,Por que filtragem colaborativa importa em sistemas de recomendação,Data Science,31,por que filtragem colaborativa importa em sistemas de recomendação. notas práticas sobre filtragem colaborativa usando sistemas de recomendação com o objetivo de sugerir itens com base em comportamentos de usuários semelhantes.
cnt_0320,XGBoost a fundo: gradient boosting,Data Science,23,xgboost a fundo gradient boosting. um olhar prático sobre gradient boosting em xgboost essencial para combinar modelos fracos em um modelo preditivo forte.
cnt_0321,Entendendo estruturas de dados em Redis,Databases,25,entendendo estruturas de dados em redis. como redis lida com estruturas de dados útil para usar sorted sets e hashes além do simples cache chave-valor.
cnt_0322,Um guia prático de fluxos de autorização,Backend,29,um guia prático de fluxos de autorização. uma visão geral de fluxos de autorização em oauth2 com foco em delegar acesso sem compartilhar a senha do usuário com terceiros.
cnt_0323,Boas práticas de revisão da App Store para conformidade com diretrizes,Mobile,31,boas práticas de revisão da app store para conformidade com diretrizes. como revisão da app store lida com conformidade com diretrizes útil para evitar motivos comuns de rejeição antes do envio.
cnt_0324,Módulos ES6 na Web,Frontend,18,módulos es6 na web. importando e exportando módulos javascript nativamente em navegadores modernos sem precisar de um bundler.
cnt_0325,Um guia prático de hooks customizados,Frontend,24,um guia prático de hooks customizados. uma visão geral de hooks customizados em react com foco em extrair lógica reutilizável com estado entre componentes.
cnt_0326,Entendendo regras de alerta em Grafana,DevOps,25,entendendo regras de alerta em grafana. uma visão geral de regras de alerta em grafana com foco em notificar equipes automaticamente quando métricas ultrapassam limites.
cnt_0327,Por que recuperação point-in-time importa em backups de banco de dados,Databases,34,por que recuperação point-in-time importa em backups de banco de dados. explorando recuperação point-in-time com backups de banco de dados como uma forma de restaurar dados a um momento específico após perda de dados.
cnt_0328,Por que Plotly Dash importa em dashboards de visualização de dados,Data Science,31,por que plotly dash importa em dashboards de visualização de dados. conceitos-chave por trás de plotly dash em dashboards de visualização de dados relevantes para construir ferramentas exploratórias interativas para stakeholders.
cnt_0329,Views materializadas: resultados de consulta pré-computados,Databases,23,views materializadas resultados de consulta pré-computados. um olhar prático sobre resultados de consulta pré-computados em views materializadas essencial para acelerar consultas agregadas custosas.
cnt_0330,Entendendo biblioteca de persistência Room em SQLite em mobile,Mobile,31,entendendo biblioteca de persistência room em sqlite em mobile. notas práticas sobre biblioteca de persistência room usando sqlite em mobile com o objetivo de armazenar dados estruturados localmente em dispositivos android.
cnt_0331,Métricas de observabilidade de dados,Data Engineering,24,métricas de observabilidade de dados. monitorando métricas de volume de pipeline duração das execuções e contagem de linhas para detectar falhas silenciosas de ingestão.
cnt_0332,Entendendo retries seguros em chaves de idempotência,Backend,28,entendendo retries seguros em chaves de idempotência. notas práticas sobre retries seguros usando chaves de idempotência com o objetivo de evitar efeitos colaterais duplicados quando clientes reenviam requisições.
cnt_0333,Entendendo relacionamentos no Neo4j em bancos de dados de grafo,Databases,32,entendendo relacionamentos no neo4j em bancos de dados de grafo. um olhar prático sobre relacionamentos no neo4j em bancos de dados de grafo essencial para modelar dados altamente conectados como redes sociais.
cnt_0334,Particionamento de banco de dados: particionamento por faixa (range),Databases,33,particionamento de banco de dados particionamento por faixa range . explorando particionamento por faixa range com particionamento de banco de dados como uma forma de dividir tabelas grandes por data ou outra chave.
cnt_0335,Primeiros passos com AWS Lambda,Cloud,23,primeiros passos com aws lambda. um olhar prático sobre funções serverless em aws lambda essencial para executar código sem provisionar ou gerenciar servidores.
cnt_0336,Terraform a fundo: gerenciamento de estado,DevOps,25,terraform a fundo gerenciamento de estado. conceitos-chave por trás de gerenciamento de estado em terraform relevantes para rastrear mudanças de infraestrutura com segurança entre equipes.
cnt_0337,Word embeddings: Word2Vec e GloVe,Data Science,25,word embeddings word2vec e glove. conceitos-chave por trás de word2vec e glove em word embeddings relevantes para representar palavras como vetores densos que capturam significado.
cnt_0338,Por que StoreKit e biblioteca de billing importa em compras no aplicativo,Mobile,31,por que storekit e biblioteca de billing importa em compras no aplicativo. explorando storekit e biblioteca de billing com compras no aplicativo como uma forma de implementar assinaturas e compras únicas.
cnt_0339,Um guia prático de Plotly Dash,Data Science,26,um guia prático de plotly dash. conceitos-chave por trás de plotly dash em dashboards de visualização de dados relevantes para construir ferramentas exploratórias interativas para stakeholders.
cnt_0340,Entendendo testes de componentes centrados no usuário em Testing Library,Frontend,36,entendendo testes de componentes centrados no usuário em testing library. explorando testes de componentes centrados no usuário com testing library como uma forma de testar a ui da forma como um usuário real interagiria com ela.
cnt_0341,Primeiros passos com orquestração de containers,DevOps,30,primeiros passos com orquestração de containers. notas práticas sobre probes de readiness e liveness usando orquestração de containers com o objetivo de informar ao kubernetes quando um pod está saudável.
cnt_0342,Entendendo agregações em janelas (windowed) em processamento de streams,Data Engineering,28,entendendo agregações em janelas windowed em processamento de streams. como processamento de streams lida com agregações em janelas windowed útil para calcular métricas sobre dados que chegam continuamente.
cnt_0343,Boas práticas de Google Cloud Platform para Cloud Run,Cloud,29,boas práticas de google cloud platform para cloud run. notas práticas sobre cloud run usando google cloud platform com o objetivo de implantar apps em containers sem gerenciar infraestrutura.
cnt_0344,Boas práticas de pipelines ELT para transformação de dados no warehouse,Data Engineering,33,boas práticas de pipelines elt para transformação de dados no warehouse. explorando transformação de dados no warehouse com pipelines elt como uma forma de aproveitar o poder de computação do warehouse para transformações.
cnt_0345,Boas práticas de métodos ensemble para stacking classifiers,Data Science,27,boas práticas de métodos ensemble para stacking classifiers. notas práticas sobre stacking classifiers usando métodos ensemble com o objetivo de combinar vários modelos para melhorar a acurácia.
cnt_0346,Boas práticas de Cassandra para armazenamento wide-column,Databases,24,boas práticas de cassandra para armazenamento wide-column. como cassandra lida com armazenamento wide-column útil para lidar com throughput massivo de escrita entre nós distribuídos.
cnt_0347,Entendendo decorators customizados em NestJS,Backend,23,entendendo decorators customizados em nestjs. notas práticas sobre decorators customizados usando nestjs com o objetivo de encapsular lógica repetida de tratamento de requisições.
cnt_0348,Um guia prático de políticas de controle de acesso,Data Engineering,30,um guia prático de políticas de controle de acesso. como governança de dados lida com políticas de controle de acesso útil para controlar quem pode ver ou modificar datasets sensíveis.
cnt_0349,Primeiros passos com monitoramento de nuvem,Cloud,26,primeiros passos com monitoramento de nuvem. conceitos-chave por trás de observabilidade centralizada em monitoramento de nuvem relevantes para rastrear métricas e logs entre recursos na nuvem.
cnt_0350,Entendendo callbacks do Active Record em Ruby on Rails,Backend,34,entendendo callbacks do active record em ruby on rails. uma visão geral de callbacks do active record em ruby on rails com foco em executar lógica customizada antes ou depois de salvar um registro.
cnt_0351,Primeiros passos com tratamento de formulários,Frontend,30,primeiros passos com tratamento de formulários. um olhar prático sobre inputs controlados vs não controlados em tratamento de formulários essencial para decidir como gerenciar o estado de formulários no react.
cnt_0352,Segurança de banco de dados a fundo: segurança em nível de linha,Databases,36,segurança de banco de dados a fundo segurança em nível de linha. conceitos-chave por trás de segurança em nível de linha em segurança de banco de dados relevantes para restringir quais linhas um usuário pode acessar.
cnt_0353,Um guia prático de índices invertidos,Databases,23,um guia prático de índices invertidos. conceitos-chave por trás de índices invertidos em elasticsearch relevantes para habilitar busca full-text rápida em grandes datasets.
cnt_0354,Boas práticas de Web Vitals para Largest Contentful Paint,Frontend,29,boas práticas de web vitals para largest contentful paint. explorando largest contentful paint com web vitals como uma forma de medir o desempenho de carregamento percebido por usuários reais.
cnt_0355,Um guia prático de distribuição de tráfego globalmente,Cloud,30,um guia prático de distribuição de tráfego globalmente. como balanceadores de carga na nuvem lida com distribuição de tráfego globalmente útil para rotear usuários para a região saudável mais próxima.
cnt_0356,FastAPI a fundo: validação com Pydantic,Backend,26,fastapi a fundo validação com pydantic. uma visão geral de validação com pydantic em fastapi com foco em impor schemas de requisição automaticamente com type hints.
cnt_0357,Por que estratégias de indexação importa em PostgreSQL,Databases,27,por que estratégias de indexação importa em postgresql. um olhar prático sobre estratégias de indexação em postgresql essencial para acelerar o desempenho de consultas em tabelas grandes.
cnt_0358,Por que rollback automatizado importa em pipelines de CI/CD,DevOps,31,por que rollback automatizado importa em pipelines de ci cd. explorando rollback automatizado com pipelines de ci cd como uma forma de reverter automaticamente um deploy ruim em caso de falha.
cnt_0359,Primeiros passos com Matplotlib,Data Science,21,primeiros passos com matplotlib. como matplotlib lida com customização de gráficos útil para comunicar insights com clareza por meio de visualizações.
cnt_0360,Boas práticas de processamento de linguagem natural para tokenização,Data Science,29,boas práticas de processamento de linguagem natural para tokenização. explorando tokenização com processamento de linguagem natural como uma forma de dividir texto em unidades que um modelo consegue processar.
cnt_0361,Por que redes neurais convolucionais importa em visão computacional,Data Science,25,por que redes neurais convolucionais importa em visão computacional. explorando redes neurais convolucionais com visão computacional como uma forma de extrair características espaciais de imagens.
cnt_0362,Por que requisitos de residência de dados importa em conformidade na nuvem,Cloud,32,por que requisitos de residência de dados importa em conformidade na nuvem. como conformidade na nuvem lida com requisitos de residência de dados útil para manter dados dentro dos limites geográficos exigidos.
cnt_0363,Recuperação de desastres na nuvem a fundo: failover multi-região,Cloud,30,recuperação de desastres na nuvem a fundo failover multi-região. conceitos-chave por trás de failover multi-região em recuperação de desastres na nuvem relevantes para manter sistemas disponíveis durante uma falha regional.
cnt_0364,Entendendo desenvolvimento isolado de componentes em Storybook,Frontend,29,entendendo desenvolvimento isolado de componentes em storybook. conceitos-chave por trás de desenvolvimento isolado de componentes em storybook relevantes para construir e documentar peças de ui fora da aplicação completa.
cnt_0365,Práticas de SRE: error budgets,DevOps,28,práticas de sre error budgets. notas práticas sobre error budgets usando práticas de sre com o objetivo de equilibrar trabalho de confiabilidade e velocidade de entrega de features.
cnt_0366,Entendendo StoreKit e biblioteca de billing em compras no aplicativo,Mobile,29,entendendo storekit e biblioteca de billing em compras no aplicativo. explorando storekit e biblioteca de billing com compras no aplicativo como uma forma de implementar assinaturas e compras únicas.
cnt_0367,Interpretabilidade de modelos: valores SHAP,Data Science,22,interpretabilidade de modelos valores shap. como interpretabilidade de modelos lida com valores shap útil para explicar previsões individuais de um modelo complexo.
cnt_0368,Um guia prático de gráficos vetoriais inline,Frontend,28,um guia prático de gráficos vetoriais inline. uma visão geral de gráficos vetoriais inline em ícones svg com foco em manter ícones nítidos em qualquer resolução de tela.
cnt_0369,Um guia prático de funções serverless,Cloud,22,um guia prático de funções serverless. como aws lambda lida com funções serverless útil para executar código sem provisionar ou gerenciar servidores.
cnt_0370,Testes de componentes com Cypress,Frontend,23,testes de componentes com cypress. escrevendo testes de componentes rápidos e confiáveis de forma isolada com cypress em vez de fluxos completos end-to-end.
cnt_0371,Go: goroutines,Backend,20,go goroutines. uma visão geral de goroutines em go com foco em executar tarefas concorrentes leves usando channels para sincronização.
cnt_0372,Por que media queries importa em design responsivo,Frontend,29,por que media queries importa em design responsivo. um olhar prático sobre media queries em design responsivo essencial para adaptar layouts entre os breakpoints de mobile tablet e desktop.
cnt_0373,Boas práticas de IAM na nuvem para acesso de privilégio mínimo,Cloud,34,boas práticas de iam na nuvem para acesso de privilégio mínimo. conceitos-chave por trás de acesso de privilégio mínimo em iam na nuvem relevantes para conceder apenas as permissões que um recurso realmente precisa.
cnt_0374,Um guia prático de distribuições a priori e a posteriori,Data Science,35,um guia prático de distribuições a priori e a posteriori. explorando distribuições a priori e a posteriori com inferência bayesiana como uma forma de atualizar crenças sobre um parâmetro à medida que os dados chegam.
cnt_0375,Por que VoiceOver e TalkBack importa em acessibilidade mobile,Mobile,29,por que voiceover e talkback importa em acessibilidade mobile. um olhar prático sobre voiceover e talkback em acessibilidade mobile essencial para tornar apps utilizáveis para usuários com deficiência visual.
cnt_0376,Um guia prático de coroutines no backend,Backend,30,um guia prático de coroutines no backend. notas práticas sobre coroutines no backend usando kotlin com o objetivo de escrever código de serviço assíncrono que se lê como código síncrono.
cnt_0377,Um guia prático de arquitetura snowflake,Data Engineering,26,um guia prático de arquitetura snowflake. conceitos-chave por trás de arquitetura snowflake em data warehouses relevantes para separar armazenamento e computação em cargas de trabalho analíticas.
cnt_0378,Interpretabilidade de modelos a fundo: valores SHAP,Data Science,26,interpretabilidade de modelos a fundo valores shap. conceitos-chave por trás de valores shap em interpretabilidade de modelos relevantes para explicar previsões individuais de um modelo complexo.
cnt_0379,Entendendo a arquitetura de bridge em React Native,Mobile,32,entendendo a arquitetura de bridge em react native. explorando a arquitetura de bridge com react native como uma forma de permitir que o javascript se comunique com módulos nativos ios e android.
cnt_0380,Por que grupos de recursos importa em Azure,Cloud,29,por que grupos de recursos importa em azure. notas práticas sobre grupos de recursos usando azure com o objetivo de organizar recursos de nuvem relacionados para facilitar o gerenciamento.
cnt_0381,Boas práticas de design systems para bibliotecas de componentes,Frontend,30,boas práticas de design systems para bibliotecas de componentes. uma visão geral de bibliotecas de componentes em design systems com foco em manter consistência visual entre equipes de produto grandes.
cnt_0382,Entendendo políticas de ciclo de vida de armazenamento de objetos em Amazon S3,Cloud,42,entendendo políticas de ciclo de vida de armazenamento de objetos em amazon s3. notas práticas sobre políticas de ciclo de vida de armazenamento de objetos usando amazon s3 com o objetivo de arquivar automaticamente dados antigos em camadas de armazenamento mais baratas.
cnt_0383,Pipelines ETL: extract-transform-load (ETL),Data Engineering,26,pipelines etl extract-transform-load etl . notas práticas sobre extract-transform-load etl usando pipelines etl com o objetivo de transformar dados brutos em um formato limpo e consultável.
cnt_0384,Entendendo agendamento de lembretes em notificações locais,Mobile,29,entendendo agendamento de lembretes em notificações locais. notas práticas sobre agendamento de lembretes usando notificações locais com o objetivo de disparar alertas sem uma ida e volta ao servidor.
cnt_0385,Frameworks de qualidade de dados,Data Engineering,20,frameworks de qualidade de dados. validando schemas de dados restrições de nulidade e distribuições de valores usando o great expectations.
cnt_0386,Boas práticas de Change Data Capture para Debezium,Data Engineering,34,boas práticas de change data capture para debezium. um olhar prático sobre debezium em change data capture essencial para capturar mudanças em nível de linha a partir de um banco de dados de origem.
cnt_0387,Um guia prático de regras de acesso de rede,Cloud,34,um guia prático de regras de acesso de rede. um olhar prático sobre regras de acesso de rede em grupos de segurança na nuvem essencial para controlar tráfego de entrada e saída de recursos.
cnt_0388,Primeiros passos com deploys blue-green,DevOps,21,primeiros passos com deploys blue-green. como deploys blue-green lida com releases sem downtime útil para alternar tráfego entre dois ambientes idênticos.
cnt_0389,Boas práticas de dashboards de visualização de dados para Plotly Dash,Data Science,32,boas práticas de dashboards de visualização de dados para plotly dash. uma visão geral de plotly dash em dashboards de visualização de dados com foco em construir ferramentas exploratórias interativas para stakeholders.
cnt_0390,Pool de conexões: reutilização de conexões de banco de dados,Databases,34,pool de conexões reutilização de conexões de banco de dados. um olhar prático sobre reutilização de conexões de banco de dados em pool de conexões essencial para reduzir overhead em aplicações de alto tráfego.
cnt_0391,Primeiros passos com filas na nuvem,Cloud,26,primeiros passos com filas na nuvem. um olhar prático sobre desacoplamento de serviços em filas na nuvem essencial para armazenar mensagens em buffer entre componentes distribuídos.
cnt_0392,Por que instâncias reservadas importa em otimização de custos na nuvem,Cloud,34,por que instâncias reservadas importa em otimização de custos na nuvem. um olhar prático sobre instâncias reservadas em otimização de custos na nuvem essencial para reduzir custos de computação com compromissos de longo prazo.
cnt_0393,Notebooks Jupyter a fundo: análise reproduzível,Data Science,25,notebooks jupyter a fundo análise reproduzível. conceitos-chave por trás de análise reproduzível em notebooks jupyter relevantes para documentar todo o fluxo de exploração dos dados.
cnt_0394,Primeiros passos com datasets desbalanceados,Data Science,24,primeiros passos com datasets desbalanceados. uma visão geral de oversampling com smote em datasets desbalanceados com foco em lidar com classes com poucos exemplos.
cnt_0395,Boas práticas de Webpack para code splitting,Frontend,24,boas práticas de webpack para code splitting. como webpack lida com code splitting útil para carregar apenas o javascript que a página realmente precisa.
cnt_0396,Segurança de banco de dados: segurança em nível de linha,Databases,34,segurança de banco de dados segurança em nível de linha. conceitos-chave por trás de segurança em nível de linha em segurança de banco de dados relevantes para restringir quais linhas um usuário pode acessar.
cnt_0397,Um guia prático de transformação de dados como código,Data Engineering,31,um guia prático de transformação de dados como código. um olhar prático sobre transformação de dados como código em dbt essencial para aplicar práticas de engenharia de software a modelos sql.
cnt_0398,Um guia prático de a arquitetura de bridge,Mobile,34,um guia prático de a arquitetura de bridge. notas práticas sobre a arquitetura de bridge usando react native com o objetivo de permitir que o javascript se comunique com módulos nativos ios e android.
cnt_0399,Técnicas de tokenização em NLP,Data Science,18,técnicas de tokenização em nlp. como tokenizadores modernos dividem texto em subpalavras palavras ou caracteres para modelos transformer.
cnt_0400,Otimizando a performance de joins SQL,Databases,23,otimizando a performance de joins sql. como hash joins nested loop joins e merge joins funcionam por baixo dos panos em engines sql.
cnt_0401,Boas práticas de gerenciamento de estado multiplataforma para Provider e Riverpod,Mobile,37,boas práticas de gerenciamento de estado multiplataforma para provider e riverpod. uma visão geral de provider e riverpod em gerenciamento de estado multiplataforma com foco em compartilhar o estado do app entre widgets flutter de forma limpa.
cnt_0402,PHP a fundo: padrões PSR,Backend,24,php a fundo padrões psr. um olhar prático sobre padrões psr em php essencial para manter bases de código de backend interoperáveis entre frameworks.
cnt_0403,Boas práticas de iOS para Core Data,Mobile,26,boas práticas de ios para core data. notas práticas sobre core data usando ios com o objetivo de persistir dados estruturados do app localmente no dispositivo.
cnt_0404,Storybook a fundo: desenvolvimento isolado de componentes,Frontend,30,storybook a fundo desenvolvimento isolado de componentes. notas práticas sobre desenvolvimento isolado de componentes usando storybook com o objetivo de construir e documentar peças de ui fora da aplicação completa.
cnt_0405,Google Cloud Platform: Cloud Run,Cloud,25,google cloud platform cloud run. notas práticas sobre cloud run usando google cloud platform com o objetivo de implantar apps em containers sem gerenciar infraestrutura.
cnt_0406,Ruby on Rails: callbacks do Active Record,Backend,31,ruby on rails callbacks do active record. um olhar prático sobre callbacks do active record em ruby on rails essencial para executar lógica customizada antes ou depois de salvar um registro.
cnt_0407,Prometheus: métricas customizadas,DevOps,20,prometheus métricas customizadas. conceitos-chave por trás de métricas customizadas em prometheus relevantes para monitorar indicadores de saúde específicos da aplicação.
cnt_0408,Boas práticas de Celery para agendamento de tarefas em segundo plano,Backend,33,boas práticas de celery para agendamento de tarefas em segundo plano. conceitos-chave por trás de agendamento de tarefas em segundo plano em celery relevantes para rodar jobs periódicos fora do processo web principal.
cnt_0409,Por que o padrão reducer importa em Redux,Frontend,25,por que o padrão reducer importa em redux. explorando o padrão reducer com redux como uma forma de gerenciar estado global previsível em aplicações grandes.
cnt_0410,Por que layouts bidimensionais importa em CSS Grid,Frontend,29,por que layouts bidimensionais importa em css grid. notas práticas sobre layouts bidimensionais usando css grid com o objetivo de organizar elementos em linhas e colunas de forma declarativa.
cnt_0411,Um guia prático de gráficos estatísticos,Data Science,21,um guia prático de gráficos estatísticos. explorando gráficos estatísticos com seaborn como uma forma de visualizar distribuições e relações entre variáveis.
cnt_0412,Primeiros passos com migrações de banco de dados,Databases,38,primeiros passos com migrações de banco de dados. conceitos-chave por trás de mudanças versionadas de schema em migrações de banco de dados relevantes para evoluir o schema de um banco de dados com segurança ao longo do tempo.
cnt_0413,CSS-in-JS: styled-components,Frontend,18,css-in-js styled-components. um olhar prático sobre styled-components em css-in-js essencial para restringir estilos diretamente a componentes react individuais.
cnt_0414,Por que logs de consultas lentas importa em monitoramento de banco de dados,Databases,35,por que logs de consultas lentas importa em monitoramento de banco de dados. conceitos-chave por trás de logs de consultas lentas em monitoramento de banco de dados relevantes para identificar consultas que precisam de otimização.
cnt_0415,Boas práticas de estratégia multi-cloud para evitar vendor lock-in,Cloud,28,boas práticas de estratégia multi-cloud para evitar vendor lock-in. conceitos-chave por trás de evitar vendor lock-in em estratégia multi-cloud relevantes para projetar sistemas portáveis entre provedores de nuvem.
cnt_0416,Primeiros passos com gerenciamento de configuração,DevOps,25,primeiros passos com gerenciamento de configuração. explorando configurações específicas por ambiente com gerenciamento de configuração como uma forma de evitar valores fixos hardcoded entre deploys.
cnt_0417,Boas práticas de Prometheus para métricas customizadas,DevOps,24,boas práticas de prometheus para métricas customizadas. conceitos-chave por trás de métricas customizadas em prometheus relevantes para monitorar indicadores de saúde específicos da aplicação.
cnt_0418,Entendendo compatibilidade retroativa em versionamento de API,Backend,26,entendendo compatibilidade retroativa em versionamento de api. explorando compatibilidade retroativa com versionamento de api como uma forma de evitar breaking changes para consumidores existentes da api.
cnt_0419,Por que escolha do modelo de dados certo importa em NoSQL vs SQL,Databases,38,por que escolha do modelo de dados certo importa em nosql vs sql. um olhar prático sobre escolha do modelo de dados certo em nosql vs sql essencial para decidir entre bancos de dados relacionais e de documentos.
cnt_0420,Por que rastreamento de proveniência de dados importa em linhagem de dados,Data Engineering,36,por que rastreamento de proveniência de dados importa em linhagem de dados. conceitos-chave por trás de rastreamento de proveniência de dados em linhagem de dados relevantes para entender de onde vieram os valores de um dataset.
cnt_0421,Por que particionamento por data importa em particionamento de dados,Data Engineering,35,por que particionamento por data importa em particionamento de dados. notas práticas sobre particionamento por data usando particionamento de dados com o objetivo de melhorar o desempenho de consultas em tabelas grandes de data lake.
cnt_0422,Um guia prático de automação com Fastlane,Mobile,28,um guia prático de automação com fastlane. notas práticas sobre automação com fastlane usando ci cd mobile com o objetivo de automatizar builds assinatura e envio às lojas.
cnt_0423,Primeiros passos com Flexbox,Frontend,22,primeiros passos com flexbox. como flexbox lida com alinhamento e distribuição útil para construir barras de navegação e layouts de cards responsivos.
cnt_0424,Linhagem de dados a fundo: rastreamento de proveniência de dados,Data Engineering,32,linhagem de dados a fundo rastreamento de proveniência de dados. como linhagem de dados lida com rastreamento de proveniência de dados útil para entender de onde vieram os valores de um dataset.
cnt_0425,Primeiros passos com rate limiting,Backend,27,primeiros passos com rate limiting. um olhar prático sobre o algoritmo token bucket em rate limiting essencial para proteger uma api contra abuso e picos de tráfego.
cnt_0426,Por que error budgets importa em práticas de SRE,DevOps,32,por que error budgets importa em práticas de sre. uma visão geral de error budgets em práticas de sre com foco em equilibrar trabalho de confiabilidade e velocidade de entrega de features.
cnt_0427,Primeiros passos com Cassandra,Databases,21,primeiros passos com cassandra. como cassandra lida com armazenamento wide-column útil para lidar com throughput massivo de escrita entre nós distribuídos.
cnt_0428,Shadow DOM em Web Components,Frontend,21,shadow dom em web components. encapsulando estilos e estruturas html dentro de elementos customizados usando o shadow dom nativo do navegador.
cnt_0429,Um guia prático de mudanças versionadas de schema,Databases,38,um guia prático de mudanças versionadas de schema. um olhar prático sobre mudanças versionadas de schema em migrações de banco de dados essencial para evoluir o schema de um banco de dados com segurança ao longo do tempo.
cnt_0430,Um guia prático de gerenciamento de metadados,Data Engineering,26,um guia prático de gerenciamento de metadados. explorando gerenciamento de metadados com catalogação de dados como uma forma de tornar datasets descobríveis em toda a organização.
cnt_0431,Por que navegação em single page applications importa em roteamento no cliente,Frontend,36,por que navegação em single page applications importa em roteamento no cliente. notas práticas sobre navegação em single page applications usando roteamento no cliente com o objetivo de trocar de tela sem recarregar a página inteira.
cnt_0432,Entendendo inversão de controle em containers de injeção de dependência,Backend,34,entendendo inversão de controle em containers de injeção de dependência. conceitos-chave por trás de inversão de controle em containers de injeção de dependência relevantes para trocar implementações sem alterar o código que as chama.
cnt_0433,Um guia prático de particionamento horizontal,Databases,27,um guia prático de particionamento horizontal. conceitos-chave por trás de particionamento horizontal em sharding de banco de dados relevantes para dividir uma tabela grande entre vários servidores.
cnt_0434,Um guia prático de Core Data,Mobile,24,um guia prático de core data. um olhar prático sobre core data em ios essencial para persistir dados estruturados do app localmente no dispositivo.
cnt_0435,Entendendo recuperação point-in-time em backups de banco de dados,Databases,33,entendendo recuperação point-in-time em backups de banco de dados. conceitos-chave por trás de recuperação point-in-time em backups de banco de dados relevantes para restaurar dados a um momento específico após perda de dados.
cnt_0436,Entendendo entrega progressiva em feature flags,DevOps,25,entendendo entrega progressiva em feature flags. uma visão geral de entrega progressiva em feature flags com foco em ativar e desativar features sem reimplantar código.
cnt_0437,Entendendo propriedades ACID em transações,Databases,25,entendendo propriedades acid em transações. conceitos-chave por trás de propriedades acid em transações relevantes para garantir consistência mesmo quando operações falham no meio do caminho.
cnt_0438,Padronização de features com StandardScaler,Data Science,22,padronização de features com standardscaler. por que e como aplicar normalização e padronização a features numéricas antes de treinar modelos de ml.
cnt_0439,Integração com a camada semântica do dbt,Data Engineering,24,integração com a camada semântica do dbt. definindo métricas de negócio consistentes uma única vez no dbt e expondo-as para várias ferramentas de bi.
cnt_0440,Boas práticas de views materializadas para resultados de consulta pré-computados,Databases,28,boas práticas de views materializadas para resultados de consulta pré-computados. uma visão geral de resultados de consulta pré-computados em views materializadas com foco em acelerar consultas agregadas custosas.
cnt_0441,Filas na nuvem: desacoplamento de serviços,Cloud,25,filas na nuvem desacoplamento de serviços. explorando desacoplamento de serviços com filas na nuvem como uma forma de armazenar mensagens em buffer entre componentes distribuídos.
cnt_0442,Entendendo validação cruzada em scikit-learn,Data Science,22,entendendo validação cruzada em scikit-learn. como scikit-learn lida com validação cruzada útil para obter uma estimativa mais confiável do desempenho do modelo.
cnt_0443,Flutter a fundo: a árvore de widgets,Mobile,31,flutter a fundo a árvore de widgets. um olhar prático sobre a árvore de widgets em flutter essencial para construir uis multiplataforma a partir de uma única base de código dart.
cnt_0444,Um guia prático de logs de consultas lentas,Databases,31,um guia prático de logs de consultas lentas. notas práticas sobre logs de consultas lentas usando monitoramento de banco de dados com o objetivo de identificar consultas que precisam de otimização.
cnt_0445,Primeiros passos com Android,Mobile,28,primeiros passos com android. como android lida com o ciclo de vida da activity útil para gerenciar o estado corretamente quando telas giram ou vão para segundo plano.
cnt_0446,Astro: gerador de sites estáticos,Frontend,21,astro gerador de sites estáticos. construindo sites focados em conteúdo com o astro. arquitetura de ilhas e zero javascript por padrão.
cnt_0447,Primeiros passos com Redux,Frontend,21,primeiros passos com redux. explorando o padrão reducer com redux como uma forma de gerenciar estado global previsível em aplicações grandes.
cnt_0448,Boas práticas de CSS-in-JS para styled-components,Frontend,20,boas práticas de css-in-js para styled-components. como css-in-js lida com styled-components útil para restringir estilos diretamente a componentes react individuais.
cnt_0449,Um guia prático de o padrão reducer,Frontend,25,um guia prático de o padrão reducer. um olhar prático sobre o padrão reducer em redux essencial para gerenciar estado global previsível em aplicações grandes.
cnt_0450,Estratégias de cache no lado do servidor,Backend,22,estratégias de cache no lado do servidor. implementando os padrões cache-aside e write-through com redis em apis de backend de alto throughput.
cnt_0451,Particionamento na extração de banco de dados,Data Engineering,25,particionamento na extração de banco de dados. extraindo tabelas gigantes de banco de dados de forma eficiente dividindo consultas em faixas dinâmicas baseadas em índice.
cnt_0452,NestJS a fundo: decorators customizados,Backend,22,nestjs a fundo decorators customizados. conceitos-chave por trás de decorators customizados em nestjs relevantes para encapsular lógica repetida de tratamento de requisições.
cnt_0453,Primeiros passos com Go,Backend,20,primeiros passos com go. explorando goroutines com go como uma forma de executar tarefas concorrentes leves usando channels para sincronização.
cnt_0454,Um guia prático de jobs de dados agendados,Data Engineering,30,um guia prático de jobs de dados agendados. notas práticas sobre jobs de dados agendados usando processamento em lote com o objetivo de rodar grandes transformações em um cronograma fixo.
cnt_0455,Boas práticas de sharding de banco de dados para particionamento horizontal,Databases,30,boas práticas de sharding de banco de dados para particionamento horizontal. como sharding de banco de dados lida com particionamento horizontal útil para dividir uma tabela grande entre vários servidores.
cnt_0456,Boas práticas de módulos no Terraform,DevOps,20,boas práticas de módulos no terraform. estruturando infraestrutura como código em módulos reutilizáveis para compartilhar padrões de nuvem entre equipes.
cnt_0457,Por que mock de serviços externos importa em testes unitários,Backend,36,por que mock de serviços externos importa em testes unitários. uma visão geral de mock de serviços externos em testes unitários com foco em isolar a lógica de negócio de chamadas de rede durante os testes.
cnt_0458,PHP: padrões PSR,Backend,20,php padrões psr. como php lida com padrões psr útil para manter bases de código de backend interoperáveis entre frameworks.
cnt_0459,Um guia prático de validação com Pydantic,Backend,27,um guia prático de validação com pydantic. uma visão geral de validação com pydantic em fastapi com foco em impor schemas de requisição automaticamente com type hints.
cnt_0460,Entendendo frameworks de automação de UI em testes mobile,Mobile,32,entendendo frameworks de automação de ui em testes mobile. uma visão geral de frameworks de automação de ui em testes mobile com foco em rodar testes end-to-end em dispositivos reais e simuladores.
cnt_0461,Boas práticas de limpeza de dados para tratamento de valores ausentes,Data Science,32,boas práticas de limpeza de dados para tratamento de valores ausentes. explorando tratamento de valores ausentes com limpeza de dados como uma forma de decidir entre imputar remover ou sinalizar dados faltantes.
cnt_0462,Um guia prático de redução de código,Mobile,34,um guia prático de redução de código. conceitos-chave por trás de redução de código em otimização do tamanho do app relevantes para reduzir o tamanho do apk e do ipa para downloads mais rápidos.
cnt_0463,Um guia prático de code splitting,Frontend,26,um guia prático de code splitting. uma visão geral de code splitting em webpack com foco em carregar apenas o javascript que a página realmente precisa.
cnt_0464,Por que evitar vendor lock-in importa em estratégia multi-cloud,Cloud,29,por que evitar vendor lock-in importa em estratégia multi-cloud. notas práticas sobre evitar vendor lock-in usando estratégia multi-cloud com o objetivo de projetar sistemas portáveis entre provedores de nuvem.
cnt_0465,Flexbox: alinhamento e distribuição,Frontend,23,flexbox alinhamento e distribuição. explorando alinhamento e distribuição com flexbox como uma forma de construir barras de navegação e layouts de cards responsivos.
cnt_0466,SQLite a fundo: bancos de dados embarcados,Databases,28,sqlite a fundo bancos de dados embarcados. como sqlite lida com bancos de dados embarcados útil para armazenar dados localmente sem um servidor de banco de dados separado.
cnt_0467,Tailwind CSS: classes utility-first,Frontend,22,tailwind css classes utility-first. conceitos-chave por trás de classes utility-first em tailwind css relevantes para estilizar componentes sem escrever arquivos css customizados.
cnt_0468,Entendendo valores SHAP em interpretabilidade de modelos,Data Science,27,entendendo valores shap em interpretabilidade de modelos. uma visão geral de valores shap em interpretabilidade de modelos com foco em explicar previsões individuais de um modelo complexo.
cnt_0469,Boas práticas de filas na nuvem para desacoplamento de serviços,Cloud,29,boas práticas de filas na nuvem para desacoplamento de serviços. explorando desacoplamento de serviços com filas na nuvem como uma forma de armazenar mensagens em buffer entre componentes distribuídos.
cnt_0470,Primeiros passos com Kubernetes,DevOps,20,primeiros passos com kubernetes. notas práticas sobre rolling updates usando kubernetes com o objetivo de implantar novas versões sem downtime.
cnt_0471,Modo escuro a fundo: propriedades customizadas do CSS,Frontend,31,modo escuro a fundo propriedades customizadas do css. notas práticas sobre propriedades customizadas do css usando modo escuro com o objetivo de trocar temas de cor sem duplicar folhas de estilo.
cnt_0472,Entendendo o ciclo de vida da Activity em Android,Mobile,35,entendendo o ciclo de vida da activity em android. conceitos-chave por trás de o ciclo de vida da activity em android relevantes para gerenciar o estado corretamente quando telas giram ou vão para segundo plano.
cnt_0473,Por que deploys declarativos importa em GitOps,DevOps,27,por que deploys declarativos importa em gitops. explorando deploys declarativos com gitops como uma forma de usar o git como única fonte de verdade para a infraestrutura.
cnt_0474,Por que a árvore de widgets importa em Flutter,Mobile,31,por que a árvore de widgets importa em flutter. como flutter lida com a árvore de widgets útil para construir uis multiplataforma a partir de uma única base de código dart.
cnt_0475,Entendendo runbooks em resposta a incidentes,DevOps,23,entendendo runbooks em resposta a incidentes. como resposta a incidentes lida com runbooks útil para documentar passos para resolver problemas comuns de produção.
cnt_0476,Boas práticas de Kubernetes para rolling updates,DevOps,20,boas práticas de kubernetes para rolling updates. como kubernetes lida com rolling updates útil para implantar novas versões sem downtime.
cnt_0477,Renderização no navegador: o caminho crítico de renderização,Frontend,34,renderização no navegador o caminho crítico de renderização. notas práticas sobre o caminho crítico de renderização usando renderização no navegador com o objetivo de entender como html css e js se transformam em pixels.
cnt_0478,Primeiros passos com acessibilidade mobile,Mobile,25,primeiros passos com acessibilidade mobile. um olhar prático sobre voiceover e talkback em acessibilidade mobile essencial para tornar apps utilizáveis para usuários com deficiência visual.
cnt_0479,Primeiros passos com canary releases,DevOps,28,primeiros passos com canary releases. uma visão geral de rollout gradual em canary releases com foco em expor uma nova versão a um pequeno subconjunto de usuários primeiro.
cnt_0480,Um guia prático de rolling updates,DevOps,21,um guia prático de rolling updates. um olhar prático sobre rolling updates em kubernetes essencial para implantar novas versões sem downtime.
cnt_0481,Linhagem de dados: rastreamento de proveniência de dados,Data Engineering,32,linhagem de dados rastreamento de proveniência de dados. um olhar prático sobre rastreamento de proveniência de dados em linhagem de dados essencial para entender de onde vieram os valores de um dataset.
cnt_0482,Boas práticas de otimização do tamanho do app para redução de código,Mobile,37,boas práticas de otimização do tamanho do app para redução de código. como otimização do tamanho do app lida com redução de código útil para reduzir o tamanho do apk e do ipa para downloads mais rápidos.
cnt_0483,Boas práticas de Kotlin para coroutines no backend,Backend,29,boas práticas de kotlin para coroutines no backend. explorando coroutines no backend com kotlin como uma forma de escrever código de serviço assíncrono que se lê como código síncrono.
cnt_0484,Por que biblioteca de persistência Room importa em SQLite em mobile,Mobile,30,por que biblioteca de persistência room importa em sqlite em mobile. como sqlite em mobile lida com biblioteca de persistência room útil para armazenar dados estruturados localmente em dispositivos android.
cnt_0485,Entendendo particionamento horizontal em sharding de banco de dados,Databases,31,entendendo particionamento horizontal em sharding de banco de dados. uma visão geral de particionamento horizontal em sharding de banco de dados com foco em dividir uma tabela grande entre vários servidores.
cnt_0486,Entendendo redução de código em otimização do tamanho do app,Mobile,37,entendendo redução de código em otimização do tamanho do app. um olhar prático sobre redução de código em otimização do tamanho do app essencial para reduzir o tamanho do apk e do ipa para downloads mais rápidos.
cnt_0487,Um guia prático de oversampling com SMOTE,Data Science,26,um guia prático de oversampling com smote. notas práticas sobre oversampling com smote usando datasets desbalanceados com o objetivo de lidar com classes com poucos exemplos.
cnt_0488,Entendendo evitar vendor lock-in em estratégia multi-cloud,Cloud,26,entendendo evitar vendor lock-in em estratégia multi-cloud. um olhar prático sobre evitar vendor lock-in em estratégia multi-cloud essencial para projetar sistemas portáveis entre provedores de nuvem.
cnt_0489,Armazenamento em nuvem: camadas de armazenamento frio vs quente,Cloud,33,armazenamento em nuvem camadas de armazenamento frio vs quente. explorando camadas de armazenamento frio vs quente com armazenamento em nuvem como uma forma de equilibrar custo e velocidade de recuperação de dados armazenados.
cnt_0490,Primeiros passos com otimização do tamanho do app,Mobile,36,primeiros passos com otimização do tamanho do app. notas práticas sobre redução de código usando otimização do tamanho do app com o objetivo de reduzir o tamanho do apk e do ipa para downloads mais rápidos.
cnt_0491,Por que bancos de dados embarcados importa em SQLite,Databases,31,por que bancos de dados embarcados importa em sqlite. explorando bancos de dados embarcados com sqlite como uma forma de armazenar dados localmente sem um servidor de banco de dados separado.
cnt_0492,Reconhecimento de gestos a fundo: manipuladores de toque customizados,Mobile,31,reconhecimento de gestos a fundo manipuladores de toque customizados. como reconhecimento de gestos lida com manipuladores de toque customizados útil para construir interações de swipe e pinch em um app mobile.
cnt_0493,Primeiros passos com React,Frontend,22,primeiros passos com react. notas práticas sobre hooks customizados usando react com o objetivo de extrair lógica reutilizável com estado entre componentes.
cnt_0494,Entendendo views declarativas do SwiftUI em Swift,Mobile,29,entendendo views declarativas do swiftui em swift. uma visão geral de views declarativas do swiftui em swift com foco em construir interfaces ios com menos código imperativo do uikit.
cnt_0495,Boas práticas de indexação de banco de dados para B-tree vs hash indexes,Databases,41,boas práticas de indexação de banco de dados para b-tree vs hash indexes. uma visão geral de b-tree vs hash indexes em indexação de banco de dados com foco em escolher o tipo certo de índice para um padrão de consulta.
cnt_0496,Testes de hipótese estatística: p-values,Data Science,22,testes de hipótese estatística p-values. explorando p-values com testes de hipótese estatística como uma forma de medir evidências contra uma hipótese nula.
cnt_0497,Um guia prático de agendamento de DAGs,Data Engineering,28,um guia prático de agendamento de dags. notas práticas sobre agendamento de dags usando apache airflow com o objetivo de orquestrar tarefas dependentes de um pipeline de dados.
cnt_0498,Primeiros passos com Redis,Databases,25,primeiros passos com redis. um olhar prático sobre estruturas de dados em redis essencial para usar sorted sets e hashes além do simples cache chave-valor.
cnt_0499,Entendendo automação com Fastlane em CI/CD mobile,Mobile,26,entendendo automação com fastlane em ci cd mobile. como ci cd mobile lida com automação com fastlane útil para automatizar builds assinatura e envio às lojas.
cnt_0500,Primeiros passos com arquivos Parquet,Data Engineering,22,primeiros passos com arquivos parquet. conceitos-chave por trás de armazenamento colunar em arquivos parquet relevantes para acelerar consultas analíticas em grandes datasets.
cnt_0501,Primeiros passos com GitOps,DevOps,25,primeiros passos com gitops. um olhar prático sobre deploys declarativos em gitops essencial para usar o git como única fonte de verdade para a infraestrutura.
cnt_0502,Por que Provider e Riverpod importa em gerenciamento de estado multiplataforma,Mobile,37,por que provider e riverpod importa em gerenciamento de estado multiplataforma. uma visão geral de provider e riverpod em gerenciamento de estado multiplataforma com foco em compartilhar o estado do app entre widgets flutter de forma limpa.
cnt_0503,Redes de entrega de conteúdo (CDN): cache na borda (edge),Cloud,40,redes de entrega de conteúdo cdn cache na borda edge . uma visão geral de cache na borda edge em redes de entrega de conteúdo cdn com foco em servir conteúdo a partir de locais mais próximos dos usuários finais.
cnt_0504,Kotlin a fundo: Jetpack Compose,Mobile,24,kotlin a fundo jetpack compose. um olhar prático sobre jetpack compose em kotlin essencial para escrever interfaces android de forma declarativa sem layouts xml.
cnt_0505,Por que InfluxDB importa em bancos de dados de séries temporais,Databases,37,por que influxdb importa em bancos de dados de séries temporais. explorando influxdb com bancos de dados de séries temporais como uma forma de armazenar e consultar dados de métricas de forma eficiente ao longo do tempo.
cnt_0506,Bancos de dados de séries temporais a fundo: InfluxDB,Databases,35,bancos de dados de séries temporais a fundo influxdb. explorando influxdb com bancos de dados de séries temporais como uma forma de armazenar e consultar dados de métricas de forma eficiente ao longo do tempo.
cnt_0507,Por que agendamento de tarefas em segundo plano importa em Celery,Backend,34,por que agendamento de tarefas em segundo plano importa em celery. uma visão geral de agendamento de tarefas em segundo plano em celery com foco em rodar jobs periódicos fora do processo web principal.
cnt_0508,Um guia prático de acesso de privilégio mínimo,Cloud,32,um guia prático de acesso de privilégio mínimo. uma visão geral de acesso de privilégio mínimo em iam na nuvem com foco em conceder apenas as permissões que um recurso realmente precisa.
cnt_0509,Por que pipelines declarativos importa em Jenkins,DevOps,24,por que pipelines declarativos importa em jenkins. explorando pipelines declarativos com jenkins como uma forma de definir etapas de build e deploy como código.
cnt_0510,Tratamento de formulários: inputs controlados vs não controlados,Frontend,33,tratamento de formulários inputs controlados vs não controlados. uma visão geral de inputs controlados vs não controlados em tratamento de formulários com foco em decidir como gerenciar o estado de formulários no react.
cnt_0511,Por que design de schema importa em MongoDB,Databases,28,por que design de schema importa em mongodb. uma visão geral de design de schema em mongodb com foco em modelar documentos para dados flexíveis e em evolução.
cnt_0512,Redes de entrega de conteúdo (CDN) a fundo: cache na borda (edge),Cloud,42,redes de entrega de conteúdo cdn a fundo cache na borda edge . uma visão geral de cache na borda edge em redes de entrega de conteúdo cdn com foco em servir conteúdo a partir de locais mais próximos dos usuários finais.
cnt_0513,Entendendo gráficos estatísticos em Seaborn,Data Science,19,entendendo gráficos estatísticos em seaborn. como seaborn lida com gráficos estatísticos útil para visualizar distribuições e relações entre variáveis.
cnt_0514,Primeiros passos com SQLite,Databases,28,primeiros passos com sqlite. notas práticas sobre bancos de dados embarcados usando sqlite com o objetivo de armazenar dados localmente sem um servidor de banco de dados separado.
cnt_0515,Boas práticas de drag and drop para a API HTML5 de Drag and Drop,Frontend,39,boas práticas de drag and drop para a api html5 de drag and drop. conceitos-chave por trás de a api html5 de drag and drop em drag and drop relevantes para construir listas ordenáveis e quadros kanban no navegador.
cnt_0516,Primeiros passos com FastAPI,Backend,24,primeiros passos com fastapi. notas práticas sobre validação com pydantic usando fastapi com o objetivo de impor schemas de requisição automaticamente com type hints.
cnt_0517,Navegação no React Native v6,Mobile,21,navegação no react native v6. configurando navegação em pilha rotas em drawer e passagem de parâmetros entre componentes de tela nativos.
cnt_0518,Validação de formulários: validadores baseados em schema,Frontend,28,validação de formulários validadores baseados em schema. um olhar prático sobre validadores baseados em schema em validação de formulários essencial para manter regras de validação consistentes entre campos.
cnt_0519,Nova arquitetura do React Native,Mobile,18,nova arquitetura do react native. entendendo os turbomodules e o renderizador fabric na arquitetura moderna do react native.
cnt_0520,Scans de segurança em CI/CD (SonarQube),DevOps,27,scans de segurança em ci cd sonarqube . automatizando testes estáticos de segurança de aplicação sast e verificações de qualidade de código dentro de pipelines de ci.
cnt_0521,Primeiros passos com views materializadas,Databases,20,primeiros passos com views materializadas. como views materializadas lida com resultados de consulta pré-computados útil para acelerar consultas agregadas custosas.
cnt_0522,Plotando curvas ROC-AUC,Data Science,19,plotando curvas roc-auc. avaliando limiares de classificação binária ao plotar taxas de verdadeiro positivo vs falso positivo com matplotlib.
cnt_0523,Configurações de deploy Blue-Green,DevOps,22,configurações de deploy blue-green. configurando servidores web para trocar o roteamento da frota de produção antiga blue para a nova green instantaneamente.
cnt_0524,Entendendo regras de validação em verificações de qualidade de dados,Data Engineering,33,entendendo regras de validação em verificações de qualidade de dados. explorando regras de validação com verificações de qualidade de dados como uma forma de detectar dados ruins antes que cheguem aos sistemas seguintes.
cnt_0525,Entendendo certificate pinning em segurança mobile,Mobile,25,entendendo certificate pinning em segurança mobile. notas práticas sobre certificate pinning usando segurança mobile com o objetivo de prevenir ataques man-in-the-middle em chamadas de api.
cnt_0526,Por que B-tree vs hash indexes importa em indexação de banco de dados,Databases,40,por que b-tree vs hash indexes importa em indexação de banco de dados. conceitos-chave por trás de b-tree vs hash indexes em indexação de banco de dados relevantes para escolher o tipo certo de índice para um padrão de consulta.
cnt_0527,Module Federation do Webpack,Frontend,20,module federation do webpack. configurando module federation no webpack 5 para carregar micro frontends compilados dinamicamente em tempo de execução.
cnt_0528,Por que processamento de dados distribuído importa em Apache Spark,Data Engineering,29,por que processamento de dados distribuído importa em apache spark. um olhar prático sobre processamento de dados distribuído em apache spark essencial para transformar grandes datasets em um cluster.
cnt_0529,Entendendo oversampling com SMOTE em datasets desbalanceados,Data Science,26,entendendo oversampling com smote em datasets desbalanceados. uma visão geral de oversampling com smote em datasets desbalanceados com foco em lidar com classes com poucos exemplos.
cnt_0530,Por que HashiCorp Vault importa em gerenciamento de segredos,DevOps,30,por que hashicorp vault importa em gerenciamento de segredos. um olhar prático sobre hashicorp vault em gerenciamento de segredos essencial para armazenar credenciais com segurança em vez de texto puro.
cnt_0531,Suporte offline em mobile a fundo: estratégias de cache local,Mobile,33,suporte offline em mobile a fundo estratégias de cache local. explorando estratégias de cache local com suporte offline em mobile como uma forma de manter o app utilizável sem conexão com a internet.
cnt_0532,Primeiros passos com Jenkins,DevOps,23,primeiros passos com jenkins. uma visão geral de pipelines declarativos em jenkins com foco em definir etapas de build e deploy como código.
cnt_0533,Por que inversão de controle importa em containers de injeção de dependência,Backend,37,por que inversão de controle importa em containers de injeção de dependência. uma visão geral de inversão de controle em containers de injeção de dependência com foco em trocar implementações sem alterar o código que as chama.
cnt_0534,Integração com a câmera: captura e processamento de fotos,Mobile,34,integração com a câmera captura e processamento de fotos. explorando captura e processamento de fotos com integração com a câmera como uma forma de adicionar recursos de captura de foto a um app mobile.
cnt_0535,Um guia prático de decorators customizados,Backend,23,um guia prático de decorators customizados. conceitos-chave por trás de decorators customizados em nestjs relevantes para encapsular lógica repetida de tratamento de requisições.
cnt_0536,Por que tsvector do PostgreSQL importa em busca full-text,Databases,35,por que tsvector do postgresql importa em busca full-text. um olhar prático sobre tsvector do postgresql em busca full-text essencial para buscar em campos de texto grandes de forma eficiente dentro do banco de dados.
cnt_0537,Engenharia de features a fundo: codificação de variáveis categóricas,Data Science,33,engenharia de features a fundo codificação de variáveis categóricas. uma visão geral de codificação de variáveis categóricas em engenharia de features com foco em preparar dados não numéricos para modelos de machine learning.
cnt_0538,Pipelines declarativos do Jenkins,DevOps,17,pipelines declarativos do jenkins. escrevendo jenkinsfiles para definir pipelines robustos e multi-stage de integração e entrega contínuas.
cnt_0539,Entendendo o problema de consultas N+1 em ORMs,Databases,35,entendendo o problema de consultas n+1 em orms. uma visão geral de o problema de consultas n+1 em orms com foco em evitar idas e vindas excessivas ao banco de dados causadas por lazy loading.
cnt_0540,Primeiros passos com dbt,Data Engineering,24,primeiros passos com dbt. como dbt lida com transformação de dados como código útil para aplicar práticas de engenharia de software a modelos sql.
cnt_0541,Um guia prático de instâncias reservadas,Cloud,27,um guia prático de instâncias reservadas. como otimização de custos na nuvem lida com instâncias reservadas útil para reduzir custos de computação com compromissos de longo prazo.
cnt_0542,Parâmetros de ensemble do Random Forest,Data Science,21,parâmetros de ensemble do random forest. entendendo n estimators max depth e min samples split para evitar overfitting em random forests.
cnt_0543,Por que streaming unidirecional importa em Server-Sent Events,Backend,25,por que streaming unidirecional importa em server-sent events. como server-sent events lida com streaming unidirecional útil para enviar atualizações contínuas do servidor para o navegador.
cnt_0544,Entendendo políticas de escalonamento em grupos de auto scaling,DevOps,31,entendendo políticas de escalonamento em grupos de auto scaling. notas práticas sobre políticas de escalonamento usando grupos de auto scaling com o objetivo de adicionar ou remover instâncias conforme a demanda.
cnt_0545,Zustand: gerenciamento de estado leve,Frontend,25,zustand gerenciamento de estado leve. conceitos-chave por trás de gerenciamento de estado leve em zustand relevantes para evitar boilerplate comparado às tradicionais stores do redux.
cnt_0546,Profiling de performance no Chrome DevTools,Frontend,22,profiling de performance no chrome devtools. analisando a performance de renderização no frontend identificando layout shifts e diagnosticando execução lenta de javascript.
cnt_0547,Um guia prático de design de schema,Databases,26,um guia prático de design de schema. conceitos-chave por trás de design de schema em mongodb relevantes para modelar documentos para dados flexíveis e em evolução.
cnt_0548,WebSockets a fundo: comunicação em tempo real,Backend,28,websockets a fundo comunicação em tempo real. conceitos-chave por trás de comunicação em tempo real em websockets relevantes para enviar atualizações em tempo real aos clientes sem polling.
cnt_0549,Dbt a fundo: transformação de dados como código,Data Engineering,31,dbt a fundo transformação de dados como código. notas práticas sobre transformação de dados como código usando dbt com o objetivo de aplicar práticas de engenharia de software a modelos sql.
cnt_0550,Por que tarefas idempotentes importa em pipelines de dados,Data Engineering,30,por que tarefas idempotentes importa em pipelines de dados. notas práticas sobre tarefas idempotentes usando pipelines de dados com o objetivo de reexecutar um pipeline com segurança sem duplicar dados.
cnt_0551,Notificações locais a fundo: agendamento de lembretes,Mobile,27,notificações locais a fundo agendamento de lembretes. explorando agendamento de lembretes com notificações locais como uma forma de disparar alertas sem uma ida e volta ao servidor.
cnt_0552,Boas práticas de Elasticsearch para índices invertidos,Databases,25,boas práticas de elasticsearch para índices invertidos. notas práticas sobre índices invertidos usando elasticsearch com o objetivo de habilitar busca full-text rápida em grandes datasets.
cnt_0553,Design systems: bibliotecas de componentes,Frontend,25,design systems bibliotecas de componentes. um olhar prático sobre bibliotecas de componentes em design systems essencial para manter consistência visual entre equipes de produto grandes.
cnt_0554,Boas práticas de módulos nativos para integração com APIs da plataforma,Mobile,36,boas práticas de módulos nativos para integração com apis da plataforma. um olhar prático sobre integração com apis da plataforma em módulos nativos essencial para expor acesso à câmera ou a sensores para um app multiplataforma.
cnt_0555,Um guia prático de transações ACID em data lakes,Data Engineering,32,um guia prático de transações acid em data lakes. conceitos-chave por trás de transações acid em data lakes em delta lake relevantes para adicionar confiabilidade a armazenamento de dados em larga escala.
cnt_0556,Primeiros passos com arquiteturas serverless,Cloud,26,primeiros passos com arquiteturas serverless. explorando latência de cold start com arquiteturas serverless como uma forma de entender as vantagens e desvantagens da computação por uso.
cnt_0557,Resposta a incidentes: runbooks,DevOps,24,resposta a incidentes runbooks. notas práticas sobre runbooks usando resposta a incidentes com o objetivo de documentar passos para resolver problemas comuns de produção.
cnt_0558,Por que rollout gradual importa em canary releases,DevOps,29,por que rollout gradual importa em canary releases. explorando rollout gradual com canary releases como uma forma de expor uma nova versão a um pequeno subconjunto de usuários primeiro.
cnt_0559,Side effects no Jetpack Compose,Mobile,21,side effects no jetpack compose. tratando operações assíncronas eventos de ciclo de vida e side effects em apps android com launchedeffect.
cnt_0560,Um guia prático de rollout gradual,DevOps,29,um guia prático de rollout gradual. notas práticas sobre rollout gradual usando canary releases com o objetivo de expor uma nova versão a um pequeno subconjunto de usuários primeiro.
cnt_0561,Entendendo fine-tuning de modelos pré-treinados em transfer learning,Data Science,31,entendendo fine-tuning de modelos pré-treinados em transfer learning. um olhar prático sobre fine-tuning de modelos pré-treinados em transfer learning essencial para adaptar modelos grandes a uma nova tarefa com menos dados.
cnt_0562,Transformers customizados no Scikit-learn,Data Science,14,transformers customizados no scikit-learn. escrevendo classes fit-transform customizadas no scikit-learn usando baseestimator e transformermixin.
cnt_0563,Primeiros passos com Elasticsearch,Databases,20,primeiros passos com elasticsearch. explorando índices invertidos com elasticsearch como uma forma de habilitar busca full-text rápida em grandes datasets.
cnt_0564,Views materializadas a fundo: resultados de consulta pré-computados,Databases,25,views materializadas a fundo resultados de consulta pré-computados. conceitos-chave por trás de resultados de consulta pré-computados em views materializadas relevantes para acelerar consultas agregadas custosas.
cnt_0565,Boas práticas de MongoDB para design de schema,Databases,27,boas práticas de mongodb para design de schema. um olhar prático sobre design de schema em mongodb essencial para modelar documentos para dados flexíveis e em evolução.
cnt_0566,Processamento de streams a fundo: agregações em janelas (windowed),Data Engineering,32,processamento de streams a fundo agregações em janelas windowed . notas práticas sobre agregações em janelas windowed usando processamento de streams com o objetivo de calcular métricas sobre dados que chegam continuamente.
cnt_0567,Um guia prático de conexões site a site,Cloud,27,um guia prático de conexões site a site. como vpn na nuvem lida com conexões site a site útil para conectar com segurança redes on-premises à nuvem.
cnt_0568,Por que construção de serializers importa em Django REST Framework,Backend,30,por que construção de serializers importa em django rest framework. como django rest framework lida com construção de serializers útil para converter querysets complexos em json para respostas de api.
cnt_0569,Por que probes de readiness e liveness importa em orquestração de containers,DevOps,36,por que probes de readiness e liveness importa em orquestração de containers. uma visão geral de probes de readiness e liveness em orquestração de containers com foco em informar ao kubernetes quando um pod está saudável.
cnt_0570,Um guia prático de armazenamento colunar,Data Engineering,23,um guia prático de armazenamento colunar. conceitos-chave por trás de armazenamento colunar em arquivos parquet relevantes para acelerar consultas analíticas em grandes datasets.
cnt_0571,Boas práticas de pipelines de CI/CD para rollback automatizado,DevOps,32,boas práticas de pipelines de ci cd para rollback automatizado. conceitos-chave por trás de rollback automatizado em pipelines de ci cd relevantes para reverter automaticamente um deploy ruim em caso de falha.
cnt_0572,Primeiros passos com CSS-in-JS,Frontend,21,primeiros passos com css-in-js. uma visão geral de styled-components em css-in-js com foco em restringir estilos diretamente a componentes react individuais.
cnt_0573,Flask a fundo: blueprints,Backend,21,flask a fundo blueprints. um olhar prático sobre blueprints em flask essencial para organizar aplicações grandes em componentes modulares e reutilizáveis.
cnt_0574,Primeiros passos com Testing Library,Frontend,32,primeiros passos com testing library. um olhar prático sobre testes de componentes centrados no usuário em testing library essencial para testar a ui da forma como um usuário real interagiria com ela.
cnt_0575,Replicação: réplicas de leitura,Databases,27,replicação réplicas de leitura. como replicação lida com réplicas de leitura útil para escalar cargas de trabalho intensivas em leitura entre várias cópias do banco de dados.
cnt_0576,Primeiros passos com Amazon S3,Cloud,34,primeiros passos com amazon s3. notas práticas sobre políticas de ciclo de vida de armazenamento de objetos usando amazon s3 com o objetivo de arquivar automaticamente dados antigos em camadas de armazenamento mais baratas.
cnt_0577,Staging de ingestão no Cloud Storage,Cloud,23,staging de ingestão no cloud storage. desenvolvendo scripts de ingestão que gravam arquivos brutos em pastas organizadas por partição em buckets na nuvem.
cnt_0578,PyTorch a fundo: construção de redes neurais,Data Science,28,pytorch a fundo construção de redes neurais. um olhar prático sobre construção de redes neurais em pytorch essencial para definir camadas e loops de treino personalizados do zero.
cnt_0579,Rastreamento de linhagem no pipeline de dados,Data Engineering,23,rastreamento de linhagem no pipeline de dados. rastreando como os dados fluem das tabelas de origem passando por transformações até os dashboards finais.
cnt_0580,Boas práticas de grupos de segurança na nuvem para regras de acesso de rede,Cloud,37,boas práticas de grupos de segurança na nuvem para regras de acesso de rede. como grupos de segurança na nuvem lida com regras de acesso de rede útil para controlar tráfego de entrada e saída de recursos.
cnt_0581,Entendendo gerenciamento de estado em Terraform,DevOps,25,entendendo gerenciamento de estado em terraform. um olhar prático sobre gerenciamento de estado em terraform essencial para rastrear mudanças de infraestrutura com segurança entre equipes.
cnt_0582,Entendendo testes unitários de transformações em teste de pipeline de dados,Data Engineering,37,entendendo testes unitários de transformações em teste de pipeline de dados. notas práticas sobre testes unitários de transformações usando teste de pipeline de dados com o objetivo de detectar bugs antes que cheguem aos dados de produção.
cnt_0583,Canary releases a fundo: rollout gradual,DevOps,29,canary releases a fundo rollout gradual. notas práticas sobre rollout gradual usando canary releases com o objetivo de expor uma nova versão a um pequeno subconjunto de usuários primeiro.
cnt_0584,Por que Cloud Run importa em Google Cloud Platform,Cloud,26,por que cloud run importa em google cloud platform. como google cloud platform lida com cloud run útil para implantar apps em containers sem gerenciar infraestrutura.
cnt_0585,Acessibilidade (a11y): atributos ARIA,Frontend,24,acessibilidade a11y atributos aria. uma visão geral de atributos aria em acessibilidade a11y com foco em tornar widgets interativos utilizáveis com leitores de tela.
cnt_0586,Por que comunicação em tempo real importa em WebSockets,Backend,30,por que comunicação em tempo real importa em websockets. um olhar prático sobre comunicação em tempo real em websockets essencial para enviar atualizações em tempo real aos clientes sem polling.
cnt_0587,Um guia prático de construção de redes neurais,Data Science,30,um guia prático de construção de redes neurais. uma visão geral de construção de redes neurais em pytorch com foco em definir camadas e loops de treino personalizados do zero.
cnt_0588,Um guia prático de a Web Animations API,Frontend,27,um guia prático de a web animations api. notas práticas sobre a web animations api usando animações com o objetivo de criar transições suaves sem bibliotecas pesadas.
cnt_0589,Primeiros passos com Random Forest,Data Science,26,primeiros passos com random forest. um olhar prático sobre importância de features em random forest essencial para entender quais variáveis influenciam as previsões de um modelo.
cnt_0590,Chaves de idempotência: retries seguros,Backend,25,chaves de idempotência retries seguros. um olhar prático sobre retries seguros em chaves de idempotência essencial para evitar efeitos colaterais duplicados quando clientes reenviam requisições.
cnt_0591,Entendendo tokenização em processamento de linguagem natural,Data Science,29,entendendo tokenização em processamento de linguagem natural. uma visão geral de tokenização em processamento de linguagem natural com foco em dividir texto em unidades que um modelo consegue processar.
cnt_0592,Boas práticas de containers de injeção de dependência para inversão de controle,Backend,36,boas práticas de containers de injeção de dependência para inversão de controle. um olhar prático sobre inversão de controle em containers de injeção de dependência essencial para trocar implementações sem alterar o código que as chama.
cnt_0593,Entendendo playbooks idempotentes em Ansible,DevOps,24,entendendo playbooks idempotentes em ansible. notas práticas sobre playbooks idempotentes usando ansible com o objetivo de aplicar mudanças de configuração com segurança várias vezes.
cnt_0594,Primeiros passos com Angular,Frontend,23,primeiros passos com angular. uma visão geral de formulários reativos em angular com foco em validar entradas complexas do usuário de forma declarativa.
cnt_0595,Indexação de banco de dados a fundo: B-tree vs hash indexes,Databases,38,indexação de banco de dados a fundo b-tree vs hash indexes. um olhar prático sobre b-tree vs hash indexes em indexação de banco de dados essencial para escolher o tipo certo de índice para um padrão de consulta.
cnt_0596,Um guia prático de estratégias de cache local,Mobile,32,um guia prático de estratégias de cache local. conceitos-chave por trás de estratégias de cache local em suporte offline em mobile relevantes para manter o app utilizável sem conexão com a internet.
cnt_0597,Design estrutural de Compartments no OCI,Cloud,20,design estrutural de compartments no oci. boas práticas para organizar recursos de nuvem em compartments hierárquicos para governança e iam.
cnt_0598,Primeiros passos com bancos de dados de séries temporais,Databases,36,primeiros passos com bancos de dados de séries temporais. um olhar prático sobre influxdb em bancos de dados de séries temporais essencial para armazenar e consultar dados de métricas de forma eficiente ao longo do tempo.
cnt_0599,Boas práticas de orquestração de containers para probes de readiness e liveness,DevOps,35,boas práticas de orquestração de containers para probes de readiness e liveness. um olhar prático sobre probes de readiness e liveness em orquestração de containers essencial para informar ao kubernetes quando um pod está saudável.
cnt_0600,Data lakes: schema-on-read,Data Engineering,24,data lakes schema-on-read. conceitos-chave por trás de schema-on-read em data lakes relevantes para armazenar dados brutos de forma flexível antes de definir sua estrutura.
cnt_0601,Entendendo conexão entre on-premises e nuvem em nuvem híbrida,Cloud,30,entendendo conexão entre on-premises e nuvem em nuvem híbrida. notas práticas sobre conexão entre on-premises e nuvem usando nuvem híbrida com o objetivo de estender infraestrutura existente para a nuvem.
cnt_0602,Boas práticas de Kotlin para Jetpack Compose,Mobile,24,boas práticas de kotlin para jetpack compose. como kotlin lida com jetpack compose útil para escrever interfaces android de forma declarativa sem layouts xml.
cnt_0603,Por que grid search vs random search importa em ajuste de hiperparâmetros,Data Science,32,por que grid search vs random search importa em ajuste de hiperparâmetros. como ajuste de hiperparâmetros lida com grid search vs random search útil para encontrar sistematicamente a melhor configuração de modelo.
cnt_0604,Delta Lake: transações ACID em data lakes,Data Engineering,29,delta lake transações acid em data lakes. explorando transações acid em data lakes com delta lake como uma forma de adicionar confiabilidade a armazenamento de dados em larga escala.
cnt_0605,Por que redução do tempo de inicialização do app importa em desempenho mobile,Mobile,40,por que redução do tempo de inicialização do app importa em desempenho mobile. conceitos-chave por trás de redução do tempo de inicialização do app em desempenho mobile relevantes para melhorar a primeira impressão que os usuários têm de um app.
cnt_0606,Boas práticas de desempenho web para lazy loading de imagens,Frontend,34,boas práticas de desempenho web para lazy loading de imagens. uma visão geral de lazy loading de imagens em desempenho web com foco em reduzir o peso inicial da página para carregar mais rápido.
cnt_0607,Entendendo a árvore de widgets em Flutter,Mobile,32,entendendo a árvore de widgets em flutter. uma visão geral de a árvore de widgets em flutter com foco em construir uis multiplataforma a partir de uma única base de código dart.
cnt_0608,Apache Airflow: agendamento de DAGs,Data Engineering,25,apache airflow agendamento de dags. um olhar prático sobre agendamento de dags em apache airflow essencial para orquestrar tarefas dependentes de um pipeline de dados.
cnt_0609,Expo Application Services (EAS),Mobile,21,expo application services eas . compilando enviando e atualizando aplicações react native na nuvem facilmente usando eas build e eas submit.
cnt_0610,Por que políticas de ciclo de vida de armazenamento de objetos importa em Amazon S3,Cloud,44,por que políticas de ciclo de vida de armazenamento de objetos importa em amazon s3. notas práticas sobre políticas de ciclo de vida de armazenamento de objetos usando amazon s3 com o objetivo de arquivar automaticamente dados antigos em camadas de armazenamento mais baratas.
cnt_0611,Boas práticas de monitoramento de nuvem para observabilidade centralizada,Cloud,29,boas práticas de monitoramento de nuvem para observabilidade centralizada. conceitos-chave por trás de observabilidade centralizada em monitoramento de nuvem relevantes para rastrear métricas e logs entre recursos na nuvem.
cnt_0612,Um guia prático de processamento de streams com estado,Data Engineering,30,um guia prático de processamento de streams com estado. conceitos-chave por trás de processamento de streams com estado em apache flink relevantes para manter estado entre eventos em tempo real.
cnt_0613,Apache Spark a fundo: processamento de dados distribuído,Data Engineering,26,apache spark a fundo processamento de dados distribuído. explorando processamento de dados distribuído com apache spark como uma forma de transformar grandes datasets em um cluster.
cnt_0614,Um guia prático de manipuladores de toque customizados,Mobile,31,um guia prático de manipuladores de toque customizados. explorando manipuladores de toque customizados com reconhecimento de gestos como uma forma de construir interações de swipe e pinch em um app mobile.
cnt_0615,Por que tratamento de valores ausentes importa em limpeza de dados,Data Science,34,por que tratamento de valores ausentes importa em limpeza de dados. notas práticas sobre tratamento de valores ausentes usando limpeza de dados com o objetivo de decidir entre imputar remover ou sinalizar dados faltantes.
cnt_0616,Server-Sent Events: streaming unidirecional,Backend,22,server-sent events streaming unidirecional. explorando streaming unidirecional com server-sent events como uma forma de enviar atualizações contínuas do servidor para o navegador.
cnt_0617,Primeiros passos com suporte offline em mobile,Mobile,30,primeiros passos com suporte offline em mobile. explorando estratégias de cache local com suporte offline em mobile como uma forma de manter o app utilizável sem conexão com a internet.
cnt_0618,Apache Kafka a fundo: streaming de eventos,Data Engineering,26,apache kafka a fundo streaming de eventos. conceitos-chave por trás de streaming de eventos em apache kafka relevantes para mover dados entre sistemas em tempo real.
cnt_0619,Catalogação e descoberta de dados,Data Engineering,23,catalogação e descoberta de dados. por que um catálogo de dados centralizado é essencial para governança linhagem e descoberta de dados em empresas.
cnt_0620,Primeiros passos com GraphQL,Backend,22,primeiros passos com graphql. conceitos-chave por trás de resolvers em graphql relevantes para buscar apenas os campos que o cliente pede explicitamente.
cnt_0621,Entendendo code splitting em Webpack,Frontend,24,entendendo code splitting em webpack. um olhar prático sobre code splitting em webpack essencial para carregar apenas o javascript que a página realmente precisa.
cnt_0622,Google Cloud Platform a fundo: Cloud Run,Cloud,27,google cloud platform a fundo cloud run. notas práticas sobre cloud run usando google cloud platform com o objetivo de implantar apps em containers sem gerenciar infraestrutura.
cnt_0623,Por que templates de manifests do Kubernetes importa em Helm charts,DevOps,27,por que templates de manifests do kubernetes importa em helm charts. como helm charts lida com templates de manifests do kubernetes útil para reutilizar configuração entre ambientes.
cnt_0624,Elasticsearch a fundo: índices invertidos,Databases,23,elasticsearch a fundo índices invertidos. uma visão geral de índices invertidos em elasticsearch com foco em habilitar busca full-text rápida em grandes datasets.
cnt_0625,Data warehousing: design de star schema,Databases,23,data warehousing design de star schema. explorando design de star schema com data warehousing como uma forma de otimizar tabelas para consultas analíticas.
cnt_0626,Boas práticas de CI/CD mobile para automação com Fastlane,Mobile,31,boas práticas de ci cd mobile para automação com fastlane. notas práticas sobre automação com fastlane usando ci cd mobile com o objetivo de automatizar builds assinatura e envio às lojas.
cnt_0627,Algoritmos de balanceamento de carga a fundo: round robin vs least connections,Backend,36,algoritmos de balanceamento de carga a fundo round robin vs least connections. conceitos-chave por trás de round robin vs least connections em algoritmos de balanceamento de carga relevantes para distribuir tráfego igualmente entre réplicas do backend.
cnt_0628,Otimização de custos na nuvem: instâncias reservadas,Cloud,28,otimização de custos na nuvem instâncias reservadas. como otimização de custos na nuvem lida com instâncias reservadas útil para reduzir custos de computação com compromissos de longo prazo.
cnt_0629,Por que Largest Contentful Paint importa em Web Vitals,Frontend,30,por que largest contentful paint importa em web vitals. conceitos-chave por trás de largest contentful paint em web vitals relevantes para medir o desempenho de carregamento percebido por usuários reais.
cnt_0630,Profiles do Spring Boot,Backend,20,profiles do spring boot. gerenciando configurações específicas por ambiente dev test prod em aplicações spring boot usando application.yml e profiles.
cnt_0631,Estratégias de retenção de backup de banco de dados,Databases,27,estratégias de retenção de backup de banco de dados. configurando esquemas de rotação grandfather-father-son gfs para retenção segura de backups de banco de dados a longo prazo.
cnt_0632,Por que tratamento de arquivos grandes importa em uploads multipart,Backend,33,por que tratamento de arquivos grandes importa em uploads multipart. uma visão geral de tratamento de arquivos grandes em uploads multipart com foco em processar uploads de arquivos de forma eficiente no backend.
cnt_0633,Um guia prático de K-means,Data Science,23,um guia prático de k-means. uma visão geral de k-means em clustering com foco em agrupar pontos de dados semelhantes sem exemplos rotulados.
cnt_0634,Grupos de segurança na nuvem a fundo: regras de acesso de rede,Cloud,37,grupos de segurança na nuvem a fundo regras de acesso de rede. um olhar prático sobre regras de acesso de rede em grupos de segurança na nuvem essencial para controlar tráfego de entrada e saída de recursos.
cnt_0635,Entendendo schema-on-read em data lakes,Data Engineering,26,entendendo schema-on-read em data lakes. conceitos-chave por trás de schema-on-read em data lakes relevantes para armazenar dados brutos de forma flexível antes de definir sua estrutura.
cnt_0636,Boas práticas de message brokers para partições do Kafka,Data Engineering,28,boas práticas de message brokers para partições do kafka. explorando partições do kafka com message brokers como uma forma de escalar o consumo de eventos entre vários consumidores.
cnt_0637,Primeiros passos com Google Play,Mobile,27,primeiros passos com google play. um olhar prático sobre rollouts em etapas em google play essencial para liberar uma atualização para um pequeno percentual de usuários primeiro.
cnt_0638,Entendendo automação cloud-native em provisionamento de infraestrutura,Cloud,25,entendendo automação cloud-native em provisionamento de infraestrutura. explorando automação cloud-native com provisionamento de infraestrutura como uma forma de criar ambientes de forma consistente e rápida.
cnt_0639,Por que decorators customizados importa em NestJS,Backend,24,por que decorators customizados importa em nestjs. um olhar prático sobre decorators customizados em nestjs essencial para encapsular lógica repetida de tratamento de requisições.
cnt_0640,Aplicativos para wearables a fundo: watchOS e Wear OS,Mobile,31,aplicativos para wearables a fundo watchos e wear os. explorando watchos e wear os com aplicativos para wearables como uma forma de estender a experiência de um app mobile para smartwatches.
cnt_0641,Redis: session storage,Backend,24,redis session storage. conceitos-chave por trás de session storage em redis relevantes para compartilhar o estado de login entre várias instâncias do servidor backend.
cnt_0642,Entendendo captura e processamento de fotos em integração com a câmera,Mobile,38,entendendo captura e processamento de fotos em integração com a câmera. uma visão geral de captura e processamento de fotos em integração com a câmera com foco em adicionar recursos de captura de foto a um app mobile.
cnt_0643,Primeiros passos com pipelines de dados,Data Engineering,27,primeiros passos com pipelines de dados. uma visão geral de tarefas idempotentes em pipelines de dados com foco em reexecutar um pipeline com segurança sem duplicar dados.
cnt_0644,Primeiros passos com containers de injeção de dependência,Backend,33,primeiros passos com containers de injeção de dependência. uma visão geral de inversão de controle em containers de injeção de dependência com foco em trocar implementações sem alterar o código que as chama.
cnt_0645,Um guia prático de gerenciamento de tráfego com Istio,DevOps,29,um guia prático de gerenciamento de tráfego com istio. uma visão geral de gerenciamento de tráfego com istio em service mesh com foco em controlar a comunicação entre microsserviços.
cnt_0646,Um guia prático de pipelines declarativos,DevOps,25,um guia prático de pipelines declarativos. notas práticas sobre pipelines declarativos usando jenkins com o objetivo de definir etapas de build e deploy como código.
cnt_0647,Arquivos Parquet: armazenamento colunar,Data Engineering,21,arquivos parquet armazenamento colunar. um olhar prático sobre armazenamento colunar em arquivos parquet essencial para acelerar consultas analíticas em grandes datasets.
cnt_0648,Dashboards de visualização de dados: Plotly Dash,Data Science,26,dashboards de visualização de dados plotly dash. explorando plotly dash com dashboards de visualização de dados como uma forma de construir ferramentas exploratórias interativas para stakeholders.
cnt_0649,Boas práticas de GitHub Actions para workflows reutilizáveis,DevOps,26,boas práticas de github actions para workflows reutilizáveis. um olhar prático sobre workflows reutilizáveis em github actions essencial para compartilhar lógica de ci entre vários repositórios.
cnt_0650,Por que políticas de escalonamento importa em grupos de auto scaling,DevOps,31,por que políticas de escalonamento importa em grupos de auto scaling. explorando políticas de escalonamento com grupos de auto scaling como uma forma de adicionar ou remover instâncias conforme a demanda.
cnt_0651,Um guia prático de Protocol Buffers,Backend,25,um guia prático de protocol buffers. uma visão geral de protocol buffers em grpc com foco em definir contratos de serviço fortemente tipados entre linguagens.
cnt_0652,Bloqueio de banco de dados (locking): prevenção de deadlocks,Databases,30,bloqueio de banco de dados locking prevenção de deadlocks. explorando prevenção de deadlocks com bloqueio de banco de dados locking como uma forma de evitar transações que se bloqueiam indefinidamente.
cnt_0653,Vue.js: a Composition API,Frontend,28,vue.js a composition api. uma visão geral de a composition api em vue.js com foco em organizar a lógica de componentes por funcionalidade em vez de por opção.
cnt_0654,Infraestrutura como código a fundo: infraestrutura imutável,DevOps,28,infraestrutura como código a fundo infraestrutura imutável. notas práticas sobre infraestrutura imutável usando infraestrutura como código com o objetivo de substituir servidores em vez de atualizá-los no local.
cnt_0655,Um guia prático de desenvolvimento isolado de componentes,Frontend,31,um guia prático de desenvolvimento isolado de componentes. notas práticas sobre desenvolvimento isolado de componentes usando storybook com o objetivo de construir e documentar peças de ui fora da aplicação completa.
cnt_0656,Scikit-learn: validação cruzada,Data Science,22,scikit-learn validação cruzada. um olhar prático sobre validação cruzada em scikit-learn essencial para obter uma estimativa mais confiável do desempenho do modelo.
cnt_0657,Primeiros passos com módulos nativos,Mobile,29,primeiros passos com módulos nativos. explorando integração com apis da plataforma com módulos nativos como uma forma de expor acesso à câmera ou a sensores para um app multiplataforma.
cnt_0658,Kotlin: coroutines no backend,Backend,25,kotlin coroutines no backend. explorando coroutines no backend com kotlin como uma forma de escrever código de serviço assíncrono que se lê como código síncrono.
cnt_0659,Random Forest a fundo: importância de features,Data Science,29,random forest a fundo importância de features. uma visão geral de importância de features em random forest com foco em entender quais variáveis influenciam as previsões de um modelo.
cnt_0660,Provisionamento de infraestrutura a fundo: automação cloud-native,Cloud,25,provisionamento de infraestrutura a fundo automação cloud-native. explorando automação cloud-native com provisionamento de infraestrutura como uma forma de criar ambientes de forma consistente e rápida.
cnt_0661,Boas práticas de testes mobile para frameworks de automação de UI,Mobile,32,boas práticas de testes mobile para frameworks de automação de ui. explorando frameworks de automação de ui com testes mobile como uma forma de rodar testes end-to-end em dispositivos reais e simuladores.
cnt_0662,Recuperação de desastres na nuvem: failover multi-região,Cloud,28,recuperação de desastres na nuvem failover multi-região. um olhar prático sobre failover multi-região em recuperação de desastres na nuvem essencial para manter sistemas disponíveis durante uma falha regional.
cnt_0663,Um guia prático de escolha do modelo de dados certo,Databases,36,um guia prático de escolha do modelo de dados certo. uma visão geral de escolha do modelo de dados certo em nosql vs sql com foco em decidir entre bancos de dados relacionais e de documentos.
cnt_0664,Entendendo Jetpack Compose em Kotlin,Mobile,25,entendendo jetpack compose em kotlin. notas práticas sobre jetpack compose usando kotlin com o objetivo de escrever interfaces android de forma declarativa sem layouts xml.
cnt_0665,Entendendo deploys declarativos em GitOps,DevOps,27,entendendo deploys declarativos em gitops. notas práticas sobre deploys declarativos usando gitops com o objetivo de usar o git como única fonte de verdade para a infraestrutura.
cnt_0666,Pool de conexões a fundo: reutilização de conexões de banco de dados,Databases,36,pool de conexões a fundo reutilização de conexões de banco de dados. um olhar prático sobre reutilização de conexões de banco de dados em pool de conexões essencial para reduzir overhead em aplicações de alto tráfego.
cnt_0667,Entendendo armazenamento wide-column em Cassandra,Databases,23,entendendo armazenamento wide-column em cassandra. explorando armazenamento wide-column com cassandra como uma forma de lidar com throughput massivo de escrita entre nós distribuídos.
cnt_0668,Primeiros passos com Svelte,Frontend,26,primeiros passos com svelte. uma visão geral de reatividade compilada em svelte com foco em atualizar o dom sem uma etapa de diffing de dom virtual.
cnt_0669,Boas práticas de práticas de SRE para error budgets,DevOps,32,boas práticas de práticas de sre para error budgets. notas práticas sobre error budgets usando práticas de sre com o objetivo de equilibrar trabalho de confiabilidade e velocidade de entrega de features.
cnt_0670,Clean Architecture: separação de camadas,Backend,27,clean architecture separação de camadas. como clean architecture lida com separação de camadas útil para manter a lógica de domínio independente de frameworks e bancos de dados.
cnt_0671,Primeiros passos com filas de mensagens,Backend,27,primeiros passos com filas de mensagens. como filas de mensagens lida com consumidores do rabbitmq útil para desacoplar trabalho lento em segundo plano do ciclo de requisição-resposta.
cnt_0672,Transações: propriedades ACID,Databases,21,transações propriedades acid. como transações lida com propriedades acid útil para garantir consistência mesmo quando operações falham no meio do caminho.
cnt_0673,ELK Stack a fundo: logging centralizado,DevOps,27,elk stack a fundo logging centralizado. uma visão geral de logging centralizado em elk stack com foco em agregar logs de vários serviços em um só lugar.
cnt_0674,Por que desacoplamento de serviços importa em filas na nuvem,Cloud,31,por que desacoplamento de serviços importa em filas na nuvem. notas práticas sobre desacoplamento de serviços usando filas na nuvem com o objetivo de armazenar mensagens em buffer entre componentes distribuídos.
cnt_0675,Estilização com propriedades customizadas do CSS,Frontend,24,estilização com propriedades customizadas do css. aproveitando variáveis nativas do css para troca de tema em tempo real estilização dinâmica e design responsivo limpo.
cnt_0676,Entendendo tratamento de schema drift em ingestão de dados,Data Engineering,33,entendendo tratamento de schema drift em ingestão de dados. conceitos-chave por trás de tratamento de schema drift em ingestão de dados relevantes para adaptar pipelines quando a estrutura dos dados de origem muda.
cnt_0677,Arquitetura de bancos de dados orientados a coluna,Databases,25,arquitetura de bancos de dados orientados a coluna. por que bancos como clickhouse cassandra e snowflake gravam colunas em vez de linhas para otimizar agregações.
cnt_0678,Gerenciamento de segredos a fundo: HashiCorp Vault,DevOps,26,gerenciamento de segredos a fundo hashicorp vault. como gerenciamento de segredos lida com hashicorp vault útil para armazenar credenciais com segurança em vez de texto puro.
cnt_0679,Primeiros passos com roteamento no cliente,Frontend,30,primeiros passos com roteamento no cliente. notas práticas sobre navegação em single page applications usando roteamento no cliente com o objetivo de trocar de tela sem recarregar a página inteira.
cnt_0680,Entendendo formulários reativos em Angular,Frontend,24,entendendo formulários reativos em angular. uma visão geral de formulários reativos em angular com foco em validar entradas complexas do usuário de forma declarativa.
cnt_0681,Docker: builds multi-stage,DevOps,22,docker builds multi-stage. conceitos-chave por trás de builds multi-stage em docker relevantes para manter imagens de container pequenas e prontas para produção.
cnt_0682,Primeiros passos com limpeza de dados,Data Science,27,primeiros passos com limpeza de dados. explorando tratamento de valores ausentes com limpeza de dados como uma forma de decidir entre imputar remover ou sinalizar dados faltantes.
cnt_0683,Catalogação de dados: gerenciamento de metadados,Data Engineering,26,catalogação de dados gerenciamento de metadados. conceitos-chave por trás de gerenciamento de metadados em catalogação de dados relevantes para tornar datasets descobríveis em toda a organização.
cnt_0684,Configuração de credenciais push mobile,Mobile,22,configuração de credenciais push mobile. configurando certificados apns .p12 e firebase server keys para enviar notificações push a dispositivos ios e android.
cnt_0685,Por que logging estruturado importa em agregação de logs,DevOps,26,por que logging estruturado importa em agregação de logs. como agregação de logs lida com logging estruturado útil para facilitar a busca e correlação de logs.
cnt_0686,Um guia prático de Word2Vec e GloVe,Data Science,27,um guia prático de word2vec e glove. conceitos-chave por trás de word2vec e glove em word embeddings relevantes para representar palavras como vetores densos que capturam significado.
cnt_0687,Primeiros passos com pool de conexões,Databases,30,primeiros passos com pool de conexões. conceitos-chave por trás de reutilização de conexões de banco de dados em pool de conexões relevantes para reduzir overhead em aplicações de alto tráfego.
cnt_0688,Por que virtual private clouds (VPCs) importa em rede na nuvem,Cloud,34,por que virtual private clouds vpcs importa em rede na nuvem. um olhar prático sobre virtual private clouds vpcs em rede na nuvem essencial para isolar recursos de nuvem dentro de uma rede privada.
cnt_0689,Um guia prático de gatilhos orientados a eventos,Cloud,31,um guia prático de gatilhos orientados a eventos. um olhar prático sobre gatilhos orientados a eventos em funções em nuvem essencial para executar código automaticamente em resposta a eventos na nuvem.
cnt_0690,Boas práticas de dbt para transformação de dados como código,Data Engineering,31,boas práticas de dbt para transformação de dados como código. explorando transformação de dados como código com dbt como uma forma de aplicar práticas de engenharia de software a modelos sql.
cnt_0691,GraphQL a fundo: resolvers,Backend,22,graphql a fundo resolvers. um olhar prático sobre resolvers em graphql essencial para buscar apenas os campos que o cliente pede explicitamente.
cnt_0692,GitOps a fundo: deploys declarativos,DevOps,26,gitops a fundo deploys declarativos. conceitos-chave por trás de deploys declarativos em gitops relevantes para usar o git como única fonte de verdade para a infraestrutura.
cnt_0693,Um guia prático de recuperação point-in-time,Databases,30,um guia prático de recuperação point-in-time. conceitos-chave por trás de recuperação point-in-time em backups de banco de dados relevantes para restaurar dados a um momento específico após perda de dados.
cnt_0694,Chaos Engineering a fundo: testes de injeção de falhas,DevOps,32,chaos engineering a fundo testes de injeção de falhas. um olhar prático sobre testes de injeção de falhas em chaos engineering essencial para verificar se os sistemas se recuperam bem de falhas.
cnt_0695,Autenticação biométrica: APIs de Face ID e impressão digital,Mobile,34,autenticação biométrica apis de face id e impressão digital. explorando apis de face id e impressão digital com autenticação biométrica como uma forma de permitir que usuários façam login com segurança sem digitar senha.
cnt_0696,Entendendo star schema vs snowflake schema em modelagem de dados,Data Engineering,31,entendendo star schema vs snowflake schema em modelagem de dados. um olhar prático sobre star schema vs snowflake schema em modelagem de dados essencial para estruturar um warehouse para análises eficientes.
cnt_0697,Testes de hipótese estatística a fundo: p-values,Data Science,23,testes de hipótese estatística a fundo p-values. como testes de hipótese estatística lida com p-values útil para medir evidências contra uma hipótese nula.
cnt_0698,Por que schema-on-read importa em data lakes,Data Engineering,28,por que schema-on-read importa em data lakes. conceitos-chave por trás de schema-on-read em data lakes relevantes para armazenar dados brutos de forma flexível antes de definir sua estrutura.
cnt_0699,Métodos ensemble a fundo: stacking classifiers,Data Science,25,métodos ensemble a fundo stacking classifiers. uma visão geral de stacking classifiers em métodos ensemble com foco em combinar vários modelos para melhorar a acurácia.
cnt_0700,Primeiros passos com drag and drop,Frontend,31,primeiros passos com drag and drop. conceitos-chave por trás de a api html5 de drag and drop em drag and drop relevantes para construir listas ordenáveis e quadros kanban no navegador.
cnt_0701,Primeiros passos com regularização,Data Science,26,primeiros passos com regularização. um olhar prático sobre penalidades l1 e l2 em regularização essencial para evitar que um modelo sofra overfitting nos dados de treino.
cnt_0702,Configuração de backups de banco de dados na nuvem,Cloud,27,configuração de backups de banco de dados na nuvem. configurando backups automatizados e criptografados de banco de dados para armazenamento de objetos na nuvem com retenção customizável.
cnt_0703,MongoDB: design de schema,Databases,23,mongodb design de schema. um olhar prático sobre design de schema em mongodb essencial para modelar documentos para dados flexíveis e em evolução.
cnt_0704,Entendendo agendamento de tarefas em segundo plano em otimização de bateria,Mobile,36,entendendo agendamento de tarefas em segundo plano em otimização de bateria. explorando agendamento de tarefas em segundo plano com otimização de bateria como uma forma de minimizar o consumo de energia por atividades em segundo plano.
cnt_0705,Filas de mensagens a fundo: consumidores do RabbitMQ,Backend,31,filas de mensagens a fundo consumidores do rabbitmq. um olhar prático sobre consumidores do rabbitmq em filas de mensagens essencial para desacoplar trabalho lento em segundo plano do ciclo de requisição-resposta.
cnt_0706,Configuração do OCI API Gateway,Cloud,20,configuração do oci api gateway. configurando rate limiting políticas de cors autenticação e regras de roteamento no oci api gateway.
cnt_0707,Boas práticas de acessibilidade mobile para VoiceOver e TalkBack,Mobile,30,boas práticas de acessibilidade mobile para voiceover e talkback. uma visão geral de voiceover e talkback em acessibilidade mobile com foco em tornar apps utilizáveis para usuários com deficiência visual.
cnt_0708,Apache Airflow a fundo: agendamento de DAGs,Data Engineering,27,apache airflow a fundo agendamento de dags. conceitos-chave por trás de agendamento de dags em apache airflow relevantes para orquestrar tarefas dependentes de um pipeline de dados.
cnt_0709,Por que autoscaling horizontal de pods importa em Kubernetes,DevOps,28,por que autoscaling horizontal de pods importa em kubernetes. notas práticas sobre autoscaling horizontal de pods usando kubernetes com o objetivo de ajustar réplicas automaticamente conforme a carga.
cnt_0710,Primeiros passos com internacionalização,Frontend,23,primeiros passos com internacionalização. explorando bibliotecas de i18n com internacionalização como uma forma de traduzir textos de ui e formatar datas por localidade.
cnt_0711,Layouts responsivos com unidades de viewport,Frontend,23,layouts responsivos com unidades de viewport. projetando layouts fluidos e mobile-first usando propriedades customizadas do css calc clamp e unidades vh e vw.
cnt_0712,GitOps com ArgoCD,DevOps,21,gitops com argocd. automatizando o deploy contínuo no kubernetes ao sincronizar o estado do cluster com repositórios git usando o argocd.
cnt_0713,Boas práticas de pool de conexões para reutilização de conexões de banco de dados,Databases,36,boas práticas de pool de conexões para reutilização de conexões de banco de dados. como pool de conexões lida com reutilização de conexões de banco de dados útil para reduzir overhead em aplicações de alto tráfego.
cnt_0714,Apache Flink a fundo: processamento de streams com estado,Data Engineering,31,apache flink a fundo processamento de streams com estado. notas práticas sobre processamento de streams com estado usando apache flink com o objetivo de manter estado entre eventos em tempo real.
cnt_0715,Pipelines de dados: tarefas idempotentes,Data Engineering,25,pipelines de dados tarefas idempotentes. conceitos-chave por trás de tarefas idempotentes em pipelines de dados relevantes para reexecutar um pipeline com segurança sem duplicar dados.
cnt_0716,Rate limiting: o algoritmo token bucket,Backend,28,rate limiting o algoritmo token bucket. conceitos-chave por trás de o algoritmo token bucket em rate limiting relevantes para proteger uma api contra abuso e picos de tráfego.
cnt_0717,Por que fluxos de autorização importa em OAuth2,Backend,28,por que fluxos de autorização importa em oauth2. explorando fluxos de autorização com oauth2 como uma forma de delegar acesso sem compartilhar a senha do usuário com terceiros.
cnt_0718,Por que tratamento de schema drift importa em ingestão de dados,Data Engineering,33,por que tratamento de schema drift importa em ingestão de dados. como ingestão de dados lida com tratamento de schema drift útil para adaptar pipelines quando a estrutura dos dados de origem muda.
cnt_0719,Android a fundo: o ciclo de vida da Activity,Mobile,36,android a fundo o ciclo de vida da activity. notas práticas sobre o ciclo de vida da activity usando android com o objetivo de gerenciar o estado corretamente quando telas giram ou vão para segundo plano.
cnt_0720,Um guia prático de a API HTML5 de Drag and Drop,Frontend,37,um guia prático de a api html5 de drag and drop. uma visão geral de a api html5 de drag and drop em drag and drop com foco em construir listas ordenáveis e quadros kanban no navegador.
cnt_0721,Boas práticas de data lakes para schema-on-read,Data Engineering,28,boas práticas de data lakes para schema-on-read. conceitos-chave por trás de schema-on-read em data lakes relevantes para armazenar dados brutos de forma flexível antes de definir sua estrutura.
cnt_0722,Rate limiting a fundo: o algoritmo token bucket,Backend,28,rate limiting a fundo o algoritmo token bucket. como rate limiting lida com o algoritmo token bucket útil para proteger uma api contra abuso e picos de tráfego.
cnt_0723,Padrões de roteamento em API Gateway,Backend,23,padrões de roteamento em api gateway. configurando reverse proxy agregação de requisições e terminação ssl no nível do gateway em microsserviços de backend.
cnt_0724,Um guia prático de gradient boosting,Data Science,25,um guia prático de gradient boosting. notas práticas sobre gradient boosting usando xgboost com o objetivo de combinar modelos fracos em um modelo preditivo forte.
cnt_0725,Boas práticas de gerenciamento de configuração para configurações específicas por ambiente,DevOps,32,boas práticas de gerenciamento de configuração para configurações específicas por ambiente. uma visão geral de configurações específicas por ambiente em gerenciamento de configuração com foco em evitar valores fixos hardcoded entre deploys.
cnt_0726,Pipelines ETL a fundo: extract-transform-load (ETL),Data Engineering,28,pipelines etl a fundo extract-transform-load etl . notas práticas sobre extract-transform-load etl usando pipelines etl com o objetivo de transformar dados brutos em um formato limpo e consultável.
cnt_0727,Visão computacional: redes neurais convolucionais,Data Science,22,visão computacional redes neurais convolucionais. conceitos-chave por trás de redes neurais convolucionais em visão computacional relevantes para extrair características espaciais de imagens.
cnt_0728,Templates de Helm Charts no Kubernetes,DevOps,19,templates de helm charts no kubernetes. empacotando arquivos de manifest complexos do kubernetes em templates reutilizáveis usando helm charts.
cnt_0729,Uploads multipart: tratamento de arquivos grandes,Backend,28,uploads multipart tratamento de arquivos grandes. conceitos-chave por trás de tratamento de arquivos grandes em uploads multipart relevantes para processar uploads de arquivos de forma eficiente no backend.
cnt_0730,Entendendo agregações com groupby em Pandas,Data Science,21,entendendo agregações com groupby em pandas. como pandas lida com agregações com groupby útil para resumir grandes datasets por categoria rapidamente.
cnt_0731,Primeiros passos com sistemas de recomendação,Data Science,28,primeiros passos com sistemas de recomendação. uma visão geral de filtragem colaborativa em sistemas de recomendação com foco em sugerir itens com base em comportamentos de usuários semelhantes.
cnt_0732,Um guia prático de injeção de dependência,Backend,26,um guia prático de injeção de dependência. como spring boot lida com injeção de dependência útil para conectar serviços e repositórios automaticamente por meio de anotações.
cnt_0733,Custom Painters no Flutter,Mobile,20,custom painters no flutter. desenhando formas customizadas gráficos complexos e componentes de ui especializados no flutter usando canvas e custompainter.
cnt_0734,Monitoramento de nuvem: observabilidade centralizada,Cloud,25,monitoramento de nuvem observabilidade centralizada. conceitos-chave por trás de observabilidade centralizada em monitoramento de nuvem relevantes para rastrear métricas e logs entre recursos na nuvem.
cnt_0735,Entendendo Core Data em iOS,Mobile,21,entendendo core data em ios. como ios lida com core data útil para persistir dados estruturados do app localmente no dispositivo.
cnt_0736,Por que o caminho crítico de renderização importa em renderização no navegador,Frontend,37,por que o caminho crítico de renderização importa em renderização no navegador. conceitos-chave por trás de o caminho crítico de renderização em renderização no navegador relevantes para entender como html css e js se transformam em pixels.
cnt_0737,Eficiência de formatos de arquivo colunares,Data Engineering,25,eficiência de formatos de arquivo colunares. por que os formatos parquet e orc têm desempenho melhor que o csv em consultas analíticas graças à compressão.
cnt_0738,Primeiros passos com Vite,Frontend,24,primeiros passos com vite. conceitos-chave por trás de hot module replacement em vite relevantes para refletir mudanças de código instantaneamente sem recarregar a página.
cnt_0739,Um guia prático de rollback automatizado,DevOps,28,um guia prático de rollback automatizado. conceitos-chave por trás de rollback automatizado em pipelines de ci cd relevantes para reverter automaticamente um deploy ruim em caso de falha.
cnt_0740,Um guia prático de tratamento de arquivos grandes,Backend,28,um guia prático de tratamento de arquivos grandes. como uploads multipart lida com tratamento de arquivos grandes útil para processar uploads de arquivos de forma eficiente no backend.
cnt_0741,Por que conexões site a site importa em VPN na nuvem,Cloud,32,por que conexões site a site importa em vpn na nuvem. um olhar prático sobre conexões site a site em vpn na nuvem essencial para conectar com segurança redes on-premises à nuvem.
cnt_0742,Entendendo comunicação em tempo real em WebSockets,Backend,28,entendendo comunicação em tempo real em websockets. um olhar prático sobre comunicação em tempo real em websockets essencial para enviar atualizações em tempo real aos clientes sem polling.
cnt_0743,ORMs a fundo: o problema de consultas N+1,Databases,35,orms a fundo o problema de consultas n+1. notas práticas sobre o problema de consultas n+1 usando orms com o objetivo de evitar idas e vindas excessivas ao banco de dados causadas por lazy loading.
cnt_0744,Transfer learning a fundo: fine-tuning de modelos pré-treinados,Data Science,29,transfer learning a fundo fine-tuning de modelos pré-treinados. como transfer learning lida com fine-tuning de modelos pré-treinados útil para adaptar modelos grandes a uma nova tarefa com menos dados.
cnt_0745,Um guia prático de codificação de variáveis categóricas,Data Science,32,um guia prático de codificação de variáveis categóricas. notas práticas sobre codificação de variáveis categóricas usando engenharia de features com o objetivo de preparar dados não numéricos para modelos de machine learning.
cnt_0746,Por que auto scaling do EC2 importa em AWS,Cloud,30,por que auto scaling do ec2 importa em aws. uma visão geral de auto scaling do ec2 em aws com foco em ajustar a capacidade computacional automaticamente conforme a demanda.
cnt_0747,Primeiros passos com notificações locais,Mobile,27,primeiros passos com notificações locais. uma visão geral de agendamento de lembretes em notificações locais com foco em disparar alertas sem uma ida e volta ao servidor.
cnt_0748,Primeiros passos com Google Cloud Platform,Cloud,23,primeiros passos com google cloud platform. como google cloud platform lida com cloud run útil para implantar apps em containers sem gerenciar infraestrutura.
cnt_0749,Um guia prático de autoscaling horizontal de pods,DevOps,27,um guia prático de autoscaling horizontal de pods. notas práticas sobre autoscaling horizontal de pods usando kubernetes com o objetivo de ajustar réplicas automaticamente conforme a carga.
cnt_0750,Um guia prático de captura e processamento de fotos,Mobile,36,um guia prático de captura e processamento de fotos. uma visão geral de captura e processamento de fotos em integração com a câmera com foco em adicionar recursos de captura de foto a um app mobile.
cnt_0751,Um guia prático de o ciclo de vida da Activity,Mobile,37,um guia prático de o ciclo de vida da activity. notas práticas sobre o ciclo de vida da activity usando android com o objetivo de gerenciar o estado corretamente quando telas giram ou vão para segundo plano.
cnt_0752,Verificações de qualidade de dados a fundo: regras de validação,Data Engineering,34,verificações de qualidade de dados a fundo regras de validação. conceitos-chave por trás de regras de validação em verificações de qualidade de dados relevantes para detectar dados ruins antes que cheguem aos sistemas seguintes.
cnt_0753,Primeiros passos com CSS Grid,Frontend,23,primeiros passos com css grid. como css grid lida com layouts bidimensionais útil para organizar elementos em linhas e colunas de forma declarativa.
cnt_0754,Ingestão de dados a fundo: tratamento de schema drift,Data Engineering,34,ingestão de dados a fundo tratamento de schema drift. uma visão geral de tratamento de schema drift em ingestão de dados com foco em adaptar pipelines quando a estrutura dos dados de origem muda.
cnt_0755,Message broker Pub/Sub com Redis,Databases,23,message broker pub sub com redis. usando os recursos de publish subscribe do redis para construir sistemas leves de notificação em tempo real.
cnt_0756,Primeiros passos com bancos de dados de grafo,Databases,28,primeiros passos com bancos de dados de grafo. como bancos de dados de grafo lida com relacionamentos no neo4j útil para modelar dados altamente conectados como redes sociais.
cnt_0757,Por que redução de código importa em otimização do tamanho do app,Mobile,38,por que redução de código importa em otimização do tamanho do app. explorando redução de código com otimização do tamanho do app como uma forma de reduzir o tamanho do apk e do ipa para downloads mais rápidos.
cnt_0758,Ajuste de hiperparâmetros com Optuna,Data Science,23,ajuste de hiperparâmetros com optuna. otimizando hiperparâmetros de modelos de machine learning de forma eficiente usando otimização bayesiana com o optuna em python.
cnt_0759,Por que callbacks do Active Record importa em Ruby on Rails,Backend,36,por que callbacks do active record importa em ruby on rails. notas práticas sobre callbacks do active record usando ruby on rails com o objetivo de executar lógica customizada antes ou depois de salvar um registro.
cnt_0760,Por que armazenamento wide-column importa em Cassandra,Databases,26,por que armazenamento wide-column importa em cassandra. conceitos-chave por trás de armazenamento wide-column em cassandra relevantes para lidar com throughput massivo de escrita entre nós distribuídos.
cnt_0761,Amazon S3: políticas de ciclo de vida de armazenamento de objetos,Cloud,40,amazon s3 políticas de ciclo de vida de armazenamento de objetos. notas práticas sobre políticas de ciclo de vida de armazenamento de objetos usando amazon s3 com o objetivo de arquivar automaticamente dados antigos em camadas de armazenamento mais baratas.
cnt_0762,Interpretando o EXPLAIN ANALYZE do PostgreSQL,Databases,25,interpretando o explain analyze do postgresql. lendo planos de execução de consultas para identificar varreduras sequenciais de tabela varreduras de índice e custos de join.
cnt_0763,Um guia prático de probes de readiness e liveness,DevOps,30,um guia prático de probes de readiness e liveness. como orquestração de containers lida com probes de readiness e liveness útil para informar ao kubernetes quando um pod está saudável.
cnt_0764,Primeiros passos com Apache Flink,Data Engineering,26,primeiros passos com apache flink. um olhar prático sobre processamento de streams com estado em apache flink essencial para manter estado entre eventos em tempo real.
cnt_0765,Por que políticas de controle de acesso importa em governança de dados,Data Engineering,36,por que políticas de controle de acesso importa em governança de dados. notas práticas sobre políticas de controle de acesso usando governança de dados com o objetivo de controlar quem pode ver ou modificar datasets sensíveis.
cnt_0766,Primeiros passos com reconhecimento de gestos,Mobile,29,primeiros passos com reconhecimento de gestos. explorando manipuladores de toque customizados com reconhecimento de gestos como uma forma de construir interações de swipe e pinch em um app mobile.
cnt_0767,Um guia prático de playbooks idempotentes,DevOps,22,um guia prático de playbooks idempotentes. como ansible lida com playbooks idempotentes útil para aplicar mudanças de configuração com segurança várias vezes.
cnt_0768,Primeiros passos com particionamento de dados,Data Engineering,29,primeiros passos com particionamento de dados. explorando particionamento por data com particionamento de dados como uma forma de melhorar o desempenho de consultas em tabelas grandes de data lake.
cnt_0769,Primeiros passos com particionamento de banco de dados,Databases,33,primeiros passos com particionamento de banco de dados. notas práticas sobre particionamento por faixa range usando particionamento de banco de dados com o objetivo de dividir tabelas grandes por data ou outra chave.
cnt_0770,Boas práticas de Angular para formulários reativos,Frontend,26,boas práticas de angular para formulários reativos. uma visão geral de formulários reativos em angular com foco em validar entradas complexas do usuário de forma declarativa.
cnt_0771,Storybook: desenvolvimento isolado de componentes,Frontend,25,storybook desenvolvimento isolado de componentes. como storybook lida com desenvolvimento isolado de componentes útil para construir e documentar peças de ui fora da aplicação completa.
cnt_0772,Boas práticas de autenticação biométrica para APIs de Face ID e impressão digital,Mobile,40,boas práticas de autenticação biométrica para apis de face id e impressão digital. uma visão geral de apis de face id e impressão digital em autenticação biométrica com foco em permitir que usuários façam login com segurança sem digitar senha.
cnt_0773,Primeiros passos com processamento de linguagem natural,Data Science,28,primeiros passos com processamento de linguagem natural. um olhar prático sobre tokenização em processamento de linguagem natural essencial para dividir texto em unidades que um modelo consegue processar.
cnt_0774,Gerenciamento de segredos: HashiCorp Vault,DevOps,25,gerenciamento de segredos hashicorp vault. explorando hashicorp vault com gerenciamento de segredos como uma forma de armazenar credenciais com segurança em vez de texto puro.
cnt_0775,Entendendo coroutines no backend em Kotlin,Backend,26,entendendo coroutines no backend em kotlin. como kotlin lida com coroutines no backend útil para escrever código de serviço assíncrono que se lê como código síncrono.
cnt_0776,Layouts adaptativos: suporte a tablets e dobráveis,Mobile,32,layouts adaptativos suporte a tablets e dobráveis. notas práticas sobre suporte a tablets e dobráveis usando layouts adaptativos com o objetivo de projetar ui que se ajusta a diferentes tamanhos de tela.
cnt_0777,Por que testes de injeção de falhas importa em Chaos Engineering,DevOps,32,por que testes de injeção de falhas importa em chaos engineering. como chaos engineering lida com testes de injeção de falhas útil para verificar se os sistemas se recuperam bem de falhas.
cnt_0778,IAM Roles da AWS para EC2,Cloud,25,iam roles da aws para ec2. protegendo arquiteturas aws ao anexar iam roles a instâncias ec2 em vez de fixar chaves de acesso no código.
cnt_0779,@StateObject e @ObservedObject no SwiftUI,Mobile,25,stateobject e observedobject no swiftui. gerenciando fluxos de dados observáveis e o ciclo de vida do estado em apps ios usando property wrappers do swiftui.
cnt_0780,Webhooks a fundo: integrações orientadas a eventos,Backend,27,webhooks a fundo integrações orientadas a eventos. explorando integrações orientadas a eventos com webhooks como uma forma de notificar sistemas externos quando algo acontece em tempo real.
cnt_0781,Um guia prático de compatibilidade retroativa,Backend,26,um guia prático de compatibilidade retroativa. um olhar prático sobre compatibilidade retroativa em versionamento de api essencial para evitar breaking changes para consumidores existentes da api.
cnt_0782,Desenvolvimento de middleware customizado no Django,Backend,20,desenvolvimento de middleware customizado no django. como escrever middleware customizado no django para interceptar logar ou modificar requisições e respostas
cnt_0783,Por que camadas de armazenamento frio vs quente importa em armazenamento em nuvem,Cloud,38,por que camadas de armazenamento frio vs quente importa em armazenamento em nuvem. um olhar prático sobre camadas de armazenamento frio vs quente em armazenamento em nuvem essencial para equilibrar custo e velocidade de recuperação de dados armazenados.
cnt_0784,Módulos nativos: integração com APIs da plataforma,Mobile,31,módulos nativos integração com apis da plataforma. explorando integração com apis da plataforma com módulos nativos como uma forma de expor acesso à câmera ou a sensores para um app multiplataforma.
cnt_0785,Rate Limiting de API com Token Bucket,Backend,22,rate limiting de api com token bucket. implementando algoritmos de rate limiting em aplicações backend para prevenir ataques de negação de serviço.
cnt_0786,Análise de custos de infraestrutura na nuvem,Cloud,27,análise de custos de infraestrutura na nuvem. usando orçamentos tags de rastreamento de custos e dashboards de análise de custos para otimizar a fatura mensal da nuvem.
cnt_0787,Testing Library: testes de componentes centrados no usuário,Frontend,34,testing library testes de componentes centrados no usuário. explorando testes de componentes centrados no usuário com testing library como uma forma de testar a ui da forma como um usuário real interagiria com ela.
cnt_0788,Boas práticas de word embeddings para Word2Vec e GloVe,Data Science,27,boas práticas de word embeddings para word2vec e glove. como word embeddings lida com word2vec e glove útil para representar palavras como vetores densos que capturam significado.
cnt_0789,Laravel: relacionamentos do Eloquent ORM,Backend,24,laravel relacionamentos do eloquent orm. conceitos-chave por trás de relacionamentos do eloquent orm em laravel relevantes para modelar associações um-para-muitos e muitos-para-muitos entre tabelas.
cnt_0790,Engenharia de features: codificação de variáveis categóricas,Data Science,31,engenharia de features codificação de variáveis categóricas. notas práticas sobre codificação de variáveis categóricas usando engenharia de features com o objetivo de preparar dados não numéricos para modelos de machine learning.
cnt_0791,Um guia prático de desacoplamento de serviços,Cloud,27,um guia prático de desacoplamento de serviços. conceitos-chave por trás de desacoplamento de serviços em filas na nuvem relevantes para armazenar mensagens em buffer entre componentes distribuídos.
cnt_0792,Normalização de banco de dados: redução de redundância,Databases,30,normalização de banco de dados redução de redundância. uma visão geral de redução de redundância em normalização de banco de dados com foco em organizar tabelas para evitar dados duplicados.
cnt_0793,Boas práticas de ícones SVG para gráficos vetoriais inline,Frontend,27,boas práticas de ícones svg para gráficos vetoriais inline. como ícones svg lida com gráficos vetoriais inline útil para manter ícones nítidos em qualquer resolução de tela.
cnt_0794,Primeiros passos com integração com a câmera,Mobile,34,primeiros passos com integração com a câmera. notas práticas sobre captura e processamento de fotos usando integração com a câmera com o objetivo de adicionar recursos de captura de foto a um app mobile.
cnt_0795,Um guia prático de reatividade compilada,Frontend,25,um guia prático de reatividade compilada. como svelte lida com reatividade compilada útil para atualizar o dom sem uma etapa de diffing de dom virtual.
cnt_0796,Boas práticas de pipelines ETL para extract-transform-load (ETL),Data Engineering,27,boas práticas de pipelines etl para extract-transform-load etl . como pipelines etl lida com extract-transform-load etl útil para transformar dados brutos em um formato limpo e consultável.
cnt_0797,Um guia prático de autenticação sem estado,Backend,28,um guia prático de autenticação sem estado. notas práticas sobre autenticação sem estado usando jwt com o objetivo de emitir tokens assinados em vez de sessões no servidor.
cnt_0798,Boas práticas de Ansible para playbooks idempotentes,DevOps,23,boas práticas de ansible para playbooks idempotentes. como ansible lida com playbooks idempotentes útil para aplicar mudanças de configuração com segurança várias vezes.
cnt_0799,Testes no Spring Boot com Mockito,Backend,21,testes no spring boot com mockito. escrevendo testes unitários e de integração para serviços backend java usando junit mockito e mockbean.
cnt_0800,Por que Core Data importa em iOS,Mobile,25,por que core data importa em ios. conceitos-chave por trás de core data em ios relevantes para persistir dados estruturados do app localmente no dispositivo.
cnt_0801,Boas práticas de balanceadores de carga na nuvem para distribuição de tráfego globalmente,Cloud,38,boas práticas de balanceadores de carga na nuvem para distribuição de tráfego globalmente. notas práticas sobre distribuição de tráfego globalmente usando balanceadores de carga na nuvem com o objetivo de rotear usuários para a região saudável mais próxima.
cnt_0802,Entendendo redução do tempo de inicialização do app em desempenho mobile,Mobile,39,entendendo redução do tempo de inicialização do app em desempenho mobile. notas práticas sobre redução do tempo de inicialização do app usando desempenho mobile com o objetivo de melhorar a primeira impressão que os usuários têm de um app.
cnt_0803,Entendendo logs de consultas lentas em monitoramento de banco de dados,Databases,32,entendendo logs de consultas lentas em monitoramento de banco de dados. explorando logs de consultas lentas com monitoramento de banco de dados como uma forma de identificar consultas que precisam de otimização.
cnt_0804,Primeiros passos com auto scaling,Cloud,28,primeiros passos com auto scaling. notas práticas sobre escalonamento baseado em métricas customizadas usando auto scaling com o objetivo de reagir a sinais de carga específicos da aplicação.
cnt_0805,Funções serverless a fundo: cold starts,Backend,24,funções serverless a fundo cold starts. como funções serverless lida com cold starts útil para reduzir a latência de endpoints de backend pouco chamados.
cnt_0806,Otimização de DataFrames no Spark,Data Engineering,19,otimização de dataframes no spark. melhorando os tempos de execução do pyspark usando partition pruning broadcast joins e caching.
cnt_0807,Um guia prático de formulários reativos,Frontend,23,um guia prático de formulários reativos. explorando formulários reativos com angular como uma forma de validar entradas complexas do usuário de forma declarativa.
cnt_0808,Boas práticas de Amazon S3 para políticas de ciclo de vida de armazenamento de objetos,Cloud,42,boas práticas de amazon s3 para políticas de ciclo de vida de armazenamento de objetos. explorando políticas de ciclo de vida de armazenamento de objetos com amazon s3 como uma forma de arquivar automaticamente dados antigos em camadas de armazenamento mais baratas.
cnt_0809,Boas práticas de Flask para blueprints,Backend,23,boas práticas de flask para blueprints. um olhar prático sobre blueprints em flask essencial para organizar aplicações grandes em componentes modulares e reutilizáveis.
cnt_0810,Primeiros passos com agregação de logs,DevOps,24,primeiros passos com agregação de logs. explorando logging estruturado com agregação de logs como uma forma de facilitar a busca e correlação de logs.
cnt_0811,Delta Lake a fundo: transações ACID em data lakes,Data Engineering,33,delta lake a fundo transações acid em data lakes. notas práticas sobre transações acid em data lakes usando delta lake com o objetivo de adicionar confiabilidade a armazenamento de dados em larga escala.
cnt_0812,Por que agendamento de tarefas em segundo plano importa em otimização de bateria,Mobile,40,por que agendamento de tarefas em segundo plano importa em otimização de bateria. notas práticas sobre agendamento de tarefas em segundo plano usando otimização de bateria com o objetivo de minimizar o consumo de energia por atividades em segundo plano.
cnt_0813,Entendendo round robin vs least connections em algoritmos de balanceamento de carga,Backend,34,entendendo round robin vs least connections em algoritmos de balanceamento de carga. como algoritmos de balanceamento de carga lida com round robin vs least connections útil para distribuir tráfego igualmente entre réplicas do backend.
cnt_0814,Por que desenvolvimento isolado de componentes importa em Storybook,Frontend,30,por que desenvolvimento isolado de componentes importa em storybook. explorando desenvolvimento isolado de componentes com storybook como uma forma de construir e documentar peças de ui fora da aplicação completa.
cnt_0815,Boas práticas de interpretabilidade de modelos para valores SHAP,Data Science,29,boas práticas de interpretabilidade de modelos para valores shap. notas práticas sobre valores shap usando interpretabilidade de modelos com o objetivo de explicar previsões individuais de um modelo complexo.
cnt_0816,Funções serverless: cold starts,Backend,23,funções serverless cold starts. explorando cold starts com funções serverless como uma forma de reduzir a latência de endpoints de backend pouco chamados.
cnt_0817,Primeiros passos com otimização de bateria,Mobile,30,primeiros passos com otimização de bateria. como otimização de bateria lida com agendamento de tarefas em segundo plano útil para minimizar o consumo de energia por atividades em segundo plano.
cnt_0818,IOS: Core Data,Mobile,20,ios core data. explorando core data com ios como uma forma de persistir dados estruturados do app localmente no dispositivo.
cnt_0819,Gerenciamento de estado multiplataforma: Provider e Riverpod,Mobile,33,gerenciamento de estado multiplataforma provider e riverpod. uma visão geral de provider e riverpod em gerenciamento de estado multiplataforma com foco em compartilhar o estado do app entre widgets flutter de forma limpa.
cnt_0820,Primeiros passos com OAuth2,Backend,24,primeiros passos com oauth2. explorando fluxos de autorização com oauth2 como uma forma de delegar acesso sem compartilhar a senha do usuário com terceiros.
cnt_0821,AWS Lambda a fundo: funções serverless,Cloud,24,aws lambda a fundo funções serverless. conceitos-chave por trás de funções serverless em aws lambda relevantes para executar código sem provisionar ou gerenciar servidores.
cnt_0822,Data warehouses a fundo: arquitetura snowflake,Data Engineering,25,data warehouses a fundo arquitetura snowflake. explorando arquitetura snowflake com data warehouses como uma forma de separar armazenamento e computação em cargas de trabalho analíticas.
cnt_0823,Configuração customizada de utility classes do Tailwind,Frontend,21,configuração customizada de utility classes do tailwind. configurando o tailwind.config.js para estender temas definir breakpoints customizados e adicionar classes utilitárias próprias.
cnt_0824,Por que customização de gráficos importa em Matplotlib,Data Science,28,por que customização de gráficos importa em matplotlib. uma visão geral de customização de gráficos em matplotlib com foco em comunicar insights com clareza por meio de visualizações.
cnt_0825,Por que funções serverless importa em AWS Lambda,Cloud,26,por que funções serverless importa em aws lambda. conceitos-chave por trás de funções serverless em aws lambda relevantes para executar código sem provisionar ou gerenciar servidores.
cnt_0826,Primeiros passos com Flask,Backend,22,primeiros passos com flask. uma visão geral de blueprints em flask com foco em organizar aplicações grandes em componentes modulares e reutilizáveis.
cnt_0827,Boas práticas de Flutter para a árvore de widgets,Mobile,32,boas práticas de flutter para a árvore de widgets. explorando a árvore de widgets com flutter como uma forma de construir uis multiplataforma a partir de uma única base de código dart.
cnt_0828,Entendendo Cloud Run em Google Cloud Platform,Cloud,26,entendendo cloud run em google cloud platform. um olhar prático sobre cloud run em google cloud platform essencial para implantar apps em containers sem gerenciar infraestrutura.
cnt_0829,Boas práticas de transações para propriedades ACID,Databases,25,boas práticas de transações para propriedades acid. como transações lida com propriedades acid útil para garantir consistência mesmo quando operações falham no meio do caminho.
cnt_0830,Boas práticas de data warehouses para arquitetura snowflake,Data Engineering,26,boas práticas de data warehouses para arquitetura snowflake. como data warehouses lida com arquitetura snowflake útil para separar armazenamento e computação em cargas de trabalho analíticas.
cnt_0831,Por que o ciclo de vida da Activity importa em Android,Mobile,37,por que o ciclo de vida da activity importa em android. conceitos-chave por trás de o ciclo de vida da activity em android relevantes para gerenciar o estado corretamente quando telas giram ou vão para segundo plano.
cnt_0832,Primeiros passos com PHP,Backend,23,primeiros passos com php. conceitos-chave por trás de padrões psr em php relevantes para manter bases de código de backend interoperáveis entre frameworks.
cnt_0833,Treinando redes neurais com PyTorch,Data Science,21,treinando redes neurais com pytorch. definindo camadas funções de perda otimizadores e executando loops de treino no pytorch para deep learning.
cnt_0834,Um guia prático de VoiceOver e TalkBack,Mobile,28,um guia prático de voiceover e talkback. notas práticas sobre voiceover e talkback usando acessibilidade mobile com o objetivo de tornar apps utilizáveis para usuários com deficiência visual.
cnt_0835,Primeiros passos com uploads multipart,Backend,26,primeiros passos com uploads multipart. explorando tratamento de arquivos grandes com uploads multipart como uma forma de processar uploads de arquivos de forma eficiente no backend.
cnt_0836,Boas práticas de testes unitários para mock de serviços externos,Backend,36,boas práticas de testes unitários para mock de serviços externos. uma visão geral de mock de serviços externos em testes unitários com foco em isolar a lógica de negócio de chamadas de rede durante os testes.
cnt_0837,Entendendo extract-transform-load (ETL) em pipelines ETL,Data Engineering,25,entendendo extract-transform-load etl em pipelines etl. explorando extract-transform-load etl com pipelines etl como uma forma de transformar dados brutos em um formato limpo e consultável.
cnt_0838,Por que partições do Kafka importa em message brokers,Data Engineering,29,por que partições do kafka importa em message brokers. um olhar prático sobre partições do kafka em message brokers essencial para escalar o consumo de eventos entre vários consumidores.
cnt_0839,Boas práticas de Rust para o framework Actix Web,Backend,32,boas práticas de rust para o framework actix web. como rust lida com o framework actix web útil para construir servidores http de alta vazão com fortes garantias de segurança de memória.
cnt_0840,Entendendo workflows reutilizáveis em GitHub Actions,DevOps,24,entendendo workflows reutilizáveis em github actions. conceitos-chave por trás de workflows reutilizáveis em github actions relevantes para compartilhar lógica de ci entre vários repositórios.
cnt_0841,Gerenciamento de configuração: configurações específicas por ambiente,DevOps,27,gerenciamento de configuração configurações específicas por ambiente. um olhar prático sobre configurações específicas por ambiente em gerenciamento de configuração essencial para evitar valores fixos hardcoded entre deploys.
cnt_0842,Boas práticas de redes de entrega de conteúdo (CDN) para cache na borda (edge),Cloud,41,boas práticas de redes de entrega de conteúdo cdn para cache na borda edge . como redes de entrega de conteúdo cdn lida com cache na borda edge útil para servir conteúdo a partir de locais mais próximos dos usuários finais.
cnt_0843,Primeiros passos com ingestão de dados,Data Engineering,30,primeiros passos com ingestão de dados. um olhar prático sobre tratamento de schema drift em ingestão de dados essencial para adaptar pipelines quando a estrutura dos dados de origem muda.
cnt_0844,Primeiros passos com notificações push,Mobile,24,primeiros passos com notificações push. um olhar prático sobre firebase cloud messaging em notificações push essencial para reengajar usuários mesmo com o app fechado.
cnt_0845,Regras de alerta no Prometheus,DevOps,17,regras de alerta no prometheus. definindo limiares de alerta customizados no prometheus e roteando notificações via alertmanager.
cnt_0846,Provisionamento de infraestrutura: automação cloud-native,Cloud,23,provisionamento de infraestrutura automação cloud-native. explorando automação cloud-native com provisionamento de infraestrutura como uma forma de criar ambientes de forma consistente e rápida.
cnt_0847,Funções de janela avançadas em SQL,Databases,24,funções de janela avançadas em sql. usando as funções de janela row number rank lead e lag sobre partições para escrever consultas analíticas complexas.
cnt_0848,Evolução de schema em pipelines,Data Engineering,23,evolução de schema em pipelines. como lidar com mudanças de schema no banco de dados sem quebrar pipelines de ingestão ativos a jusante.
cnt_0849,Processamento de linguagem natural com spaCy,Data Science,21,processamento de linguagem natural com spacy. construindo pipelines avançados de nlp pos tagging reconhecimento de entidades nomeadas ner e dependency parsing.
cnt_0850,Primeiros passos com Kotlin,Backend,25,primeiros passos com kotlin. explorando coroutines no backend com kotlin como uma forma de escrever código de serviço assíncrono que se lê como código síncrono.
cnt_0851,Boas práticas de animações para a Web Animations API,Frontend,27,boas práticas de animações para a web animations api. conceitos-chave por trás de a web animations api em animações relevantes para criar transições suaves sem bibliotecas pesadas.
cnt_0852,Primeiros passos com inferência bayesiana,Data Science,32,primeiros passos com inferência bayesiana. notas práticas sobre distribuições a priori e a posteriori usando inferência bayesiana com o objetivo de atualizar crenças sobre um parâmetro à medida que os dados chegam.
cnt_0853,Boas práticas de SQLite em mobile para biblioteca de persistência Room,Mobile,31,boas práticas de sqlite em mobile para biblioteca de persistência room. explorando biblioteca de persistência room com sqlite em mobile como uma forma de armazenar dados estruturados localmente em dispositivos android.
cnt_0854,Por que réplicas de leitura importa em replicação,Databases,31,por que réplicas de leitura importa em replicação. como replicação lida com réplicas de leitura útil para escalar cargas de trabalho intensivas em leitura entre várias cópias do banco de dados.
cnt_0855,Nuvem híbrida a fundo: conexão entre on-premises e nuvem,Cloud,30,nuvem híbrida a fundo conexão entre on-premises e nuvem. notas práticas sobre conexão entre on-premises e nuvem usando nuvem híbrida com o objetivo de estender infraestrutura existente para a nuvem.
cnt_0856,Por que Debezium importa em Change Data Capture,Data Engineering,35,por que debezium importa em change data capture. notas práticas sobre debezium usando change data capture com o objetivo de capturar mudanças em nível de linha a partir de um banco de dados de origem.
cnt_0857,Boas práticas de verificações de qualidade de dados para regras de validação,Data Engineering,37,boas práticas de verificações de qualidade de dados para regras de validação. notas práticas sobre regras de validação usando verificações de qualidade de dados com o objetivo de detectar dados ruins antes que cheguem aos sistemas seguintes.
cnt_0858,Resposta a incidentes a fundo: runbooks,DevOps,25,resposta a incidentes a fundo runbooks. conceitos-chave por trás de runbooks em resposta a incidentes relevantes para documentar passos para resolver problemas comuns de produção.
cnt_0859,Um guia prático de testes unitários de transformações,Data Engineering,31,um guia prático de testes unitários de transformações. como teste de pipeline de dados lida com testes unitários de transformações útil para detectar bugs antes que cheguem aos dados de produção.
cnt_0860,Um guia prático de gerenciamento de estado leve,Frontend,29,um guia prático de gerenciamento de estado leve. uma visão geral de gerenciamento de estado leve em zustand com foco em evitar boilerplate comparado às tradicionais stores do redux.
cnt_0861,CSS Grid: layouts bidimensionais,Frontend,25,css grid layouts bidimensionais. uma visão geral de layouts bidimensionais em css grid com foco em organizar elementos em linhas e colunas de forma declarativa.
cnt_0862,Boas práticas de rede na nuvem para virtual private clouds (VPCs),Cloud,35,boas práticas de rede na nuvem para virtual private clouds vpcs . um olhar prático sobre virtual private clouds vpcs em rede na nuvem essencial para isolar recursos de nuvem dentro de uma rede privada.
cnt_0863,Primeiros passos com data lakes,Data Engineering,26,primeiros passos com data lakes. um olhar prático sobre schema-on-read em data lakes essencial para armazenar dados brutos de forma flexível antes de definir sua estrutura.
cnt_0864,Boas práticas de notificações locais para agendamento de lembretes,Mobile,28,boas práticas de notificações locais para agendamento de lembretes. como notificações locais lida com agendamento de lembretes útil para disparar alertas sem uma ida e volta ao servidor.
cnt_0865,Entendendo instâncias reservadas em otimização de custos na nuvem,Cloud,33,entendendo instâncias reservadas em otimização de custos na nuvem. notas práticas sobre instâncias reservadas usando otimização de custos na nuvem com o objetivo de reduzir custos de computação com compromissos de longo prazo.
cnt_0866,Primeiros passos com compras no aplicativo,Mobile,25,primeiros passos com compras no aplicativo. explorando storekit e biblioteca de billing com compras no aplicativo como uma forma de implementar assinaturas e compras únicas.
cnt_0867,SQLite em mobile: biblioteca de persistência Room,Mobile,27,sqlite em mobile biblioteca de persistência room. explorando biblioteca de persistência room com sqlite em mobile como uma forma de armazenar dados estruturados localmente em dispositivos android.
cnt_0868,Regras de roteamento de rede virtual na nuvem,Cloud,25,regras de roteamento de rede virtual na nuvem. configurando tabelas de rota de vcn para enviar tráfego por internet gateways ou nat gateways no oci.
cnt_0869,Estratégias de rollback em migração de banco de dados,Databases,28,estratégias de rollback em migração de banco de dados. como escrever scripts de migração seguros de subida e descida para reverter atualizações de schema sem perda de dados.
cnt_0870,Por que construção de redes neurais importa em PyTorch,Data Science,28,por que construção de redes neurais importa em pytorch. como pytorch lida com construção de redes neurais útil para definir camadas e loops de treino personalizados do zero.
cnt_0871,Entendendo particionamento por data em particionamento de dados,Data Engineering,32,entendendo particionamento por data em particionamento de dados. conceitos-chave por trás de particionamento por data em particionamento de dados relevantes para melhorar o desempenho de consultas em tabelas grandes de data lake.
cnt_0872,Multi-stage builds do Docker para Python,DevOps,20,multi-stage builds do docker para python. reduzindo o tamanho de imagens docker python de gigabytes para megabytes usando multi-stage builds.
cnt_0873,Por que tokenização importa em processamento de linguagem natural,Data Science,30,por que tokenização importa em processamento de linguagem natural. um olhar prático sobre tokenização em processamento de linguagem natural essencial para dividir texto em unidades que um modelo consegue processar.
cnt_0874,Primeiros passos com teste A/B,Data Science,27,primeiros passos com teste a b. como teste a b lida com significância estatística útil para decidir se uma diferença observada é real ou fruto do acaso.
cnt_0875,Jenkins: pipelines declarativos,DevOps,22,jenkins pipelines declarativos. notas práticas sobre pipelines declarativos usando jenkins com o objetivo de definir etapas de build e deploy como código.
cnt_0876,TypeScript a fundo: estreitamento de tipos (type narrowing),Frontend,31,typescript a fundo estreitamento de tipos type narrowing . conceitos-chave por trás de estreitamento de tipos type narrowing em typescript relevantes para identificar incompatibilidades de prop e state antes da execução.
cnt_0877,Tipos de índice no PostgreSQL,Databases,23,tipos de índice no postgresql. comparando os índices b-tree hash gin e gist no postgresql. quando e como aplicar cada tipo de índice.
cnt_0878,Boas práticas de uploads multipart para tratamento de arquivos grandes,Backend,33,boas práticas de uploads multipart para tratamento de arquivos grandes. notas práticas sobre tratamento de arquivos grandes usando uploads multipart com o objetivo de processar uploads de arquivos de forma eficiente no backend.
cnt_0879,Web Components a fundo: o Shadow DOM,Frontend,29,web components a fundo o shadow dom. explorando o shadow dom com web components como uma forma de encapsular estilos para que não vazem para o resto da página.
cnt_0880,Entendendo o framework Actix Web em Rust,Backend,32,entendendo o framework actix web em rust. conceitos-chave por trás de o framework actix web em rust relevantes para construir servidores http de alta vazão com fortes garantias de segurança de memória.
cnt_0881,Processamento paralelo com Multiprocessing,Data Engineering,19,processamento paralelo com multiprocessing. escalando etapas de transformação de dados limitadas por cpu em python usando o módulo multiprocessing.
cnt_0882,Geração dinâmica de DAGs no Airflow,Data Engineering,24,geração dinâmica de dags no airflow. como escrever código python que gera múltiplas dags do apache airflow dinamicamente com base em arquivos de configuração.
cnt_0883,Entendendo redes neurais convolucionais em visão computacional,Data Science,25,entendendo redes neurais convolucionais em visão computacional. notas práticas sobre redes neurais convolucionais usando visão computacional com o objetivo de extrair características espaciais de imagens.
cnt_0884,Apache Kafka: streaming de eventos,Data Engineering,23,apache kafka streaming de eventos. explorando streaming de eventos com apache kafka como uma forma de mover dados entre sistemas em tempo real.
cnt_0885,Sharding de banco de dados a fundo: particionamento horizontal,Databases,29,sharding de banco de dados a fundo particionamento horizontal. explorando particionamento horizontal com sharding de banco de dados como uma forma de dividir uma tabela grande entre vários servidores.
cnt_0886,Entendendo service workers em Progressive Web Apps,Frontend,30,entendendo service workers em progressive web apps. uma visão geral de service workers em progressive web apps com foco em habilitar acesso offline e sincronização em segundo plano no navegador.
cnt_0887,NestJS: decorators customizados,Backend,20,nestjs decorators customizados. um olhar prático sobre decorators customizados em nestjs essencial para encapsular lógica repetida de tratamento de requisições.
cnt_0888,Funções de borda (Edge) do AWS Lambda,Cloud,24,funções de borda edge do aws lambda. executando código serverless mais perto dos usuários globais em locais de borda do cloudfront para roteamento rápido.
cnt_0889,Primeiros passos com Web Components,Frontend,26,primeiros passos com web components. como web components lida com o shadow dom útil para encapsular estilos para que não vazem para o resto da página.
cnt_0890,Terraform: gerenciamento de estado,DevOps,23,terraform gerenciamento de estado. conceitos-chave por trás de gerenciamento de estado em terraform relevantes para rastrear mudanças de infraestrutura com segurança entre equipes.
cnt_0891,Por que codificação de variáveis categóricas importa em engenharia de features,Data Science,35,por que codificação de variáveis categóricas importa em engenharia de features. notas práticas sobre codificação de variáveis categóricas usando engenharia de features com o objetivo de preparar dados não numéricos para modelos de machine learning.
cnt_0892,IAM na nuvem a fundo: acesso de privilégio mínimo,Cloud,33,iam na nuvem a fundo acesso de privilégio mínimo. uma visão geral de acesso de privilégio mínimo em iam na nuvem com foco em conceder apenas as permissões que um recurso realmente precisa.
cnt_0893,Um guia prático de builds multi-stage,DevOps,24,um guia prático de builds multi-stage. explorando builds multi-stage com docker como uma forma de manter imagens de container pequenas e prontas para produção.
cnt_0894,Primeiros passos com funções em nuvem,Cloud,29,primeiros passos com funções em nuvem. conceitos-chave por trás de gatilhos orientados a eventos em funções em nuvem relevantes para executar código automaticamente em resposta a eventos na nuvem.
cnt_0895,Boas práticas de visão computacional para redes neurais convolucionais,Data Science,24,boas práticas de visão computacional para redes neurais convolucionais. como visão computacional lida com redes neurais convolucionais útil para extrair características espaciais de imagens.
cnt_0896,Entendendo escaneamento de imagens em registries de containers,DevOps,28,entendendo escaneamento de imagens em registries de containers. conceitos-chave por trás de escaneamento de imagens em registries de containers relevantes para detectar vulnerabilidades antes de implantar um container.
cnt_0897,Boas práticas de bancos de dados de séries temporais para InfluxDB,Databases,39,boas práticas de bancos de dados de séries temporais para influxdb. notas práticas sobre influxdb usando bancos de dados de séries temporais com o objetivo de armazenar e consultar dados de métricas de forma eficiente ao longo do tempo.
cnt_0898,Framework Elixir Phoenix,Backend,22,framework elixir phoenix. construindo sistemas de backend distribuídos tolerantes a falhas e em tempo real com elixir e o framework web phoenix.
cnt_0899,Busca full-text a fundo: tsvector do PostgreSQL,Databases,33,busca full-text a fundo tsvector do postgresql. conceitos-chave por trás de tsvector do postgresql em busca full-text relevantes para buscar em campos de texto grandes de forma eficiente dentro do banco de dados.
cnt_0900,Flexbox a fundo: alinhamento e distribuição,Frontend,25,flexbox a fundo alinhamento e distribuição. explorando alinhamento e distribuição com flexbox como uma forma de construir barras de navegação e layouts de cards responsivos.
cnt_0901,Um guia prático de stacking classifiers,Data Science,22,um guia prático de stacking classifiers. como métodos ensemble lida com stacking classifiers útil para combinar vários modelos para melhorar a acurácia.
cnt_0902,Boas práticas de rede em mobile para tratamento de conexões instáveis,Mobile,34,boas práticas de rede em mobile para tratamento de conexões instáveis. explorando tratamento de conexões instáveis com rede em mobile como uma forma de reenviar requisições que falharam de forma adequada em redes mobile.
cnt_0903,Um guia prático de design de star schema,Databases,24,um guia prático de design de star schema. como data warehousing lida com design de star schema útil para otimizar tabelas para consultas analíticas.
cnt_0904,Primeiros passos com iOS,Mobile,22,primeiros passos com ios. conceitos-chave por trás de core data em ios relevantes para persistir dados estruturados do app localmente no dispositivo.
cnt_0905,Por que entrega progressiva importa em feature flags,DevOps,27,por que entrega progressiva importa em feature flags. notas práticas sobre entrega progressiva usando feature flags com o objetivo de ativar e desativar features sem reimplantar código.
cnt_0906,Gerenciamento de Identity Domains no OCI,Cloud,25,gerenciamento de identity domains no oci. configurando ciclos de vida de usuário políticas de grupo e autenticação multifator mfa em domínios de iam do oci.
cnt_0907,Primeiros passos com segurança de banco de dados,Databases,30,primeiros passos com segurança de banco de dados. como segurança de banco de dados lida com segurança em nível de linha útil para restringir quais linhas um usuário pode acessar.
cnt_0908,Entendendo camadas de armazenamento frio vs quente em armazenamento em nuvem,Cloud,37,entendendo camadas de armazenamento frio vs quente em armazenamento em nuvem. notas práticas sobre camadas de armazenamento frio vs quente usando armazenamento em nuvem com o objetivo de equilibrar custo e velocidade de recuperação de dados armazenados.
cnt_0909,Arquitetura MVC do Ruby on Rails,Backend,27,arquitetura mvc do ruby on rails. entendendo convention over configuration no ruby on rails. como models views e controllers interagem em aplicações web com banco de dados.
cnt_0910,Análise de distribuição de dados,Data Science,18,análise de distribuição de dados. verificando normalidade assimetria skewness e curtose usando testes estatísticos e gráficos de probabilidade.
cnt_0911,Primeiros passos com MySQL,Databases,22,primeiros passos com mysql. um olhar prático sobre otimização de consultas em mysql essencial para reescrever consultas lentas usando planos do explain.
cnt_0912,Validação cruzada para séries temporais,Data Science,25,validação cruzada para séries temporais. por que a validação cruzada k-fold padrão falha em dados de série temporal e como usar o timeseriessplit no scikit-learn.
cnt_0913,Sistemas de recomendação: filtragem colaborativa,Data Science,25,sistemas de recomendação filtragem colaborativa. explorando filtragem colaborativa com sistemas de recomendação como uma forma de sugerir itens com base em comportamentos de usuários semelhantes.
cnt_0914,Um guia prático de releases sem downtime,DevOps,25,um guia prático de releases sem downtime. um olhar prático sobre releases sem downtime em deploys blue-green essencial para alternar tráfego entre dois ambientes idênticos.
cnt_0915,Um guia prático de serviços de banco de dados gerenciados,Cloud,35,um guia prático de serviços de banco de dados gerenciados. explorando serviços de banco de dados gerenciados com bancos de dados em nuvem como uma forma de delegar backups e atualizações ao provedor de nuvem.
cnt_0916,Boas práticas de teste A/B para significância estatística,Data Science,31,boas práticas de teste a b para significância estatística. explorando significância estatística com teste a b como uma forma de decidir se uma diferença observada é real ou fruto do acaso.
cnt_0917,XGBoost: gradient boosting,Data Science,22,xgboost gradient boosting. notas práticas sobre gradient boosting usando xgboost com o objetivo de combinar modelos fracos em um modelo preditivo forte.
cnt_0918,Dashboards de visualização de dados a fundo: Plotly Dash,Data Science,30,dashboards de visualização de dados a fundo plotly dash. uma visão geral de plotly dash em dashboards de visualização de dados com foco em construir ferramentas exploratórias interativas para stakeholders.
cnt_0919,Primeiros passos com funções serverless,Backend,25,primeiros passos com funções serverless. um olhar prático sobre cold starts em funções serverless essencial para reduzir a latência de endpoints de backend pouco chamados.
cnt_0920,Entendendo manipuladores de toque customizados em reconhecimento de gestos,Mobile,31,entendendo manipuladores de toque customizados em reconhecimento de gestos. como reconhecimento de gestos lida com manipuladores de toque customizados útil para construir interações de swipe e pinch em um app mobile.
cnt_0921,Svelte: reatividade compilada,Frontend,25,svelte reatividade compilada. notas práticas sobre reatividade compilada usando svelte com o objetivo de atualizar o dom sem uma etapa de diffing de dom virtual.
cnt_0922,Por que processamento de streams com estado importa em Apache Flink,Data Engineering,30,por que processamento de streams com estado importa em apache flink. como apache flink lida com processamento de streams com estado útil para manter estado entre eventos em tempo real.
cnt_0923,AWS: auto scaling do EC2,Cloud,25,aws auto scaling do ec2. conceitos-chave por trás de auto scaling do ec2 em aws relevantes para ajustar a capacidade computacional automaticamente conforme a demanda.
cnt_0924,Um guia prático de cache na borda (edge),Cloud,35,um guia prático de cache na borda edge . como redes de entrega de conteúdo cdn lida com cache na borda edge útil para servir conteúdo a partir de locais mais próximos dos usuários finais.
cnt_0925,Primeiros passos com service mesh,DevOps,23,primeiros passos com service mesh. explorando gerenciamento de tráfego com istio com service mesh como uma forma de controlar a comunicação entre microsserviços.
cnt_0926,Primeiros passos com VPN na nuvem,Cloud,28,primeiros passos com vpn na nuvem. notas práticas sobre conexões site a site usando vpn na nuvem com o objetivo de conectar com segurança redes on-premises à nuvem.
cnt_0927,Algoritmo de clustering k-Means,Data Science,24,algoritmo de clustering k-means. aprendizado não supervisionado com k-means escolhendo o número ideal de clusters usando o método do cotovelo e o silhouette score.
cnt_0928,Boas práticas de funções serverless para cold starts,Backend,27,boas práticas de funções serverless para cold starts. explorando cold starts com funções serverless como uma forma de reduzir a latência de endpoints de backend pouco chamados.
cnt_0929,Entendendo Largest Contentful Paint em Web Vitals,Frontend,26,entendendo largest contentful paint em web vitals. como web vitals lida com largest contentful paint útil para medir o desempenho de carregamento percebido por usuários reais.
cnt_0930,Teste A/B: significância estatística,Data Science,29,teste a b significância estatística. uma visão geral de significância estatística em teste a b com foco em decidir se uma diferença observada é real ou fruto do acaso.
cnt_0931,Teste de carga a fundo: simulação de picos de tráfego,DevOps,36,teste de carga a fundo simulação de picos de tráfego. conceitos-chave por trás de simulação de picos de tráfego em teste de carga relevantes para encontrar o ponto de ruptura de um sistema antes dos usuários.
cnt_0932,Um guia prático de resolvers,Backend,23,um guia prático de resolvers. conceitos-chave por trás de resolvers em graphql relevantes para buscar apenas os campos que o cliente pede explicitamente.
cnt_0933,Boas práticas de Apache Spark para processamento de dados distribuído,Data Engineering,27,boas práticas de apache spark para processamento de dados distribuído. como apache spark lida com processamento de dados distribuído útil para transformar grandes datasets em um cluster.
cnt_0934,Por que automação cloud-native importa em provisionamento de infraestrutura,Cloud,26,por que automação cloud-native importa em provisionamento de infraestrutura. como provisionamento de infraestrutura lida com automação cloud-native útil para criar ambientes de forma consistente e rápida.
cnt_0935,Boas práticas de Express.js para cadeias de middleware,Backend,30,boas práticas de express.js para cadeias de middleware. um olhar prático sobre cadeias de middleware em express.js essencial para tratar autenticação logging e erros em um único pipeline de requisição.
cnt_0936,Balanceadores de carga na nuvem: distribuição de tráfego globalmente,Cloud,33,balanceadores de carga na nuvem distribuição de tráfego globalmente. conceitos-chave por trás de distribuição de tráfego globalmente em balanceadores de carga na nuvem relevantes para rotear usuários para a região saudável mais próxima.
cnt_0937,Um guia prático de views declarativas do SwiftUI,Mobile,29,um guia prático de views declarativas do swiftui. conceitos-chave por trás de views declarativas do swiftui em swift relevantes para construir interfaces ios com menos código imperativo do uikit.
cnt_0938,NoSQL vs SQL: escolha do modelo de dados certo,Databases,32,nosql vs sql escolha do modelo de dados certo. como nosql vs sql lida com escolha do modelo de dados certo útil para decidir entre bancos de dados relacionais e de documentos.
cnt_0939,Conceitos de imutabilidade de infraestrutura,DevOps,24,conceitos de imutabilidade de infraestrutura. por que desmontar e reconstruir servidores na nuvem é mais seguro do que atualizar máquinas virtuais de vida longa.
cnt_0940,Por que playbooks idempotentes importa em Ansible,DevOps,26,por que playbooks idempotentes importa em ansible. notas práticas sobre playbooks idempotentes usando ansible com o objetivo de aplicar mudanças de configuração com segurança várias vezes.
cnt_0941,Primeiros passos com Pandas,Data Science,22,primeiros passos com pandas. uma visão geral de agregações com groupby em pandas com foco em resumir grandes datasets por categoria rapidamente.
cnt_0942,Por que goroutines importa em Go,Backend,21,por que goroutines importa em go. como go lida com goroutines útil para executar tarefas concorrentes leves usando channels para sincronização.
cnt_0943,Primeiros passos com skeleton screens,Frontend,25,primeiros passos com skeleton screens. notas práticas sobre desempenho percebido usando skeleton screens com o objetivo de mostrar conteúdo provisório enquanto os dados ainda carregam.
cnt_0944,Controllers do NestJS,Backend,24,controllers do nestjs. criando handlers de requisições recebidas com controllers do nestjs. usando decorators como get post e implementando validação de requisições com pipes.
cnt_0945,AWS a fundo: auto scaling do EC2,Cloud,26,aws a fundo auto scaling do ec2. explorando auto scaling do ec2 com aws como uma forma de ajustar a capacidade computacional automaticamente conforme a demanda.
cnt_0946,Primeiros passos com MongoDB,Databases,24,primeiros passos com mongodb. notas práticas sobre design de schema usando mongodb com o objetivo de modelar documentos para dados flexíveis e em evolução.
cnt_0947,Um guia prático de grupos de recursos,Cloud,27,um guia prático de grupos de recursos. um olhar prático sobre grupos de recursos em azure essencial para organizar recursos de nuvem relacionados para facilitar o gerenciamento.
cnt_0948,Um guia prático de logging centralizado,DevOps,26,um guia prático de logging centralizado. um olhar prático sobre logging centralizado em elk stack essencial para agregar logs de vários serviços em um só lugar.
cnt_0949,Boas práticas de dashboards no Grafana,DevOps,23,boas práticas de dashboards no grafana. projetando dashboards claros e acionáveis no grafana para monitorar cpu memória e latências de api do servidor.
cnt_0950,Framework web Axum do Rust,Backend,23,framework web axum do rust. construindo serviços de backend ultrarrápidos e type-safe em rust usando o framework web axum e o runtime tokio.
cnt_0951,Entendendo requisitos de residência de dados em conformidade na nuvem,Cloud,32,entendendo requisitos de residência de dados em conformidade na nuvem. um olhar prático sobre requisitos de residência de dados em conformidade na nuvem essencial para manter dados dentro dos limites geográficos exigidos.
cnt_0952,Primeiros passos com normalização de banco de dados,Databases,29,primeiros passos com normalização de banco de dados. um olhar prático sobre redução de redundância em normalização de banco de dados essencial para organizar tabelas para evitar dados duplicados.
cnt_0953,Por que validação cruzada importa em scikit-learn,Data Science,27,por que validação cruzada importa em scikit-learn. uma visão geral de validação cruzada em scikit-learn com foco em obter uma estimativa mais confiável do desempenho do modelo.
cnt_0954,MySQL a fundo: otimização de consultas,Databases,22,mysql a fundo otimização de consultas. como mysql lida com otimização de consultas útil para reescrever consultas lentas usando planos do explain.
cnt_0955,Estratégias de ingestão incremental,Data Engineering,17,estratégias de ingestão incremental. construindo pipelines que carregam apenas dados novos ou modificados usando timestamps de high-watermark.
cnt_0956,Android App Bundles (AAB),Mobile,28,android app bundles aab . por que o google play exige android app bundles em vez de apks brutos para entrega dinâmica e otimização do tamanho do app.
cnt_0957,Suporte a localizações no Flutter,Mobile,20,suporte a localizações no flutter. configurando suporte a múltiplos idiomas no flutter usando arquivos arb localizationsdelegates e ferramentas de geração.
cnt_0958,Por que modelos ARIMA importa em previsão de séries temporais,Data Science,31,por que modelos arima importa em previsão de séries temporais. conceitos-chave por trás de modelos arima em previsão de séries temporais relevantes para prever valores futuros com base em padrões históricos.
cnt_0959,Um guia prático de filtragem colaborativa,Data Science,28,um guia prático de filtragem colaborativa. uma visão geral de filtragem colaborativa em sistemas de recomendação com foco em sugerir itens com base em comportamentos de usuários semelhantes.
cnt_0960,Práticas de SRE a fundo: error budgets,DevOps,29,práticas de sre a fundo error budgets. conceitos-chave por trás de error budgets em práticas de sre relevantes para equilibrar trabalho de confiabilidade e velocidade de entrega de features.
cnt_0961,Primeiros passos com design systems,Frontend,24,primeiros passos com design systems. explorando bibliotecas de componentes com design systems como uma forma de manter consistência visual entre equipes de produto grandes.
cnt_0962,Entendendo Plotly Dash em dashboards de visualização de dados,Data Science,29,entendendo plotly dash em dashboards de visualização de dados. conceitos-chave por trás de plotly dash em dashboards de visualização de dados relevantes para construir ferramentas exploratórias interativas para stakeholders.
cnt_0963,Data warehouses: arquitetura snowflake,Data Engineering,24,data warehouses arquitetura snowflake. um olhar prático sobre arquitetura snowflake em data warehouses essencial para separar armazenamento e computação em cargas de trabalho analíticas.
cnt_0964,Boas práticas de Grafana para regras de alerta,DevOps,26,boas práticas de grafana para regras de alerta. conceitos-chave por trás de regras de alerta em grafana relevantes para notificar equipes automaticamente quando métricas ultrapassam limites.
cnt_0965,Desempenho mobile a fundo: redução do tempo de inicialização do app,Mobile,36,desempenho mobile a fundo redução do tempo de inicialização do app. como desempenho mobile lida com redução do tempo de inicialização do app útil para melhorar a primeira impressão que os usuários têm de um app.
cnt_0966,Ingress Controllers no Kubernetes,DevOps,22,ingress controllers no kubernetes. configurando nginx ou traefik ingress para gerenciar regras de roteamento e terminação ssl tls na borda do cluster.
cnt_0967,Um guia prático de particionamento por faixa (range),Databases,34,um guia prático de particionamento por faixa range . notas práticas sobre particionamento por faixa range usando particionamento de banco de dados com o objetivo de dividir tabelas grandes por data ou outra chave.
cnt_0968,Onboarding de app: experiência de primeiro uso,Mobile,26,onboarding de app experiência de primeiro uso. explorando experiência de primeiro uso com onboarding de app como uma forma de guiar novos usuários pelas funcionalidades principais.
cnt_0969,Ícones SVG a fundo: gráficos vetoriais inline,Frontend,28,ícones svg a fundo gráficos vetoriais inline. notas práticas sobre gráficos vetoriais inline usando ícones svg com o objetivo de manter ícones nítidos em qualquer resolução de tela.
cnt_0970,Catalogação de dados a fundo: gerenciamento de metadados,Data Engineering,26,catalogação de dados a fundo gerenciamento de metadados. como catalogação de dados lida com gerenciamento de metadados útil para tornar datasets descobríveis em toda a organização.
cnt_0971,Entendendo pipelines declarativos em Jenkins,DevOps,24,entendendo pipelines declarativos em jenkins. notas práticas sobre pipelines declarativos usando jenkins com o objetivo de definir etapas de build e deploy como código.
cnt_0972,Por que hot module replacement importa em Vite,Frontend,29,por que hot module replacement importa em vite. notas práticas sobre hot module replacement usando vite com o objetivo de refletir mudanças de código instantaneamente sem recarregar a página.
cnt_0973,Entendendo reutilização de conexões de banco de dados em pool de conexões,Databases,34,entendendo reutilização de conexões de banco de dados em pool de conexões. como pool de conexões lida com reutilização de conexões de banco de dados útil para reduzir overhead em aplicações de alto tráfego.
cnt_0974,Primeiros passos com recuperação de desastres na nuvem,Cloud,27,primeiros passos com recuperação de desastres na nuvem. como recuperação de desastres na nuvem lida com failover multi-região útil para manter sistemas disponíveis durante uma falha regional.
cnt_0975,Primeiros passos com catalogação de dados,Data Engineering,26,primeiros passos com catalogação de dados. um olhar prático sobre gerenciamento de metadados em catalogação de dados essencial para tornar datasets descobríveis em toda a organização.
cnt_0976,Primeiros passos com AWS,Cloud,23,primeiros passos com aws. explorando auto scaling do ec2 com aws como uma forma de ajustar a capacidade computacional automaticamente conforme a demanda.
cnt_0977,Entendendo segurança em nível de linha em segurança de banco de dados,Databases,34,entendendo segurança em nível de linha em segurança de banco de dados. como segurança de banco de dados lida com segurança em nível de linha útil para restringir quais linhas um usuário pode acessar.
cnt_0978,Boas práticas de NoSQL vs SQL para escolha do modelo de dados certo,Databases,38,boas práticas de nosql vs sql para escolha do modelo de dados certo. um olhar prático sobre escolha do modelo de dados certo em nosql vs sql essencial para decidir entre bancos de dados relacionais e de documentos.
cnt_0979,Por que bibliotecas de componentes importa em design systems,Frontend,28,por que bibliotecas de componentes importa em design systems. explorando bibliotecas de componentes com design systems como uma forma de manter consistência visual entre equipes de produto grandes.
cnt_0980,Backups de banco de dados a fundo: recuperação point-in-time,Databases,34,backups de banco de dados a fundo recuperação point-in-time. notas práticas sobre recuperação point-in-time usando backups de banco de dados com o objetivo de restaurar dados a um momento específico após perda de dados.
cnt_0981,Primeiros passos com PyTorch,Data Science,25,primeiros passos com pytorch. um olhar prático sobre construção de redes neurais em pytorch essencial para definir camadas e loops de treino personalizados do zero.
cnt_0982,Otimização de custos na nuvem a fundo: instâncias reservadas,Cloud,31,otimização de custos na nuvem a fundo instâncias reservadas. explorando instâncias reservadas com otimização de custos na nuvem como uma forma de reduzir custos de computação com compromissos de longo prazo.
cnt_0983,Por que star schema vs snowflake schema importa em modelagem de dados,Data Engineering,34,por que star schema vs snowflake schema importa em modelagem de dados. notas práticas sobre star schema vs snowflake schema usando modelagem de dados com o objetivo de estruturar um warehouse para análises eficientes.
cnt_0984,Progressive Web Apps: service workers,Frontend,27,progressive web apps service workers. conceitos-chave por trás de service workers em progressive web apps relevantes para habilitar acesso offline e sincronização em segundo plano no navegador.
cnt_0985,Um guia prático de análise reproduzível,Data Science,26,um guia prático de análise reproduzível. uma visão geral de análise reproduzível em notebooks jupyter com foco em documentar todo o fluxo de exploração dos dados.
cnt_0986,Entendendo políticas de controle de acesso em governança de dados,Data Engineering,31,entendendo políticas de controle de acesso em governança de dados. como governança de dados lida com políticas de controle de acesso útil para controlar quem pode ver ou modificar datasets sensíveis.
cnt_0987,Deep linking: universal links,Mobile,28,deep linking universal links. um olhar prático sobre universal links em deep linking essencial para abrir uma tela específica de um app diretamente a partir de uma url.
cnt_0988,Desempenho web a fundo: lazy loading de imagens,Frontend,31,desempenho web a fundo lazy loading de imagens. um olhar prático sobre lazy loading de imagens em desempenho web essencial para reduzir o peso inicial da página para carregar mais rápido.
cnt_0989,Boas práticas de transfer learning para fine-tuning de modelos pré-treinados,Data Science,34,boas práticas de transfer learning para fine-tuning de modelos pré-treinados. uma visão geral de fine-tuning de modelos pré-treinados em transfer learning com foco em adaptar modelos grandes a uma nova tarefa com menos dados.
cnt_0990,Boas práticas de modelagem de dados para star schema vs snowflake schema,Data Engineering,34,boas práticas de modelagem de dados para star schema vs snowflake schema. uma visão geral de star schema vs snowflake schema em modelagem de dados com foco em estruturar um warehouse para análises eficientes.
cnt_0991,Matplotlib: customização de gráficos,Data Science,23,matplotlib customização de gráficos. conceitos-chave por trás de customização de gráficos em matplotlib relevantes para comunicar insights com clareza por meio de visualizações.
cnt_0992,Entendendo métricas customizadas em Prometheus,DevOps,21,entendendo métricas customizadas em prometheus. explorando métricas customizadas com prometheus como uma forma de monitorar indicadores de saúde específicos da aplicação.
cnt_0993,Primeiros passos com clustering,Data Science,22,primeiros passos com clustering. notas práticas sobre k-means usando clustering com o objetivo de agrupar pontos de dados semelhantes sem exemplos rotulados.
cnt_0994,Por que gerenciamento de tráfego com Istio importa em service mesh,DevOps,30,por que gerenciamento de tráfego com istio importa em service mesh. um olhar prático sobre gerenciamento de tráfego com istio em service mesh essencial para controlar a comunicação entre microsserviços.
cnt_0995,Concorrência em Go com Channels,Backend,22,concorrência em go com channels. como gerenciar execução concorrente em go usando goroutines e channels de comunicação com segurança sem data races.
cnt_0996,Primeiros passos com gerenciamento de estado multiplataforma,Mobile,32,primeiros passos com gerenciamento de estado multiplataforma. um olhar prático sobre provider e riverpod em gerenciamento de estado multiplataforma essencial para compartilhar o estado do app entre widgets flutter de forma limpa.
cnt_0997,Boas práticas de Progressive Web Apps para service workers,Frontend,29,boas práticas de progressive web apps para service workers. como progressive web apps lida com service workers útil para habilitar acesso offline e sincronização em segundo plano no navegador.
cnt_0998,Cassandra: armazenamento wide-column,Databases,21,cassandra armazenamento wide-column. explorando armazenamento wide-column com cassandra como uma forma de lidar com throughput massivo de escrita entre nós distribuídos.
cnt_0999,Boas práticas de armazenamento em nuvem para camadas de armazenamento frio vs quente,Cloud,38,boas práticas de armazenamento em nuvem para camadas de armazenamento frio vs quente. um olhar prático sobre camadas de armazenamento frio vs quente em armazenamento em nuvem essencial para equilibrar custo e velocidade de recuperação de dados armazenados.
cnt_1000,Entendendo module federation em micro frontends,Frontend,28,entendendo module federation em micro frontends. notas práticas sobre module federation usando micro frontends com o objetivo de permitir que equipes independentes publiquem partes da mesma aplicação web.
cnt_1001,Azure: grupos de recursos,Cloud,25,azure grupos de recursos. notas práticas sobre grupos de recursos usando azure com o objetivo de organizar recursos de nuvem relacionados para facilitar o gerenciamento.
cnt_1002,Prometheus a fundo: métricas customizadas,DevOps,20,prometheus a fundo métricas customizadas. como prometheus lida com métricas customizadas útil para monitorar indicadores de saúde específicos da aplicação.
cnt_1003,Boas práticas de GitLab CI para cache de pipeline,DevOps,26,boas práticas de gitlab ci para cache de pipeline. explorando cache de pipeline com gitlab ci como uma forma de acelerar builds reutilizando dependências entre execuções.
cnt_1004,Entendendo análise reproduzível em notebooks Jupyter,Data Science,23,entendendo análise reproduzível em notebooks jupyter. como notebooks jupyter lida com análise reproduzível útil para documentar todo o fluxo de exploração dos dados.
cnt_1005,Ingestão de dados: tratamento de schema drift,Data Engineering,32,ingestão de dados tratamento de schema drift. uma visão geral de tratamento de schema drift em ingestão de dados com foco em adaptar pipelines quando a estrutura dos dados de origem muda.
cnt_1006,Um guia prático de validação cruzada,Data Science,25,um guia prático de validação cruzada. um olhar prático sobre validação cruzada em scikit-learn essencial para obter uma estimativa mais confiável do desempenho do modelo.
cnt_1007,Boas práticas de compras no aplicativo para StoreKit e biblioteca de billing,Mobile,32,boas práticas de compras no aplicativo para storekit e biblioteca de billing. conceitos-chave por trás de storekit e biblioteca de billing em compras no aplicativo relevantes para implementar assinaturas e compras únicas.
cnt_1008,Um guia prático de service workers,Frontend,27,um guia prático de service workers. explorando service workers com progressive web apps como uma forma de habilitar acesso offline e sincronização em segundo plano no navegador.
cnt_1009,Estratégia multi-cloud a fundo: evitar vendor lock-in,Cloud,26,estratégia multi-cloud a fundo evitar vendor lock-in. conceitos-chave por trás de evitar vendor lock-in em estratégia multi-cloud relevantes para projetar sistemas portáveis entre provedores de nuvem.
cnt_1010,Entendendo importância de features em Random Forest,Data Science,27,entendendo importância de features em random forest. explorando importância de features com random forest como uma forma de entender quais variáveis influenciam as previsões de um modelo.
cnt_1011,Entendendo streaming de eventos em Apache Kafka,Data Engineering,26,entendendo streaming de eventos em apache kafka. conceitos-chave por trás de streaming de eventos em apache kafka relevantes para mover dados entre sistemas em tempo real.
cnt_1012,Um guia prático de matrizes de confusão,Data Science,29,um guia prático de matrizes de confusão. um olhar prático sobre matrizes de confusão em avaliação de modelos essencial para entender os tipos de erro que um classificador comete.
cnt_1013,Um guia prático de políticas de ciclo de vida de armazenamento de objetos,Cloud,41,um guia prático de políticas de ciclo de vida de armazenamento de objetos. um olhar prático sobre políticas de ciclo de vida de armazenamento de objetos em amazon s3 essencial para arquivar automaticamente dados antigos em camadas de armazenamento mais baratas.
cnt_1014,Serviços de Kubernetes gerenciado na nuvem,Cloud,23,serviços de kubernetes gerenciado na nuvem. implantando aplicações em containers facilmente usando o oracle container engine for kubernetes oke ou o aws eks.
cnt_1015,Por que latência de cold start importa em arquiteturas serverless,Cloud,31,por que latência de cold start importa em arquiteturas serverless. explorando latência de cold start com arquiteturas serverless como uma forma de entender as vantagens e desvantagens da computação por uso.
cnt_1016,Progressive Web Apps a fundo: service workers,Frontend,27,progressive web apps a fundo service workers. como progressive web apps lida com service workers útil para habilitar acesso offline e sincronização em segundo plano no navegador.
cnt_1017,Armazenamento em nuvem a fundo: camadas de armazenamento frio vs quente,Cloud,36,armazenamento em nuvem a fundo camadas de armazenamento frio vs quente. conceitos-chave por trás de camadas de armazenamento frio vs quente em armazenamento em nuvem relevantes para equilibrar custo e velocidade de recuperação de dados armazenados.
cnt_1018,Suporte offline em mobile: estratégias de cache local,Mobile,33,suporte offline em mobile estratégias de cache local. uma visão geral de estratégias de cache local em suporte offline em mobile com foco em manter o app utilizável sem conexão com a internet.
cnt_1019,Entendendo roteamento de requisições em API gateways,Backend,26,entendendo roteamento de requisições em api gateways. notas práticas sobre roteamento de requisições usando api gateways com o objetivo de centralizar autenticação e throttling para microsserviços.
cnt_1020,Google Play a fundo: rollouts em etapas,Mobile,30,google play a fundo rollouts em etapas. uma visão geral de rollouts em etapas em google play com foco em liberar uma atualização para um pequeno percentual de usuários primeiro.
cnt_1021,Por que o problema de consultas N+1 importa em ORMs,Databases,34,por que o problema de consultas n+1 importa em orms. como orms lida com o problema de consultas n+1 útil para evitar idas e vindas excessivas ao banco de dados causadas por lazy loading.
cnt_1022,Ajuste de pool de conexões (HikariCP),Databases,21,ajuste de pool de conexões hikaricp . otimizando minimumidle maximumpoolsize e idletimeout em bancos de dados backend java de alta carga.
cnt_1023,Backups de banco de dados: recuperação point-in-time,Databases,32,backups de banco de dados recuperação point-in-time. uma visão geral de recuperação point-in-time em backups de banco de dados com foco em restaurar dados a um momento específico após perda de dados.
cnt_1024,Dbt: transformação de dados como código,Data Engineering,26,dbt transformação de dados como código. como dbt lida com transformação de dados como código útil para aplicar práticas de engenharia de software a modelos sql.
cnt_1025,Redis a fundo: estruturas de dados,Databases,27,redis a fundo estruturas de dados. um olhar prático sobre estruturas de dados em redis essencial para usar sorted sets e hashes além do simples cache chave-valor.
cnt_1026,Primeiros passos com autenticação biométrica,Mobile,30,primeiros passos com autenticação biométrica. explorando apis de face id e impressão digital com autenticação biométrica como uma forma de permitir que usuários façam login com segurança sem digitar senha.
cnt_1027,Entendendo agendamento de tarefas em segundo plano em Celery,Backend,29,entendendo agendamento de tarefas em segundo plano em celery. como celery lida com agendamento de tarefas em segundo plano útil para rodar jobs periódicos fora do processo web principal.
cnt_1028,Entendendo tratamento de conexões instáveis em rede em mobile,Mobile,33,entendendo tratamento de conexões instáveis em rede em mobile. conceitos-chave por trás de tratamento de conexões instáveis em rede em mobile relevantes para reenviar requisições que falharam de forma adequada em redes mobile.
cnt_1029,Entendendo acesso de privilégio mínimo em IAM na nuvem,Cloud,32,entendendo acesso de privilégio mínimo em iam na nuvem. um olhar prático sobre acesso de privilégio mínimo em iam na nuvem essencial para conceder apenas as permissões que um recurso realmente precisa.
cnt_1030,Versionamento de API: compatibilidade retroativa,Backend,23,versionamento de api compatibilidade retroativa. como versionamento de api lida com compatibilidade retroativa útil para evitar breaking changes para consumidores existentes da api.
cnt_1031,React Native a fundo: a arquitetura de bridge,Mobile,31,react native a fundo a arquitetura de bridge. como react native lida com a arquitetura de bridge útil para permitir que o javascript se comunique com módulos nativos ios e android.
cnt_1032,Boas práticas de bloqueio de banco de dados (locking) para prevenção de deadlocks,Databases,35,boas práticas de bloqueio de banco de dados locking para prevenção de deadlocks. conceitos-chave por trás de prevenção de deadlocks em bloqueio de banco de dados locking relevantes para evitar transações que se bloqueiam indefinidamente.
cnt_1033,Entendendo gatilhos orientados a eventos em funções em nuvem,Cloud,33,entendendo gatilhos orientados a eventos em funções em nuvem. notas práticas sobre gatilhos orientados a eventos usando funções em nuvem com o objetivo de executar código automaticamente em resposta a eventos na nuvem.
cnt_1034,Modelagem de dados a fundo: star schema vs snowflake schema,Data Engineering,31,modelagem de dados a fundo star schema vs snowflake schema. conceitos-chave por trás de star schema vs snowflake schema em modelagem de dados relevantes para estruturar um warehouse para análises eficientes.
cnt_1035,Um guia prático de Cloud Run,Cloud,25,um guia prático de cloud run. um olhar prático sobre cloud run em google cloud platform essencial para implantar apps em containers sem gerenciar infraestrutura.
cnt_1036,Entendendo regras de acesso de rede em grupos de segurança na nuvem,Cloud,36,entendendo regras de acesso de rede em grupos de segurança na nuvem. explorando regras de acesso de rede com grupos de segurança na nuvem como uma forma de controlar tráfego de entrada e saída de recursos.
cnt_1037,Primeiros passos com segurança mobile,Mobile,21,primeiros passos com segurança mobile. como segurança mobile lida com certificate pinning útil para prevenir ataques man-in-the-middle em chamadas de api.
cnt_1038,Testes mobile: frameworks de automação de UI,Mobile,30,testes mobile frameworks de automação de ui. uma visão geral de frameworks de automação de ui em testes mobile com foco em rodar testes end-to-end em dispositivos reais e simuladores.
cnt_1039,Revisão da App Store: conformidade com diretrizes,Mobile,29,revisão da app store conformidade com diretrizes. um olhar prático sobre conformidade com diretrizes em revisão da app store essencial para evitar motivos comuns de rejeição antes do envio.
cnt_1040,Um guia prático de camadas de armazenamento frio vs quente,Cloud,34,um guia prático de camadas de armazenamento frio vs quente. explorando camadas de armazenamento frio vs quente com armazenamento em nuvem como uma forma de equilibrar custo e velocidade de recuperação de dados armazenados.
cnt_1041,Primeiros passos com revisão da App Store,Mobile,30,primeiros passos com revisão da app store. uma visão geral de conformidade com diretrizes em revisão da app store com foco em evitar motivos comuns de rejeição antes do envio.
cnt_1042,Um guia prático de particionamento por data,Data Engineering,32,um guia prático de particionamento por data. notas práticas sobre particionamento por data usando particionamento de dados com o objetivo de melhorar o desempenho de consultas em tabelas grandes de data lake.
cnt_1043,Locking de state no Terraform com DynamoDB,DevOps,24,locking de state no terraform com dynamodb. prevenindo execuções concorrentes e corrupção de state em configurações de equipe no terraform usando locking de state.
cnt_1044,Por que regras de validação importa em verificações de qualidade de dados,Data Engineering,36,por que regras de validação importa em verificações de qualidade de dados. um olhar prático sobre regras de validação em verificações de qualidade de dados essencial para detectar dados ruins antes que cheguem aos sistemas seguintes.
cnt_1045,Boas práticas de Apache Airflow para agendamento de DAGs,Data Engineering,29,boas práticas de apache airflow para agendamento de dags. conceitos-chave por trás de agendamento de dags em apache airflow relevantes para orquestrar tarefas dependentes de um pipeline de dados.
cnt_1046,Um guia prático de agregações em janelas (windowed),Data Engineering,29,um guia prático de agregações em janelas windowed . explorando agregações em janelas windowed com processamento de streams como uma forma de calcular métricas sobre dados que chegam continuamente.
cnt_1047,Primeiros passos com acessibilidade (a11y),Frontend,23,primeiros passos com acessibilidade a11y . como acessibilidade a11y lida com atributos aria útil para tornar widgets interativos utilizáveis com leitores de tela.
cnt_1048,Boas práticas de registries de containers para escaneamento de imagens,DevOps,31,boas práticas de registries de containers para escaneamento de imagens. notas práticas sobre escaneamento de imagens usando registries de containers com o objetivo de detectar vulnerabilidades antes de implantar um container.
cnt_1049,Entendendo construção de redes neurais em PyTorch,Data Science,26,entendendo construção de redes neurais em pytorch. como pytorch lida com construção de redes neurais útil para definir camadas e loops de treino personalizados do zero.
cnt_1050,Message brokers a fundo: partições do Kafka,Data Engineering,25,message brokers a fundo partições do kafka. como message brokers lida com partições do kafka útil para escalar o consumo de eventos entre vários consumidores.
cnt_1051,Webpack: code splitting,Frontend,23,webpack code splitting. notas práticas sobre code splitting usando webpack com o objetivo de carregar apenas o javascript que a página realmente precisa.
cnt_1052,Por que validação com Pydantic importa em FastAPI,Backend,28,por que validação com pydantic importa em fastapi. uma visão geral de validação com pydantic em fastapi com foco em impor schemas de requisição automaticamente com type hints.
cnt_1053,Por que workflows reutilizáveis importa em GitHub Actions,DevOps,26,por que workflows reutilizáveis importa em github actions. um olhar prático sobre workflows reutilizáveis em github actions essencial para compartilhar lógica de ci entre vários repositórios.
cnt_1054,Entendendo rastreamento de proveniência de dados em linhagem de dados,Data Engineering,34,entendendo rastreamento de proveniência de dados em linhagem de dados. um olhar prático sobre rastreamento de proveniência de dados em linhagem de dados essencial para entender de onde vieram os valores de um dataset.
cnt_1055,Primeiros passos com linhagem de dados,Data Engineering,30,primeiros passos com linhagem de dados. um olhar prático sobre rastreamento de proveniência de dados em linhagem de dados essencial para entender de onde vieram os valores de um dataset.
cnt_1056,Notificações locais: agendamento de lembretes,Mobile,26,notificações locais agendamento de lembretes. um olhar prático sobre agendamento de lembretes em notificações locais essencial para disparar alertas sem uma ida e volta ao servidor.
cnt_1057,Teste de carga: simulação de picos de tráfego,DevOps,35,teste de carga simulação de picos de tráfego. notas práticas sobre simulação de picos de tráfego usando teste de carga com o objetivo de encontrar o ponto de ruptura de um sistema antes dos usuários.
cnt_1058,Entendendo índices invertidos em Elasticsearch,Databases,21,entendendo índices invertidos em elasticsearch. explorando índices invertidos com elasticsearch como uma forma de habilitar busca full-text rápida em grandes datasets.
cnt_1059,Boas práticas de bancos de dados de grafo para relacionamentos no Neo4j,Databases,34,boas práticas de bancos de dados de grafo para relacionamentos no neo4j. conceitos-chave por trás de relacionamentos no neo4j em bancos de dados de grafo relevantes para modelar dados altamente conectados como redes sociais.
cnt_1060,Boas práticas de layouts adaptativos para suporte a tablets e dobráveis,Mobile,34,boas práticas de layouts adaptativos para suporte a tablets e dobráveis. explorando suporte a tablets e dobráveis com layouts adaptativos como uma forma de projetar ui que se ajusta a diferentes tamanhos de tela.
cnt_1061,Orquestração de dados a fundo: retries de tarefas e backoff,Data Engineering,31,orquestração de dados a fundo retries de tarefas e backoff. explorando retries de tarefas e backoff com orquestração de dados como uma forma de lidar com falhas transitórias em pipelines agendados.
cnt_1062,Um guia prático de entrega progressiva,DevOps,24,um guia prático de entrega progressiva. um olhar prático sobre entrega progressiva em feature flags essencial para ativar e desativar features sem reimplantar código.
cnt_1063,Boas práticas de armazenamento de objetos para versionamento e imutabilidade,Cloud,28,boas práticas de armazenamento de objetos para versionamento e imutabilidade. explorando versionamento e imutabilidade com armazenamento de objetos como uma forma de proteger dados armazenados contra exclusão acidental.
cnt_1064,Primeiros passos com infraestrutura como código,DevOps,26,primeiros passos com infraestrutura como código. um olhar prático sobre infraestrutura imutável em infraestrutura como código essencial para substituir servidores em vez de atualizá-los no local.
cnt_1065,Redução de dimensionalidade com PCA,Data Science,19,redução de dimensionalidade com pca. como a análise de componentes principais pca reduz as dimensões de datasets altamente correlacionados.
cnt_1066,Seaborn a fundo: gráficos estatísticos,Data Science,20,seaborn a fundo gráficos estatísticos. explorando gráficos estatísticos com seaborn como uma forma de visualizar distribuições e relações entre variáveis.
cnt_1067,Entendendo conexões site a site em VPN na nuvem,Cloud,30,entendendo conexões site a site em vpn na nuvem. conceitos-chave por trás de conexões site a site em vpn na nuvem relevantes para conectar com segurança redes on-premises à nuvem.
cnt_1068,Por que cache na borda (edge) importa em redes de entrega de conteúdo (CDN),Cloud,41,por que cache na borda edge importa em redes de entrega de conteúdo cdn . como redes de entrega de conteúdo cdn lida com cache na borda edge útil para servir conteúdo a partir de locais mais próximos dos usuários finais.
cnt_1069,Por que resolvers importa em GraphQL,Backend,25,por que resolvers importa em graphql. notas práticas sobre resolvers usando graphql com o objetivo de buscar apenas os campos que o cliente pede explicitamente.
cnt_1070,Boas práticas de catalogação de dados para gerenciamento de metadados,Data Engineering,31,boas práticas de catalogação de dados para gerenciamento de metadados. notas práticas sobre gerenciamento de metadados usando catalogação de dados com o objetivo de tornar datasets descobríveis em toda a organização.
cnt_1071,Entendendo streaming de mudanças de banco de dados em Change Data Capture,Databases,38,entendendo streaming de mudanças de banco de dados em change data capture. notas práticas sobre streaming de mudanças de banco de dados usando change data capture com o objetivo de propagar atualizações para outros sistemas em tempo real.
cnt_1072,Boas práticas de Docker para builds multi-stage,DevOps,26,boas práticas de docker para builds multi-stage. um olhar prático sobre builds multi-stage em docker essencial para manter imagens de container pequenas e prontas para produção.
cnt_1073,Por que testes de componentes centrados no usuário importa em Testing Library,Frontend,38,por que testes de componentes centrados no usuário importa em testing library. explorando testes de componentes centrados no usuário com testing library como uma forma de testar a ui da forma como um usuário real interagiria com ela.
cnt_1074,Entendendo resultados de consulta pré-computados em views materializadas,Databases,25,entendendo resultados de consulta pré-computados em views materializadas. conceitos-chave por trás de resultados de consulta pré-computados em views materializadas relevantes para acelerar consultas agregadas custosas.
cnt_1075,Validação de formulários a fundo: validadores baseados em schema,Frontend,30,validação de formulários a fundo validadores baseados em schema. conceitos-chave por trás de validadores baseados em schema em validação de formulários relevantes para manter regras de validação consistentes entre campos.
cnt_1076,Um guia prático de virtual private clouds (VPCs),Cloud,32,um guia prático de virtual private clouds vpcs . conceitos-chave por trás de virtual private clouds vpcs em rede na nuvem relevantes para isolar recursos de nuvem dentro de uma rede privada.
cnt_1077,Modelos de replicação de armazenamento na nuvem,Cloud,21,modelos de replicação de armazenamento na nuvem. configurando armazenamento geo-redundante grs e replicação local para alta disponibilidade de buckets na nuvem.
cnt_1078,Flutter: a árvore de widgets,Mobile,27,flutter a árvore de widgets. como flutter lida com a árvore de widgets útil para construir uis multiplataforma a partir de uma única base de código dart.
cnt_1079,Um guia prático de styled-components,Frontend,22,um guia prático de styled-components. notas práticas sobre styled-components usando css-in-js com o objetivo de restringir estilos diretamente a componentes react individuais.
cnt_1080,OCI Autonomous Data Warehouse (ADW),Cloud,18,oci autonomous data warehouse adw . provisionando e escalando data warehouses autogerenciados e autosseguros na oracle cloud infrastructure.
cnt_1081,Boas práticas de auto scaling para escalonamento baseado em métricas customizadas,Cloud,31,boas práticas de auto scaling para escalonamento baseado em métricas customizadas. como auto scaling lida com escalonamento baseado em métricas customizadas útil para reagir a sinais de carga específicos da aplicação.
cnt_1082,Por que agendamento de DAGs importa em Apache Airflow,Data Engineering,29,por que agendamento de dags importa em apache airflow. conceitos-chave por trás de agendamento de dags em apache airflow relevantes para orquestrar tarefas dependentes de um pipeline de dados.
cnt_1083,Entendendo releases sem downtime em deploys blue-green,DevOps,24,entendendo releases sem downtime em deploys blue-green. explorando releases sem downtime com deploys blue-green como uma forma de alternar tráfego entre dois ambientes idênticos.
cnt_1084,Boas práticas de infraestrutura como código para infraestrutura imutável,DevOps,29,boas práticas de infraestrutura como código para infraestrutura imutável. conceitos-chave por trás de infraestrutura imutável em infraestrutura como código relevantes para substituir servidores em vez de atualizá-los no local.
cnt_1085,Processamento em lote a fundo: jobs de dados agendados,Data Engineering,30,processamento em lote a fundo jobs de dados agendados. conceitos-chave por trás de jobs de dados agendados em processamento em lote relevantes para rodar grandes transformações em um cronograma fixo.
cnt_1086,Boas práticas de resposta a incidentes para runbooks,DevOps,28,boas práticas de resposta a incidentes para runbooks. uma visão geral de runbooks em resposta a incidentes com foco em documentar passos para resolver problemas comuns de produção.
cnt_1087,Change Data Capture a fundo: Debezium,Data Engineering,33,change data capture a fundo debezium. notas práticas sobre debezium usando change data capture com o objetivo de capturar mudanças em nível de linha a partir de um banco de dados de origem.
cnt_1088,Migrações de banco de dados a fundo: mudanças versionadas de schema,Databases,40,migrações de banco de dados a fundo mudanças versionadas de schema. explorando mudanças versionadas de schema com migrações de banco de dados como uma forma de evoluir o schema de um banco de dados com segurança ao longo do tempo.
cnt_1089,VPN na nuvem a fundo: conexões site a site,Cloud,29,vpn na nuvem a fundo conexões site a site. explorando conexões site a site com vpn na nuvem como uma forma de conectar com segurança redes on-premises à nuvem.
cnt_1090,Primeiros passos com grupos de segurança na nuvem,Cloud,31,primeiros passos com grupos de segurança na nuvem. como grupos de segurança na nuvem lida com regras de acesso de rede útil para controlar tráfego de entrada e saída de recursos.
cnt_1091,Boas práticas de Next.js para renderização no servidor (SSR),Frontend,35,boas práticas de next.js para renderização no servidor ssr . uma visão geral de renderização no servidor ssr em next.js com foco em melhorar o tempo de primeira renderização e o seo de apps react.
cnt_1092,Por que cold starts importa em funções serverless,Backend,26,por que cold starts importa em funções serverless. como funções serverless lida com cold starts útil para reduzir a latência de endpoints de backend pouco chamados.
cnt_1093,Kubernetes a fundo: rolling updates,DevOps,21,kubernetes a fundo rolling updates. uma visão geral de rolling updates em kubernetes com foco em implantar novas versões sem downtime.
cnt_1094,Por que gatilhos orientados a eventos importa em funções em nuvem,Cloud,34,por que gatilhos orientados a eventos importa em funções em nuvem. conceitos-chave por trás de gatilhos orientados a eventos em funções em nuvem relevantes para executar código automaticamente em resposta a eventos na nuvem.
cnt_1095,Por que gráficos estatísticos importa em Seaborn,Data Science,24,por que gráficos estatísticos importa em seaborn. uma visão geral de gráficos estatísticos em seaborn com foco em visualizar distribuições e relações entre variáveis.
cnt_1096,Grupos de segurança na nuvem: regras de acesso de rede,Cloud,34,grupos de segurança na nuvem regras de acesso de rede. explorando regras de acesso de rede com grupos de segurança na nuvem como uma forma de controlar tráfego de entrada e saída de recursos.
cnt_1097,Boas práticas de feature flags para entrega progressiva,DevOps,24,boas práticas de feature flags para entrega progressiva. como feature flags lida com entrega progressiva útil para ativar e desativar features sem reimplantar código.
cnt_1098,Boas práticas de funções em nuvem para gatilhos orientados a eventos,Cloud,33,boas práticas de funções em nuvem para gatilhos orientados a eventos. explorando gatilhos orientados a eventos com funções em nuvem como uma forma de executar código automaticamente em resposta a eventos na nuvem.
cnt_1099,Primeiros passos com Delta Lake,Data Engineering,26,primeiros passos com delta lake. como delta lake lida com transações acid em data lakes útil para adicionar confiabilidade a armazenamento de dados em larga escala.
cnt_1100,Um guia prático de o algoritmo token bucket,Backend,29,um guia prático de o algoritmo token bucket. explorando o algoritmo token bucket com rate limiting como uma forma de proteger uma api contra abuso e picos de tráfego.
cnt_1101,Boas práticas de integração com a câmera para captura e processamento de fotos,Mobile,39,boas práticas de integração com a câmera para captura e processamento de fotos. um olhar prático sobre captura e processamento de fotos em integração com a câmera essencial para adicionar recursos de captura de foto a um app mobile.
cnt_1102,Sharding de banco de dados: particionamento horizontal,Databases,29,sharding de banco de dados particionamento horizontal. notas práticas sobre particionamento horizontal usando sharding de banco de dados com o objetivo de dividir uma tabela grande entre vários servidores.
cnt_1103,Testing Library a fundo: testes de componentes centrados no usuário,Frontend,35,testing library a fundo testes de componentes centrados no usuário. como testing library lida com testes de componentes centrados no usuário útil para testar a ui da forma como um usuário real interagiria com ela.
cnt_1104,Boas práticas de acessibilidade (a11y) para atributos ARIA,Frontend,27,boas práticas de acessibilidade a11y para atributos aria. conceitos-chave por trás de atributos aria em acessibilidade a11y relevantes para tornar widgets interativos utilizáveis com leitores de tela.
cnt_1105,Boas práticas de replicação para réplicas de leitura,Databases,34,boas práticas de replicação para réplicas de leitura. notas práticas sobre réplicas de leitura usando replicação com o objetivo de escalar cargas de trabalho intensivas em leitura entre várias cópias do banco de dados.
cnt_1106,Helm charts a fundo: templates de manifests do Kubernetes,DevOps,28,helm charts a fundo templates de manifests do kubernetes. notas práticas sobre templates de manifests do kubernetes usando helm charts com o objetivo de reutilizar configuração entre ambientes.
cnt_1107,Por que conexão entre on-premises e nuvem importa em nuvem híbrida,Cloud,29,por que conexão entre on-premises e nuvem importa em nuvem híbrida. como nuvem híbrida lida com conexão entre on-premises e nuvem útil para estender infraestrutura existente para a nuvem.
cnt_1108,Por que gerenciamento de metadados importa em catalogação de dados,Data Engineering,31,por que gerenciamento de metadados importa em catalogação de dados. uma visão geral de gerenciamento de metadados em catalogação de dados com foco em tornar datasets descobríveis em toda a organização.
cnt_1109,Por que distribuições a priori e a posteriori importa em inferência bayesiana,Data Science,37,por que distribuições a priori e a posteriori importa em inferência bayesiana. explorando distribuições a priori e a posteriori com inferência bayesiana como uma forma de atualizar crenças sobre um parâmetro à medida que os dados chegam.
cnt_1110,OAuth2 a fundo: fluxos de autorização,Backend,28,oauth2 a fundo fluxos de autorização. notas práticas sobre fluxos de autorização usando oauth2 com o objetivo de delegar acesso sem compartilhar a senha do usuário com terceiros.
cnt_1111,Entendendo processamento de dados distribuído em Apache Spark,Data Engineering,28,entendendo processamento de dados distribuído em apache spark. notas práticas sobre processamento de dados distribuído usando apache spark com o objetivo de transformar grandes datasets em um cluster.
cnt_1112,Boas práticas de otimização de custos na nuvem para instâncias reservadas,Cloud,32,boas práticas de otimização de custos na nuvem para instâncias reservadas. como otimização de custos na nuvem lida com instâncias reservadas útil para reduzir custos de computação com compromissos de longo prazo.
cnt_1113,Normalização de banco de dados a fundo: redução de redundância,Databases,32,normalização de banco de dados a fundo redução de redundância. uma visão geral de redução de redundância em normalização de banco de dados com foco em organizar tabelas para evitar dados duplicados.
cnt_1114,API gateways a fundo: roteamento de requisições,Backend,25,api gateways a fundo roteamento de requisições. um olhar prático sobre roteamento de requisições em api gateways essencial para centralizar autenticação e throttling para microsserviços.
cnt_1115,Entendendo cache na borda (edge) em redes de entrega de conteúdo (CDN),Cloud,42,entendendo cache na borda edge em redes de entrega de conteúdo cdn . notas práticas sobre cache na borda edge usando redes de entrega de conteúdo cdn com o objetivo de servir conteúdo a partir de locais mais próximos dos usuários finais.
cnt_1116,Por que gerenciamento de estado leve importa em Zustand,Frontend,28,por que gerenciamento de estado leve importa em zustand. explorando gerenciamento de estado leve com zustand como uma forma de evitar boilerplate comparado às tradicionais stores do redux.
cnt_1117,Primeiros passos com Ruby on Rails,Backend,31,primeiros passos com ruby on rails. notas práticas sobre callbacks do active record usando ruby on rails com o objetivo de executar lógica customizada antes ou depois de salvar um registro.
cnt_1118,Primeiros passos com Swift,Mobile,25,primeiros passos com swift. conceitos-chave por trás de views declarativas do swiftui em swift relevantes para construir interfaces ios com menos código imperativo do uikit.
cnt_1119,Boas práticas de modo escuro para propriedades customizadas do CSS,Frontend,32,boas práticas de modo escuro para propriedades customizadas do css. conceitos-chave por trás de propriedades customizadas do css em modo escuro relevantes para trocar temas de cor sem duplicar folhas de estilo.
cnt_1120,Django REST Framework: construção de serializers,Backend,29,django rest framework construção de serializers. uma visão geral de construção de serializers em django rest framework com foco em converter querysets complexos em json para respostas de api.
cnt_1121,Conformidade na nuvem: requisitos de residência de dados,Cloud,29,conformidade na nuvem requisitos de residência de dados. explorando requisitos de residência de dados com conformidade na nuvem como uma forma de manter dados dentro dos limites geográficos exigidos.
cnt_1122,Containers de injeção de dependência: inversão de controle,Backend,32,containers de injeção de dependência inversão de controle. conceitos-chave por trás de inversão de controle em containers de injeção de dependência relevantes para trocar implementações sem alterar o código que as chama.
cnt_1123,Um guia prático de regras de validação,Data Engineering,29,um guia prático de regras de validação. como verificações de qualidade de dados lida com regras de validação útil para detectar dados ruins antes que cheguem aos sistemas seguintes.
cnt_1124,SQLite em mobile a fundo: biblioteca de persistência Room,Mobile,30,sqlite em mobile a fundo biblioteca de persistência room. um olhar prático sobre biblioteca de persistência room em sqlite em mobile essencial para armazenar dados estruturados localmente em dispositivos android.
cnt_1125,Entendendo validadores baseados em schema em validação de formulários,Frontend,30,entendendo validadores baseados em schema em validação de formulários. um olhar prático sobre validadores baseados em schema em validação de formulários essencial para manter regras de validação consistentes entre campos.
cnt_1126,Entendendo particionamento por faixa (range) em particionamento de banco de dados,Databases,36,entendendo particionamento por faixa range em particionamento de banco de dados. notas práticas sobre particionamento por faixa range usando particionamento de banco de dados com o objetivo de dividir tabelas grandes por data ou outra chave.
cnt_1127,Notebooks Jupyter: análise reproduzível,Data Science,22,notebooks jupyter análise reproduzível. explorando análise reproduzível com notebooks jupyter como uma forma de documentar todo o fluxo de exploração dos dados.
cnt_1128,Word embeddings a fundo: Word2Vec e GloVe,Data Science,27,word embeddings a fundo word2vec e glove. um olhar prático sobre word2vec e glove em word embeddings essencial para representar palavras como vetores densos que capturam significado.
cnt_1129,Um guia prático de rastreamento de proveniência de dados,Data Engineering,34,um guia prático de rastreamento de proveniência de dados. notas práticas sobre rastreamento de proveniência de dados usando linhagem de dados com o objetivo de entender de onde vieram os valores de um dataset.
cnt_1130,Primeiros passos com notebooks Jupyter,Data Science,25,primeiros passos com notebooks jupyter. uma visão geral de análise reproduzível em notebooks jupyter com foco em documentar todo o fluxo de exploração dos dados.
cnt_1131,Entendendo matrizes de confusão em avaliação de modelos,Data Science,30,entendendo matrizes de confusão em avaliação de modelos. conceitos-chave por trás de matrizes de confusão em avaliação de modelos relevantes para entender os tipos de erro que um classificador comete.
cnt_1132,Entendendo APIs de Face ID e impressão digital em autenticação biométrica,Mobile,36,entendendo apis de face id e impressão digital em autenticação biométrica. explorando apis de face id e impressão digital com autenticação biométrica como uma forma de permitir que usuários façam login com segurança sem digitar senha.
cnt_1133,Cassandra a fundo: armazenamento wide-column,Databases,24,cassandra a fundo armazenamento wide-column. um olhar prático sobre armazenamento wide-column em cassandra essencial para lidar com throughput massivo de escrita entre nós distribuídos.
cnt_1134,Boas práticas de gerenciamento de segredos para HashiCorp Vault,DevOps,28,boas práticas de gerenciamento de segredos para hashicorp vault. como gerenciamento de segredos lida com hashicorp vault útil para armazenar credenciais com segurança em vez de texto puro.
cnt_1135,Um guia prático de rollouts em etapas,Mobile,28,um guia prático de rollouts em etapas. explorando rollouts em etapas com google play como uma forma de liberar uma atualização para um pequeno percentual de usuários primeiro.
cnt_1136,Primeiros passos com modelagem de dados,Data Engineering,27,primeiros passos com modelagem de dados. conceitos-chave por trás de star schema vs snowflake schema em modelagem de dados relevantes para estruturar um warehouse para análises eficientes.
cnt_1137,Entendendo partições do Kafka em message brokers,Data Engineering,28,entendendo partições do kafka em message brokers. uma visão geral de partições do kafka em message brokers com foco em escalar o consumo de eventos entre vários consumidores.
cnt_1138,Por que inputs controlados vs não controlados importa em tratamento de formulários,Frontend,34,por que inputs controlados vs não controlados importa em tratamento de formulários. como tratamento de formulários lida com inputs controlados vs não controlados útil para decidir como gerenciar o estado de formulários no react.
cnt_1139,Entendendo escalonamento baseado em métricas customizadas em auto scaling,Cloud,31,entendendo escalonamento baseado em métricas customizadas em auto scaling. conceitos-chave por trás de escalonamento baseado em métricas customizadas em auto scaling relevantes para reagir a sinais de carga específicos da aplicação.
cnt_1140,Avaliação de modelos: matrizes de confusão,Data Science,27,avaliação de modelos matrizes de confusão. explorando matrizes de confusão com avaliação de modelos como uma forma de entender os tipos de erro que um classificador comete.
cnt_1141,Por que a Composition API importa em Vue.js,Frontend,29,por que a composition api importa em vue.js. como vue.js lida com a composition api útil para organizar a lógica de componentes por funcionalidade em vez de por opção.
cnt_1142,Por que streaming de eventos importa em Apache Kafka,Data Engineering,29,por que streaming de eventos importa em apache kafka. notas práticas sobre streaming de eventos usando apache kafka com o objetivo de mover dados entre sistemas em tempo real.
cnt_1143,Um guia prático de construção de serializers,Backend,27,um guia prático de construção de serializers. como django rest framework lida com construção de serializers útil para converter querysets complexos em json para respostas de api.
cnt_1144,Risco de segurança do Docker Socket,DevOps,22,risco de segurança do docker socket. por que montar o docker.sock dentro de containers é um risco de segurança e como protegê-lo.
cnt_1145,Entendendo VoiceOver e TalkBack em acessibilidade mobile,Mobile,28,entendendo voiceover e talkback em acessibilidade mobile. uma visão geral de voiceover e talkback em acessibilidade mobile com foco em tornar apps utilizáveis para usuários com deficiência visual.
cnt_1146,Boas práticas de roteamento no cliente para navegação em single page applications,Frontend,35,boas práticas de roteamento no cliente para navegação em single page applications. conceitos-chave por trás de navegação em single page applications em roteamento no cliente relevantes para trocar de tela sem recarregar a página inteira.
cnt_1147,Entendendo alinhamento e distribuição em Flexbox,Frontend,27,entendendo alinhamento e distribuição em flexbox. notas práticas sobre alinhamento e distribuição usando flexbox com o objetivo de construir barras de navegação e layouts de cards responsivos.
cnt_1148,Fluxo de Authorization Code do OAuth2,Backend,21,fluxo de authorization code do oauth2. protegendo aplicações backend ao implementar fluxos de autorização oauth2 com pkce para single page applications.
cnt_1149,Um guia prático de latência de cold start,Cloud,29,um guia prático de latência de cold start. explorando latência de cold start com arquiteturas serverless como uma forma de entender as vantagens e desvantagens da computação por uso.
cnt_1150,Boas práticas de Terraform para gerenciamento de estado,DevOps,27,boas práticas de terraform para gerenciamento de estado. conceitos-chave por trás de gerenciamento de estado em terraform relevantes para rastrear mudanças de infraestrutura com segurança entre equipes.
cnt_1151,Um guia prático de simulação de picos de tráfego,DevOps,36,um guia prático de simulação de picos de tráfego. notas práticas sobre simulação de picos de tráfego usando teste de carga com o objetivo de encontrar o ponto de ruptura de um sistema antes dos usuários.
cnt_1152,Um guia prático de Largest Contentful Paint,Frontend,27,um guia prático de largest contentful paint. explorando largest contentful paint com web vitals como uma forma de medir o desempenho de carregamento percebido por usuários reais.
cnt_1153,Profiling de performance no React Native,Mobile,23,profiling de performance no react native. identificando quedas de frames por segundo fps bloqueios longos na thread de js e gargalos de renderização.
cnt_1154,Por que retries de tarefas e backoff importa em orquestração de dados,Data Engineering,35,por que retries de tarefas e backoff importa em orquestração de dados. notas práticas sobre retries de tarefas e backoff usando orquestração de dados com o objetivo de lidar com falhas transitórias em pipelines agendados.
cnt_1155,Primeiros passos com pipelines de CI/CD,DevOps,29,primeiros passos com pipelines de ci cd. um olhar prático sobre rollback automatizado em pipelines de ci cd essencial para reverter automaticamente um deploy ruim em caso de falha.
cnt_1156,Entendendo navegação em single page applications em roteamento no cliente,Frontend,33,entendendo navegação em single page applications em roteamento no cliente. conceitos-chave por trás de navegação em single page applications em roteamento no cliente relevantes para trocar de tela sem recarregar a página inteira.
cnt_1157,Um guia prático de o caminho crítico de renderização,Frontend,35,um guia prático de o caminho crítico de renderização. notas práticas sobre o caminho crítico de renderização usando renderização no navegador com o objetivo de entender como html css e js se transformam em pixels.
cnt_1158,Entendendo grid search vs random search em ajuste de hiperparâmetros,Data Science,33,entendendo grid search vs random search em ajuste de hiperparâmetros. uma visão geral de grid search vs random search em ajuste de hiperparâmetros com foco em encontrar sistematicamente a melhor configuração de modelo.
cnt_1159,Entendendo estreitamento de tipos (type narrowing) em TypeScript,Frontend,30,entendendo estreitamento de tipos type narrowing em typescript. conceitos-chave por trás de estreitamento de tipos type narrowing em typescript relevantes para identificar incompatibilidades de prop e state antes da execução.
cnt_1160,Primeiros passos com Grafana,DevOps,20,primeiros passos com grafana. como grafana lida com regras de alerta útil para notificar equipes automaticamente quando métricas ultrapassam limites.
cnt_1161,GitHub Actions a fundo: workflows reutilizáveis,DevOps,24,github actions a fundo workflows reutilizáveis. conceitos-chave por trás de workflows reutilizáveis em github actions relevantes para compartilhar lógica de ci entre vários repositórios.
cnt_1162,Primeiros passos com backups de banco de dados,Databases,30,primeiros passos com backups de banco de dados. como backups de banco de dados lida com recuperação point-in-time útil para restaurar dados a um momento específico após perda de dados.
cnt_1163,Primeiros passos com word embeddings,Data Science,25,primeiros passos com word embeddings. conceitos-chave por trás de word2vec e glove em word embeddings relevantes para representar palavras como vetores densos que capturam significado.
cnt_1164,Um guia prático de relacionamentos do Eloquent ORM,Backend,27,um guia prático de relacionamentos do eloquent orm. conceitos-chave por trás de relacionamentos do eloquent orm em laravel relevantes para modelar associações um-para-muitos e muitos-para-muitos entre tabelas.
cnt_1165,Boas práticas de PostgreSQL para estratégias de indexação,Databases,28,boas práticas de postgresql para estratégias de indexação. notas práticas sobre estratégias de indexação usando postgresql com o objetivo de acelerar o desempenho de consultas em tabelas grandes.
cnt_1166,Por que atributos ARIA importa em acessibilidade (a11y),Frontend,27,por que atributos aria importa em acessibilidade a11y . explorando atributos aria com acessibilidade a11y como uma forma de tornar widgets interativos utilizáveis com leitores de tela.
cnt_1167,Boas práticas de ORMs para o problema de consultas N+1,Databases,36,boas práticas de orms para o problema de consultas n+1. conceitos-chave por trás de o problema de consultas n+1 em orms relevantes para evitar idas e vindas excessivas ao banco de dados causadas por lazy loading.
cnt_1168,Svelte a fundo: reatividade compilada,Frontend,25,svelte a fundo reatividade compilada. explorando reatividade compilada com svelte como uma forma de atualizar o dom sem uma etapa de diffing de dom virtual.
cnt_1169,Drag and drop a fundo: a API HTML5 de Drag and Drop,Frontend,35,drag and drop a fundo a api html5 de drag and drop. como drag and drop lida com a api html5 de drag and drop útil para construir listas ordenáveis e quadros kanban no navegador.
cnt_1170,Entendendo transformação de dados como código em dbt,Data Engineering,29,entendendo transformação de dados como código em dbt. explorando transformação de dados como código com dbt como uma forma de aplicar práticas de engenharia de software a modelos sql.
cnt_1171,Um guia prático de processamento de dados distribuído,Data Engineering,27,um guia prático de processamento de dados distribuído. conceitos-chave por trás de processamento de dados distribuído em apache spark relevantes para transformar grandes datasets em um cluster.
cnt_1172,Provisioning Profiles no iOS,Mobile,18,provisioning profiles no ios. entendendo assinatura de código provisioning profiles app ids e certificados de desenvolvimento no xcode.
cnt_1173,Entendendo blueprints em Flask,Backend,21,entendendo blueprints em flask. conceitos-chave por trás de blueprints em flask relevantes para organizar aplicações grandes em componentes modulares e reutilizáveis.
cnt_1174,Viés e equidade de modelos em IA,Data Science,23,viés e equidade de modelos em ia. identificando e mitigando o viés algorítmico em datasets de machine learning e no treino de modelos.
cnt_1175,Conformidade na nuvem a fundo: requisitos de residência de dados,Cloud,31,conformidade na nuvem a fundo requisitos de residência de dados. explorando requisitos de residência de dados com conformidade na nuvem como uma forma de manter dados dentro dos limites geográficos exigidos.
cnt_1176,Blackbox Exporter do Prometheus,DevOps,20,blackbox exporter do prometheus. sondando endpoints http externamente com o prometheus blackbox exporter para acompanhar uptime e tempos de resposta.
cnt_1177,Boas práticas de Delta Lake para transações ACID em data lakes,Data Engineering,35,boas práticas de delta lake para transações acid em data lakes. uma visão geral de transações acid em data lakes em delta lake com foco em adicionar confiabilidade a armazenamento de dados em larga escala.
cnt_1178,Orquestração de containers: probes de readiness e liveness,DevOps,29,orquestração de containers probes de readiness e liveness. como orquestração de containers lida com probes de readiness e liveness útil para informar ao kubernetes quando um pod está saudável.
cnt_1179,Um guia prático de extract-transform-load (ETL),Data Engineering,25,um guia prático de extract-transform-load etl . como pipelines etl lida com extract-transform-load etl útil para transformar dados brutos em um formato limpo e consultável.
cnt_1180,Um guia prático de padrões PSR,Backend,24,um guia prático de padrões psr. explorando padrões psr com php como uma forma de manter bases de código de backend interoperáveis entre frameworks.
cnt_1181,GitHub Actions: workflows reutilizáveis,DevOps,21,github actions workflows reutilizáveis. explorando workflows reutilizáveis com github actions como uma forma de compartilhar lógica de ci entre vários repositórios.
cnt_1182,Boas práticas de orquestração de dados para retries de tarefas e backoff,Data Engineering,34,boas práticas de orquestração de dados para retries de tarefas e backoff. um olhar prático sobre retries de tarefas e backoff em orquestração de dados essencial para lidar com falhas transitórias em pipelines agendados.
cnt_1183,Primeiros passos com bancos de dados em nuvem,Cloud,34,primeiros passos com bancos de dados em nuvem. conceitos-chave por trás de serviços de banco de dados gerenciados em bancos de dados em nuvem relevantes para delegar backups e atualizações ao provedor de nuvem.
cnt_1184,Boas práticas de arquiteturas serverless para latência de cold start,Cloud,30,boas práticas de arquiteturas serverless para latência de cold start. como arquiteturas serverless lida com latência de cold start útil para entender as vantagens e desvantagens da computação por uso.
cnt_1185,Um guia prático de bibliotecas de i18n,Frontend,28,um guia prático de bibliotecas de i18n. uma visão geral de bibliotecas de i18n em internacionalização com foco em traduzir textos de ui e formatar datas por localidade.
cnt_1186,Entendendo logging centralizado em ELK Stack,DevOps,27,entendendo logging centralizado em elk stack. uma visão geral de logging centralizado em elk stack com foco em agregar logs de vários serviços em um só lugar.
cnt_1187,Entendendo gradient boosting em XGBoost,Data Science,23,entendendo gradient boosting em xgboost. um olhar prático sobre gradient boosting em xgboost essencial para combinar modelos fracos em um modelo preditivo forte.
cnt_1188,Por que Firebase Cloud Messaging importa em notificações push,Mobile,28,por que firebase cloud messaging importa em notificações push. conceitos-chave por trás de firebase cloud messaging em notificações push relevantes para reengajar usuários mesmo com o app fechado.
cnt_1189,Regularização a fundo: penalidades L1 e L2,Data Science,30,regularização a fundo penalidades l1 e l2. notas práticas sobre penalidades l1 e l2 usando regularização com o objetivo de evitar que um modelo sofra overfitting nos dados de treino.
cnt_1190,Boas práticas de API gateways para roteamento de requisições,Backend,28,boas práticas de api gateways para roteamento de requisições. uma visão geral de roteamento de requisições em api gateways com foco em centralizar autenticação e throttling para microsserviços.
cnt_1191,Boas práticas de NestJS para decorators customizados,Backend,25,boas práticas de nestjs para decorators customizados. uma visão geral de decorators customizados em nestjs com foco em encapsular lógica repetida de tratamento de requisições.
cnt_1192,IAM na nuvem: acesso de privilégio mínimo,Cloud,31,iam na nuvem acesso de privilégio mínimo. uma visão geral de acesso de privilégio mínimo em iam na nuvem com foco em conceder apenas as permissões que um recurso realmente precisa.
cnt_1193,Grupos de auto scaling a fundo: políticas de escalonamento,DevOps,30,grupos de auto scaling a fundo políticas de escalonamento. um olhar prático sobre políticas de escalonamento em grupos de auto scaling essencial para adicionar ou remover instâncias conforme a demanda.
cnt_1194,Boas práticas de onboarding de app para experiência de primeiro uso,Mobile,32,boas práticas de onboarding de app para experiência de primeiro uso. uma visão geral de experiência de primeiro uso em onboarding de app com foco em guiar novos usuários pelas funcionalidades principais.
cnt_1195,Um guia prático de o event loop,Backend,28,um guia prático de o event loop. uma visão geral de o event loop em node.js com foco em lidar com milhares de conexões simultâneas sem bloquear threads.
cnt_1196,Kubernetes a fundo: autoscaling horizontal de pods,DevOps,25,kubernetes a fundo autoscaling horizontal de pods. um olhar prático sobre autoscaling horizontal de pods em kubernetes essencial para ajustar réplicas automaticamente conforme a carga.
cnt_1197,Armazenamento seguro em iOS e Android,Mobile,23,armazenamento seguro em ios e android. armazenando tokens e credenciais sensíveis de usuário usando o keychain no ios e o encryptedsharedpreferences no android.
cnt_1198,Entendendo distribuições a priori e a posteriori em inferência bayesiana,Data Science,36,entendendo distribuições a priori e a posteriori em inferência bayesiana. conceitos-chave por trás de distribuições a priori e a posteriori em inferência bayesiana relevantes para atualizar crenças sobre um parâmetro à medida que os dados chegam.
cnt_1199,Ruby on Rails a fundo: callbacks do Active Record,Backend,33,ruby on rails a fundo callbacks do active record. conceitos-chave por trás de callbacks do active record em ruby on rails relevantes para executar lógica customizada antes ou depois de salvar um registro.
cnt_1200,Um guia prático de propriedades ACID,Databases,26,um guia prático de propriedades acid. conceitos-chave por trás de propriedades acid em transações relevantes para garantir consistência mesmo quando operações falham no meio do caminho.
cnt_1201,Deploys blue-green a fundo: releases sem downtime,DevOps,25,deploys blue-green a fundo releases sem downtime. um olhar prático sobre releases sem downtime em deploys blue-green essencial para alternar tráfego entre dois ambientes idênticos.
cnt_1202,Entendendo K-means em clustering,Data Science,22,entendendo k-means em clustering. uma visão geral de k-means em clustering com foco em agrupar pontos de dados semelhantes sem exemplos rotulados.
cnt_1203,Um guia prático de API de alto nível do Keras,Data Science,29,um guia prático de api de alto nível do keras. explorando api de alto nível do keras com tensorflow como uma forma de prototipar modelos de deep learning rapidamente.
cnt_1204,Deploys blue-green: releases sem downtime,DevOps,23,deploys blue-green releases sem downtime. um olhar prático sobre releases sem downtime em deploys blue-green essencial para alternar tráfego entre dois ambientes idênticos.
cnt_1205,CSS-in-JS a fundo: styled-components,Frontend,20,css-in-js a fundo styled-components. um olhar prático sobre styled-components em css-in-js essencial para restringir estilos diretamente a componentes react individuais.
cnt_1206,Primeiros passos com PostgreSQL,Databases,24,primeiros passos com postgresql. notas práticas sobre estratégias de indexação usando postgresql com o objetivo de acelerar o desempenho de consultas em tabelas grandes.
cnt_1207,Entendendo Debezium em Change Data Capture,Data Engineering,30,entendendo debezium em change data capture. como change data capture lida com debezium útil para capturar mudanças em nível de linha a partir de um banco de dados de origem.
cnt_1208,Entendendo design de schema em MongoDB,Databases,25,entendendo design de schema em mongodb. conceitos-chave por trás de design de schema em mongodb relevantes para modelar documentos para dados flexíveis e em evolução.
cnt_1209,Primeiros passos com data warehousing,Databases,24,primeiros passos com data warehousing. notas práticas sobre design de star schema usando data warehousing com o objetivo de otimizar tabelas para consultas analíticas.
cnt_1210,Entendendo otimização de consultas em MySQL,Databases,22,entendendo otimização de consultas em mysql. como mysql lida com otimização de consultas útil para reescrever consultas lentas usando planos do explain.
cnt_1211,Primeiros passos com Vue.js,Frontend,26,primeiros passos com vue.js. explorando a composition api com vue.js como uma forma de organizar a lógica de componentes por funcionalidade em vez de por opção.
cnt_1212,Um guia prático de frameworks de automação de UI,Mobile,31,um guia prático de frameworks de automação de ui. um olhar prático sobre frameworks de automação de ui em testes mobile essencial para rodar testes end-to-end em dispositivos reais e simuladores.
cnt_1213,Entendendo cadeias de middleware em Express.js,Backend,29,entendendo cadeias de middleware em express.js. uma visão geral de cadeias de middleware em express.js com foco em tratar autenticação logging e erros em um único pipeline de requisição.
cnt_1214,Nesting e variáveis no SASS,Frontend,22,nesting e variáveis no sass. escrevendo css modular e limpo com o pré-processador sass. usando nesting variáveis mixins e herança em stylesheets.
cnt_1215,Primeiros passos com Spring Boot,Backend,25,primeiros passos com spring boot. explorando injeção de dependência com spring boot como uma forma de conectar serviços e repositórios automaticamente por meio de anotações.
cnt_1216,Boas práticas de arquivos Parquet para armazenamento colunar,Data Engineering,23,boas práticas de arquivos parquet para armazenamento colunar. como arquivos parquet lida com armazenamento colunar útil para acelerar consultas analíticas em grandes datasets.
cnt_1217,Entendendo distribuição de tráfego globalmente em balanceadores de carga na nuvem,Cloud,36,entendendo distribuição de tráfego globalmente em balanceadores de carga na nuvem. notas práticas sobre distribuição de tráfego globalmente usando balanceadores de carga na nuvem com o objetivo de rotear usuários para a região saudável mais próxima.
cnt_1218,Por que stacking classifiers importa em métodos ensemble,Data Science,27,por que stacking classifiers importa em métodos ensemble. uma visão geral de stacking classifiers em métodos ensemble com foco em combinar vários modelos para melhorar a acurácia.
cnt_1219,Por que resultados de consulta pré-computados importa em views materializadas,Databases,27,por que resultados de consulta pré-computados importa em views materializadas. um olhar prático sobre resultados de consulta pré-computados em views materializadas essencial para acelerar consultas agregadas custosas.
cnt_1220,Data augmentation de texto em NLP,Data Science,23,data augmentation de texto em nlp. aumentando o tamanho de datasets de treino de texto usando back-translation substituição de sinônimos e remoção aleatória.
cnt_1221,Boas práticas de renderização no navegador para o caminho crítico de renderização,Frontend,37,boas práticas de renderização no navegador para o caminho crítico de renderização. conceitos-chave por trás de o caminho crítico de renderização em renderização no navegador relevantes para entender como html css e js se transformam em pixels.
cnt_1222,Sistemas de recomendação a fundo: filtragem colaborativa,Data Science,29,sistemas de recomendação a fundo filtragem colaborativa. notas práticas sobre filtragem colaborativa usando sistemas de recomendação com o objetivo de sugerir itens com base em comportamentos de usuários semelhantes.
cnt_1223,Aplicativos para wearables: watchOS e Wear OS,Mobile,28,aplicativos para wearables watchos e wear os. como aplicativos para wearables lida com watchos e wear os útil para estender a experiência de um app mobile para smartwatches.
cnt_1224,Primeiros passos com WebSockets,Backend,25,primeiros passos com websockets. conceitos-chave por trás de comunicação em tempo real em websockets relevantes para enviar atualizações em tempo real aos clientes sem polling.
cnt_1225,Entendendo autenticação sem estado em JWT,Backend,25,entendendo autenticação sem estado em jwt. explorando autenticação sem estado com jwt como uma forma de emitir tokens assinados em vez de sessões no servidor.
cnt_1226,Governança de dados: políticas de controle de acesso,Data Engineering,29,governança de dados políticas de controle de acesso. como governança de dados lida com políticas de controle de acesso útil para controlar quem pode ver ou modificar datasets sensíveis.
cnt_1227,Por que segurança em nível de linha importa em segurança de banco de dados,Databases,36,por que segurança em nível de linha importa em segurança de banco de dados. como segurança de banco de dados lida com segurança em nível de linha útil para restringir quais linhas um usuário pode acessar.
cnt_1228,Primeiros passos com scikit-learn,Data Science,23,primeiros passos com scikit-learn. conceitos-chave por trás de validação cruzada em scikit-learn relevantes para obter uma estimativa mais confiável do desempenho do modelo.
cnt_1229,Runtime de borda do Cloudflare Workers,Cloud,19,runtime de borda do cloudflare workers. construindo aplicações serverless diretamente em servidores de borda de cdn com latência ultrabaixa.
cnt_1230,ORMs: o problema de consultas N+1,Databases,30,orms o problema de consultas n+1. como orms lida com o problema de consultas n+1 útil para evitar idas e vindas excessivas ao banco de dados causadas por lazy loading.
cnt_1231,Entendendo probes de readiness e liveness em orquestração de containers,DevOps,33,entendendo probes de readiness e liveness em orquestração de containers. conceitos-chave por trás de probes de readiness e liveness em orquestração de containers relevantes para informar ao kubernetes quando um pod está saudável.
cnt_1232,Por que propriedades ACID importa em transações,Databases,28,por que propriedades acid importa em transações. notas práticas sobre propriedades acid usando transações com o objetivo de garantir consistência mesmo quando operações falham no meio do caminho.
cnt_1233,Boas práticas de busca full-text para tsvector do PostgreSQL,Databases,35,boas práticas de busca full-text para tsvector do postgresql. um olhar prático sobre tsvector do postgresql em busca full-text essencial para buscar em campos de texto grandes de forma eficiente dentro do banco de dados.
cnt_1234,Por que gradient boosting importa em XGBoost,Data Science,26,por que gradient boosting importa em xgboost. notas práticas sobre gradient boosting usando xgboost com o objetivo de combinar modelos fracos em um modelo preditivo forte.
cnt_1235,Entendendo agendamento de DAGs em Apache Airflow,Data Engineering,28,entendendo agendamento de dags em apache airflow. notas práticas sobre agendamento de dags usando apache airflow com o objetivo de orquestrar tarefas dependentes de um pipeline de dados.
cnt_1236,Message brokers: partições do Kafka,Data Engineering,25,message brokers partições do kafka. conceitos-chave por trás de partições do kafka em message brokers relevantes para escalar o consumo de eventos entre vários consumidores.
cnt_1237,Entendendo transformação de dados no warehouse em pipelines ELT,Data Engineering,30,entendendo transformação de dados no warehouse em pipelines elt. como pipelines elt lida com transformação de dados no warehouse útil para aproveitar o poder de computação do warehouse para transformações.
cnt_1238,Entendendo tarefas idempotentes em pipelines de dados,Data Engineering,27,entendendo tarefas idempotentes em pipelines de dados. conceitos-chave por trás de tarefas idempotentes em pipelines de dados relevantes para reexecutar um pipeline com segurança sem duplicar dados.
cnt_1239,Criação de Triggers em PL/SQL,Databases,23,criação de triggers em pl sql. escrevendo triggers avançados no oracle ou postgresql para automatizar a validação de dados em mutações de tabela.
cnt_1240,Primeiros passos com armazenamento de objetos,Cloud,25,primeiros passos com armazenamento de objetos. conceitos-chave por trás de versionamento e imutabilidade em armazenamento de objetos relevantes para proteger dados armazenados contra exclusão acidental.
cnt_1241,Entendendo templates de manifests do Kubernetes em Helm charts,DevOps,26,entendendo templates de manifests do kubernetes em helm charts. explorando templates de manifests do kubernetes com helm charts como uma forma de reutilizar configuração entre ambientes.
cnt_1242,Arquiteturas serverless: latência de cold start,Cloud,29,arquiteturas serverless latência de cold start. notas práticas sobre latência de cold start usando arquiteturas serverless com o objetivo de entender as vantagens e desvantagens da computação por uso.
cnt_1243,CI/CD mobile: automação com Fastlane,Mobile,27,ci cd mobile automação com fastlane. notas práticas sobre automação com fastlane usando ci cd mobile com o objetivo de automatizar builds assinatura e envio às lojas.
cnt_1244,Web Components: o Shadow DOM,Frontend,29,web components o shadow dom. notas práticas sobre o shadow dom usando web components com o objetivo de encapsular estilos para que não vazem para o resto da página.
cnt_1245,Por que views declarativas do SwiftUI importa em Swift,Mobile,30,por que views declarativas do swiftui importa em swift. um olhar prático sobre views declarativas do swiftui em swift essencial para construir interfaces ios com menos código imperativo do uikit.
cnt_1246,Boas práticas de versionamento de API para compatibilidade retroativa,Backend,30,boas práticas de versionamento de api para compatibilidade retroativa. uma visão geral de compatibilidade retroativa em versionamento de api com foco em evitar breaking changes para consumidores existentes da api.
cnt_1247,Change Data Capture: streaming de mudanças de banco de dados,Databases,34,change data capture streaming de mudanças de banco de dados. explorando streaming de mudanças de banco de dados com change data capture como uma forma de propagar atualizações para outros sistemas em tempo real.
cnt_1248,NumPy a fundo: operações vetorizadas,Data Science,22,numpy a fundo operações vetorizadas. uma visão geral de operações vetorizadas em numpy com foco em acelerar cálculos numéricos sem loops explícitos.
cnt_1249,Pipelines de agregação no MongoDB,Databases,17,pipelines de agregação no mongodb. construindo pipelines de agregação multi-estágio avançados estágios match group lookup e project.
cnt_1250,Primeiros passos com Apache Airflow,Data Engineering,25,primeiros passos com apache airflow. conceitos-chave por trás de agendamento de dags em apache airflow relevantes para orquestrar tarefas dependentes de um pipeline de dados.
cnt_1251,Entendendo error budgets em práticas de SRE,DevOps,28,entendendo error budgets em práticas de sre. explorando error budgets com práticas de sre como uma forma de equilibrar trabalho de confiabilidade e velocidade de entrega de features.
cnt_1252,Design systems a fundo: bibliotecas de componentes,Frontend,25,design systems a fundo bibliotecas de componentes. como design systems lida com bibliotecas de componentes útil para manter consistência visual entre equipes de produto grandes.
cnt_1253,Entendendo rollback automatizado em pipelines de CI/CD,DevOps,28,entendendo rollback automatizado em pipelines de ci cd. como pipelines de ci cd lida com rollback automatizado útil para reverter automaticamente um deploy ruim em caso de falha.
cnt_1254,Sincronização offline em apps mobile,Mobile,25,sincronização offline em apps mobile. projetando filas de sincronização para enviar mudanças de banco de dados offline em cache assim que a conectividade for restaurada.
cnt_1255,Boas práticas de normalização de banco de dados para redução de redundância,Databases,34,boas práticas de normalização de banco de dados para redução de redundância. notas práticas sobre redução de redundância usando normalização de banco de dados com o objetivo de organizar tabelas para evitar dados duplicados.
cnt_1256,Boas práticas de validação de formulários para validadores baseados em schema,Frontend,32,boas práticas de validação de formulários para validadores baseados em schema. um olhar prático sobre validadores baseados em schema em validação de formulários essencial para manter regras de validação consistentes entre campos.
cnt_1257,Por que relacionamentos no Neo4j importa em bancos de dados de grafo,Databases,35,por que relacionamentos no neo4j importa em bancos de dados de grafo. uma visão geral de relacionamentos no neo4j em bancos de dados de grafo com foco em modelar dados altamente conectados como redes sociais.
cnt_1258,Por que testes unitários de transformações importa em teste de pipeline de dados,Data Engineering,36,por que testes unitários de transformações importa em teste de pipeline de dados. como teste de pipeline de dados lida com testes unitários de transformações útil para detectar bugs antes que cheguem aos dados de produção.
cnt_1259,Primeiros passos com micro frontends,Frontend,25,primeiros passos com micro frontends. explorando module federation com micro frontends como uma forma de permitir que equipes independentes publiquem partes da mesma aplicação web.
cnt_1260,Armazenamento de objetos: versionamento e imutabilidade,Cloud,25,armazenamento de objetos versionamento e imutabilidade. um olhar prático sobre versionamento e imutabilidade em armazenamento de objetos essencial para proteger dados armazenados contra exclusão acidental.
cnt_1261,Redis a fundo: session storage,Backend,27,redis a fundo session storage. uma visão geral de session storage em redis com foco em compartilhar o estado de login entre várias instâncias do servidor backend.
cnt_1262,Por que valores SHAP importa em interpretabilidade de modelos,Data Science,28,por que valores shap importa em interpretabilidade de modelos. conceitos-chave por trás de valores shap em interpretabilidade de modelos relevantes para explicar previsões individuais de um modelo complexo.
cnt_1263,Um guia prático de penalidades L1 e L2,Data Science,31,um guia prático de penalidades l1 e l2. uma visão geral de penalidades l1 e l2 em regularização com foco em evitar que um modelo sofra overfitting nos dados de treino.
cnt_1264,Um guia prático de versionamento e imutabilidade,Cloud,27,um guia prático de versionamento e imutabilidade. uma visão geral de versionamento e imutabilidade em armazenamento de objetos com foco em proteger dados armazenados contra exclusão acidental.
cnt_1265,Teste A/B a fundo: significância estatística,Data Science,29,teste a b a fundo significância estatística. explorando significância estatística com teste a b como uma forma de decidir se uma diferença observada é real ou fruto do acaso.
cnt_1266,Um guia prático de experiência de primeiro uso,Mobile,29,um guia prático de experiência de primeiro uso. notas práticas sobre experiência de primeiro uso usando onboarding de app com o objetivo de guiar novos usuários pelas funcionalidades principais.
cnt_1267,Primeiros passos com animações,Frontend,22,primeiros passos com animações. um olhar prático sobre a web animations api em animações essencial para criar transições suaves sem bibliotecas pesadas.
cnt_1268,Entendendo B-tree vs hash indexes em indexação de banco de dados,Databases,37,entendendo b-tree vs hash indexes em indexação de banco de dados. explorando b-tree vs hash indexes com indexação de banco de dados como uma forma de escolher o tipo certo de índice para um padrão de consulta.
cnt_1269,Boas práticas de GitOps para deploys declarativos,DevOps,29,boas práticas de gitops para deploys declarativos. uma visão geral de deploys declarativos em gitops com foco em usar o git como única fonte de verdade para a infraestrutura.
cnt_1270,Boas práticas de suporte offline em mobile para estratégias de cache local,Mobile,36,boas práticas de suporte offline em mobile para estratégias de cache local. um olhar prático sobre estratégias de cache local em suporte offline em mobile essencial para manter o app utilizável sem conexão com a internet.
cnt_1271,Um guia prático de universal links,Mobile,30,um guia prático de universal links. conceitos-chave por trás de universal links em deep linking relevantes para abrir uma tela específica de um app diretamente a partir de uma url.
cnt_1272,Por que versionamento e imutabilidade importa em armazenamento de objetos,Cloud,30,por que versionamento e imutabilidade importa em armazenamento de objetos. notas práticas sobre versionamento e imutabilidade usando armazenamento de objetos com o objetivo de proteger dados armazenados contra exclusão acidental.
cnt_1273,Renderização no navegador a fundo: o caminho crítico de renderização,Frontend,34,renderização no navegador a fundo o caminho crítico de renderização. explorando o caminho crítico de renderização com renderização no navegador como uma forma de entender como html css e js se transformam em pixels.
cnt_1274,Boas práticas de Android para o ciclo de vida da Activity,Mobile,35,boas práticas de android para o ciclo de vida da activity. como android lida com o ciclo de vida da activity útil para gerenciar o estado corretamente quando telas giram ou vão para segundo plano.
cnt_1275,Primeiros passos com práticas de SRE,DevOps,28,primeiros passos com práticas de sre. um olhar prático sobre error budgets em práticas de sre essencial para equilibrar trabalho de confiabilidade e velocidade de entrega de features.
cnt_1276,Entendendo o Shadow DOM em Web Components,Frontend,31,entendendo o shadow dom em web components. uma visão geral de o shadow dom em web components com foco em encapsular estilos para que não vazem para o resto da página.
cnt_1277,Primeiros passos com Apache Spark,Data Engineering,24,primeiros passos com apache spark. um olhar prático sobre processamento de dados distribuído em apache spark essencial para transformar grandes datasets em um cluster.
cnt_1278,Primeiros passos com onboarding de app,Mobile,26,primeiros passos com onboarding de app. conceitos-chave por trás de experiência de primeiro uso em onboarding de app relevantes para guiar novos usuários pelas funcionalidades principais.
cnt_1279,Entendendo integração com APIs da plataforma em módulos nativos,Mobile,34,entendendo integração com apis da plataforma em módulos nativos. um olhar prático sobre integração com apis da plataforma em módulos nativos essencial para expor acesso à câmera ou a sensores para um app multiplataforma.
cnt_1280,Versionamento de API a fundo: compatibilidade retroativa,Backend,26,versionamento de api a fundo compatibilidade retroativa. explorando compatibilidade retroativa com versionamento de api como uma forma de evitar breaking changes para consumidores existentes da api.
cnt_1281,Primeiros passos com orquestração de dados,Data Engineering,26,primeiros passos com orquestração de dados. como orquestração de dados lida com retries de tarefas e backoff útil para lidar com falhas transitórias em pipelines agendados.
cnt_1282,Amazon S3 a fundo: políticas de ciclo de vida de armazenamento de objetos,Cloud,41,amazon s3 a fundo políticas de ciclo de vida de armazenamento de objetos. conceitos-chave por trás de políticas de ciclo de vida de armazenamento de objetos em amazon s3 relevantes para arquivar automaticamente dados antigos em camadas de armazenamento mais baratas.
cnt_1283,Por que significância estatística importa em teste A/B,Data Science,30,por que significância estatística importa em teste a b. como teste a b lida com significância estatística útil para decidir se uma diferença observada é real ou fruto do acaso.
cnt_1284,Boas práticas de canary releases para rollout gradual,DevOps,31,boas práticas de canary releases para rollout gradual. uma visão geral de rollout gradual em canary releases com foco em expor uma nova versão a um pequeno subconjunto de usuários primeiro.
cnt_1285,Por que Word2Vec e GloVe importa em word embeddings,Data Science,30,por que word2vec e glove importa em word embeddings. uma visão geral de word2vec e glove em word embeddings com foco em representar palavras como vetores densos que capturam significado.
cnt_1286,Entendendo failover multi-região em recuperação de desastres na nuvem,Cloud,31,entendendo failover multi-região em recuperação de desastres na nuvem. notas práticas sobre failover multi-região usando recuperação de desastres na nuvem com o objetivo de manter sistemas disponíveis durante uma falha regional.
cnt_1287,Verificações de qualidade de dados: regras de validação,Data Engineering,30,verificações de qualidade de dados regras de validação. como verificações de qualidade de dados lida com regras de validação útil para detectar dados ruins antes que cheguem aos sistemas seguintes.
cnt_1288,Boas práticas de clustering para K-means,Data Science,23,boas práticas de clustering para k-means. conceitos-chave por trás de k-means em clustering relevantes para agrupar pontos de dados semelhantes sem exemplos rotulados.
cnt_1289,Clustering: K-means,Data Science,17,clustering k-means. como clustering lida com k-means útil para agrupar pontos de dados semelhantes sem exemplos rotulados.
cnt_1290,Boas práticas de bancos de dados em nuvem para serviços de banco de dados gerenciados,Cloud,41,boas práticas de bancos de dados em nuvem para serviços de banco de dados gerenciados. um olhar prático sobre serviços de banco de dados gerenciados em bancos de dados em nuvem essencial para delegar backups e atualizações ao provedor de nuvem.
cnt_1291,Entendendo suporte a tablets e dobráveis em layouts adaptativos,Mobile,34,entendendo suporte a tablets e dobráveis em layouts adaptativos. notas práticas sobre suporte a tablets e dobráveis usando layouts adaptativos com o objetivo de projetar ui que se ajusta a diferentes tamanhos de tela.
cnt_1292,Boas práticas de Ruby on Rails para callbacks do Active Record,Backend,36,boas práticas de ruby on rails para callbacks do active record. notas práticas sobre callbacks do active record usando ruby on rails com o objetivo de executar lógica customizada antes ou depois de salvar um registro.
cnt_1293,Um guia prático de evitar vendor lock-in,Cloud,26,um guia prático de evitar vendor lock-in. um olhar prático sobre evitar vendor lock-in em estratégia multi-cloud essencial para projetar sistemas portáveis entre provedores de nuvem.
cnt_1294,Registries de containers a fundo: escaneamento de imagens,DevOps,29,registries de containers a fundo escaneamento de imagens. uma visão geral de escaneamento de imagens em registries de containers com foco em detectar vulnerabilidades antes de implantar um container.
cnt_1295,Boas práticas de tratamento de formulários para inputs controlados vs não controlados,Frontend,37,boas práticas de tratamento de formulários para inputs controlados vs não controlados. notas práticas sobre inputs controlados vs não controlados usando tratamento de formulários com o objetivo de decidir como gerenciar o estado de formulários no react.
cnt_1296,Auto scaling: escalonamento baseado em métricas customizadas,Cloud,29,auto scaling escalonamento baseado em métricas customizadas. conceitos-chave por trás de escalonamento baseado em métricas customizadas em auto scaling relevantes para reagir a sinais de carga específicos da aplicação.
cnt_1297,Boas práticas de Apache Flink para processamento de streams com estado,Data Engineering,33,boas práticas de apache flink para processamento de streams com estado. notas práticas sobre processamento de streams com estado usando apache flink com o objetivo de manter estado entre eventos em tempo real.
cnt_1298,Por que particionamento horizontal importa em sharding de banco de dados,Databases,33,por que particionamento horizontal importa em sharding de banco de dados. notas práticas sobre particionamento horizontal usando sharding de banco de dados com o objetivo de dividir uma tabela grande entre vários servidores.
cnt_1299,Arquivos Parquet a fundo: armazenamento colunar,Data Engineering,24,arquivos parquet a fundo armazenamento colunar. uma visão geral de armazenamento colunar em arquivos parquet com foco em acelerar consultas analíticas em grandes datasets.
cnt_1300,Por que frameworks de automação de UI importa em testes mobile,Mobile,33,por que frameworks de automação de ui importa em testes mobile. conceitos-chave por trás de frameworks de automação de ui em testes mobile relevantes para rodar testes end-to-end em dispositivos reais e simuladores.
cnt_1301,Primeiros passos com aplicativos para wearables,Mobile,30,primeiros passos com aplicativos para wearables. notas práticas sobre watchos e wear os usando aplicativos para wearables com o objetivo de estender a experiência de um app mobile para smartwatches.
cnt_1302,Boas práticas de redução de dimensionalidade para PCA,Data Science,29,boas práticas de redução de dimensionalidade para pca. notas práticas sobre pca usando redução de dimensionalidade com o objetivo de comprimir muitas features em menos componentes com perda mínima.
cnt_1303,Por que distribuição de tráfego globalmente importa em balanceadores de carga na nuvem,Cloud,35,por que distribuição de tráfego globalmente importa em balanceadores de carga na nuvem. como balanceadores de carga na nuvem lida com distribuição de tráfego globalmente útil para rotear usuários para a região saudável mais próxima.
cnt_1304,Um guia prático de cache de pipeline,DevOps,25,um guia prático de cache de pipeline. um olhar prático sobre cache de pipeline em gitlab ci essencial para acelerar builds reutilizando dependências entre execuções.
cnt_1305,Layouts adaptativos a fundo: suporte a tablets e dobráveis,Mobile,31,layouts adaptativos a fundo suporte a tablets e dobráveis. como layouts adaptativos lida com suporte a tablets e dobráveis útil para projetar ui que se ajusta a diferentes tamanhos de tela.
cnt_1306,Boas práticas de Chaos Engineering para testes de injeção de falhas,DevOps,32,boas práticas de chaos engineering para testes de injeção de falhas. como chaos engineering lida com testes de injeção de falhas útil para verificar se os sistemas se recuperam bem de falhas.
cnt_1307,Primeiros passos com deep linking,Mobile,27,primeiros passos com deep linking. como deep linking lida com universal links útil para abrir uma tela específica de um app diretamente a partir de uma url.
cnt_1308,Entendendo gerenciamento de tráfego com Istio em service mesh,DevOps,28,entendendo gerenciamento de tráfego com istio em service mesh. conceitos-chave por trás de gerenciamento de tráfego com istio em service mesh relevantes para controlar a comunicação entre microsserviços.
cnt_1309,Entendendo atributos ARIA em acessibilidade (a11y),Frontend,27,entendendo atributos aria em acessibilidade a11y . uma visão geral de atributos aria em acessibilidade a11y com foco em tornar widgets interativos utilizáveis com leitores de tela.
cnt_1310,Automatizando versionamento semântico,DevOps,17,automatizando versionamento semântico. usando semantic-release e conventional commits para automatizar incrementos de versão e geração de changelog.
cnt_1311,Boas práticas de Spring Boot para injeção de dependência,Backend,31,boas práticas de spring boot para injeção de dependência. uma visão geral de injeção de dependência em spring boot com foco em conectar serviços e repositórios automaticamente por meio de anotações.
cnt_1312,Grupos de auto scaling: políticas de escalonamento,DevOps,28,grupos de auto scaling políticas de escalonamento. um olhar prático sobre políticas de escalonamento em grupos de auto scaling essencial para adicionar ou remover instâncias conforme a demanda.
cnt_1313,Entendendo estratégias de cache local em suporte offline em mobile,Mobile,33,entendendo estratégias de cache local em suporte offline em mobile. explorando estratégias de cache local com suporte offline em mobile como uma forma de manter o app utilizável sem conexão com a internet.
cnt_1314,Por que universal links importa em deep linking,Mobile,31,por que universal links importa em deep linking. explorando universal links com deep linking como uma forma de abrir uma tela específica de um app diretamente a partir de uma url.
cnt_1315,Otimização de bateria: agendamento de tarefas em segundo plano,Mobile,35,otimização de bateria agendamento de tarefas em segundo plano. conceitos-chave por trás de agendamento de tarefas em segundo plano em otimização de bateria relevantes para minimizar o consumo de energia por atividades em segundo plano.
cnt_1316,Boas práticas de chaves de idempotência para retries seguros,Backend,30,boas práticas de chaves de idempotência para retries seguros. notas práticas sobre retries seguros usando chaves de idempotência com o objetivo de evitar efeitos colaterais duplicados quando clientes reenviam requisições.
cnt_1317,Pipelines de dados a fundo: tarefas idempotentes,Data Engineering,26,pipelines de dados a fundo tarefas idempotentes. explorando tarefas idempotentes com pipelines de dados como uma forma de reexecutar um pipeline com segurança sem duplicar dados.
cnt_1318,Primeiros passos com previsão de séries temporais,Data Science,28,primeiros passos com previsão de séries temporais. um olhar prático sobre modelos arima em previsão de séries temporais essencial para prever valores futuros com base em padrões históricos.
cnt_1319,Um guia prático de media queries,Frontend,26,um guia prático de media queries. explorando media queries com design responsivo como uma forma de adaptar layouts entre os breakpoints de mobile tablet e desktop.
cnt_1320,Boas práticas de particionamento de banco de dados para particionamento por faixa (range),Databases,38,boas práticas de particionamento de banco de dados para particionamento por faixa range . conceitos-chave por trás de particionamento por faixa range em particionamento de banco de dados relevantes para dividir tabelas grandes por data ou outra chave.
cnt_1321,Primeiros passos com indexação de banco de dados,Databases,36,primeiros passos com indexação de banco de dados. notas práticas sobre b-tree vs hash indexes usando indexação de banco de dados com o objetivo de escolher o tipo certo de índice para um padrão de consulta.
cnt_1322,Drag and drop: a API HTML5 de Drag and Drop,Frontend,35,drag and drop a api html5 de drag and drop. um olhar prático sobre a api html5 de drag and drop em drag and drop essencial para construir listas ordenáveis e quadros kanban no navegador.
cnt_1323,Por que redução de redundância importa em normalização de banco de dados,Databases,33,por que redução de redundância importa em normalização de banco de dados. um olhar prático sobre redução de redundância em normalização de banco de dados essencial para organizar tabelas para evitar dados duplicados.
cnt_1324,Primeiros passos com NestJS,Backend,20,primeiros passos com nestjs. explorando decorators customizados com nestjs como uma forma de encapsular lógica repetida de tratamento de requisições.
cnt_1325,Datasets desbalanceados a fundo: oversampling com SMOTE,Data Science,26,datasets desbalanceados a fundo oversampling com smote. notas práticas sobre oversampling com smote usando datasets desbalanceados com o objetivo de lidar com classes com poucos exemplos.
cnt_1326,Um guia prático de deploys declarativos,DevOps,28,um guia prático de deploys declarativos. uma visão geral de deploys declarativos em gitops com foco em usar o git como única fonte de verdade para a infraestrutura.
cnt_1327,Primeiros passos com Kotlin,Mobile,23,primeiros passos com kotlin. conceitos-chave por trás de jetpack compose em kotlin relevantes para escrever interfaces android de forma declarativa sem layouts xml.
cnt_1328,Server Actions do React,Frontend,25,server actions do react. como executar consultas de banco de dados e alterar dados diretamente dentro de react server components usando server actions no next.js.
cnt_1329,Boas práticas de datasets desbalanceados para oversampling com SMOTE,Data Science,26,boas práticas de datasets desbalanceados para oversampling com smote. explorando oversampling com smote com datasets desbalanceados como uma forma de lidar com classes com poucos exemplos.
cnt_1330,Boas práticas de React Native para a arquitetura de bridge,Mobile,34,boas práticas de react native para a arquitetura de bridge. explorando a arquitetura de bridge com react native como uma forma de permitir que o javascript se comunique com módulos nativos ios e android.
cnt_1331,Processamento em lote: jobs de dados agendados,Data Engineering,27,processamento em lote jobs de dados agendados. explorando jobs de dados agendados com processamento em lote como uma forma de rodar grandes transformações em um cronograma fixo.
cnt_1332,Pipelines ELT a fundo: transformação de dados no warehouse,Data Engineering,32,pipelines elt a fundo transformação de dados no warehouse. conceitos-chave por trás de transformação de dados no warehouse em pipelines elt relevantes para aproveitar o poder de computação do warehouse para transformações.
cnt_1333,Entendendo session storage em Redis,Backend,26,entendendo session storage em redis. um olhar prático sobre session storage em redis essencial para compartilhar o estado de login entre várias instâncias do servidor backend.
cnt_1334,Change Data Capture a fundo: streaming de mudanças de banco de dados,Databases,35,change data capture a fundo streaming de mudanças de banco de dados. como change data capture lida com streaming de mudanças de banco de dados útil para propagar atualizações para outros sistemas em tempo real.
cnt_1335,Entendendo filtragem colaborativa em sistemas de recomendação,Data Science,29,entendendo filtragem colaborativa em sistemas de recomendação. uma visão geral de filtragem colaborativa em sistemas de recomendação com foco em sugerir itens com base em comportamentos de usuários semelhantes.
cnt_1336,Entendendo fluxos de autorização em OAuth2,Backend,26,entendendo fluxos de autorização em oauth2. explorando fluxos de autorização com oauth2 como uma forma de delegar acesso sem compartilhar a senha do usuário com terceiros.
cnt_1337,Performance de Stylesheet no React Native,Mobile,22,performance de stylesheet no react native. por que usar stylesheet.create tem melhor performance do que objetos de estilo inline no react native.
cnt_1338,Entendendo Protocol Buffers em gRPC,Backend,22,entendendo protocol buffers em grpc. explorando protocol buffers com grpc como uma forma de definir contratos de serviço fortemente tipados entre linguagens.
cnt_1339,Inferência bayesiana a fundo: distribuições a priori e a posteriori,Data Science,35,inferência bayesiana a fundo distribuições a priori e a posteriori. explorando distribuições a priori e a posteriori com inferência bayesiana como uma forma de atualizar crenças sobre um parâmetro à medida que os dados chegam.
cnt_1340,Bancos de dados de grafo a fundo: relacionamentos no Neo4j,Databases,31,bancos de dados de grafo a fundo relacionamentos no neo4j. explorando relacionamentos no neo4j com bancos de dados de grafo como uma forma de modelar dados altamente conectados como redes sociais.
cnt_1341,Um guia prático de prevenção de deadlocks,Databases,29,um guia prático de prevenção de deadlocks. conceitos-chave por trás de prevenção de deadlocks em bloqueio de banco de dados locking relevantes para evitar transações que se bloqueiam indefinidamente.
cnt_1342,Um guia prático de segurança em nível de linha,Databases,34,um guia prático de segurança em nível de linha. uma visão geral de segurança em nível de linha em segurança de banco de dados com foco em restringir quais linhas um usuário pode acessar.
cnt_1343,Boas práticas de service mesh para gerenciamento de tráfego com Istio,DevOps,31,boas práticas de service mesh para gerenciamento de tráfego com istio. uma visão geral de gerenciamento de tráfego com istio em service mesh com foco em controlar a comunicação entre microsserviços.
cnt_1344,Por que gerenciamento de estado importa em Terraform,DevOps,28,por que gerenciamento de estado importa em terraform. notas práticas sobre gerenciamento de estado usando terraform com o objetivo de rastrear mudanças de infraestrutura com segurança entre equipes.
cnt_1345,Entendendo o padrão reducer em Redux,Frontend,23,entendendo o padrão reducer em redux. explorando o padrão reducer com redux como uma forma de gerenciar estado global previsível em aplicações grandes.
cnt_1346,Um guia prático de o padrão Hystrix,Backend,25,um guia prático de o padrão hystrix. conceitos-chave por trás de o padrão hystrix em circuit breakers relevantes para evitar falhas em cascata entre microsserviços.
cnt_1347,Um guia prático de integrações orientadas a eventos,Backend,30,um guia prático de integrações orientadas a eventos. notas práticas sobre integrações orientadas a eventos usando webhooks com o objetivo de notificar sistemas externos quando algo acontece em tempo real.
cnt_1348,Boas práticas de Clean Architecture para separação de camadas,Backend,32,boas práticas de clean architecture para separação de camadas. explorando separação de camadas com clean architecture como uma forma de manter a lógica de domínio independente de frameworks e bancos de dados.
cnt_1349,Um guia prático de a árvore de widgets,Mobile,33,um guia prático de a árvore de widgets. uma visão geral de a árvore de widgets em flutter com foco em construir uis multiplataforma a partir de uma única base de código dart.
cnt_1350,Um guia prático de significância estatística,Data Science,29,um guia prático de significância estatística. conceitos-chave por trás de significância estatística em teste a b relevantes para decidir se uma diferença observada é real ou fruto do acaso.
cnt_1351,Entendendo rolling updates em Kubernetes,DevOps,20,entendendo rolling updates em kubernetes. conceitos-chave por trás de rolling updates em kubernetes relevantes para implantar novas versões sem downtime.
cnt_1352,Otimização do tamanho do app a fundo: redução de código,Mobile,38,otimização do tamanho do app a fundo redução de código. uma visão geral de redução de código em otimização do tamanho do app com foco em reduzir o tamanho do apk e do ipa para downloads mais rápidos.
cnt_1353,Injeção de dependência no FastAPI,Backend,24,injeção de dependência no fastapi. usando depends no fastapi para gerenciar conexões de banco de dados autenticação e instâncias de serviço de forma eficiente.
cnt_1354,Entendendo o padrão Hystrix em circuit breakers,Backend,23,entendendo o padrão hystrix em circuit breakers. como circuit breakers lida com o padrão hystrix útil para evitar falhas em cascata entre microsserviços.
cnt_1355,Boas práticas de OAuth2 para fluxos de autorização,Backend,28,boas práticas de oauth2 para fluxos de autorização. explorando fluxos de autorização com oauth2 como uma forma de delegar acesso sem compartilhar a senha do usuário com terceiros.
cnt_1356,Um guia prático de PCA,Data Science,25,um guia prático de pca. um olhar prático sobre pca em redução de dimensionalidade essencial para comprimir muitas features em menos componentes com perda mínima.
cnt_1357,Um guia prático de Provider e Riverpod,Mobile,31,um guia prático de provider e riverpod. explorando provider e riverpod com gerenciamento de estado multiplataforma como uma forma de compartilhar o estado do app entre widgets flutter de forma limpa.
cnt_1358,Primeiros passos com testes de hipótese estatística,Data Science,26,primeiros passos com testes de hipótese estatística. notas práticas sobre p-values usando testes de hipótese estatística com o objetivo de medir evidências contra uma hipótese nula.
cnt_1359,Entendendo funções serverless em AWS Lambda,Cloud,22,entendendo funções serverless em aws lambda. como aws lambda lida com funções serverless útil para executar código sem provisionar ou gerenciar servidores.
cnt_1360,Nuvem híbrida: conexão entre on-premises e nuvem,Cloud,27,nuvem híbrida conexão entre on-premises e nuvem. conceitos-chave por trás de conexão entre on-premises e nuvem em nuvem híbrida relevantes para estender infraestrutura existente para a nuvem.
cnt_1361,Entendendo desacoplamento de serviços em filas na nuvem,Cloud,28,entendendo desacoplamento de serviços em filas na nuvem. um olhar prático sobre desacoplamento de serviços em filas na nuvem essencial para armazenar mensagens em buffer entre componentes distribuídos.
cnt_1362,Primeiros passos com Celery,Backend,27,primeiros passos com celery. uma visão geral de agendamento de tarefas em segundo plano em celery com foco em rodar jobs periódicos fora do processo web principal.
cnt_1363,Primeiros passos com rede em mobile,Mobile,30,primeiros passos com rede em mobile. um olhar prático sobre tratamento de conexões instáveis em rede em mobile essencial para reenviar requisições que falharam de forma adequada em redes mobile.
cnt_1364,Boas práticas de circuit breakers para o padrão Hystrix,Backend,28,boas práticas de circuit breakers para o padrão hystrix. uma visão geral de o padrão hystrix em circuit breakers com foco em evitar falhas em cascata entre microsserviços.
cnt_1365,Monitoramento de lag de replicação em banco de dados,Databases,25,monitoramento de lag de replicação em banco de dados. identificando e resolvendo o atraso de sincronização entre bancos de dados primários e réplicas de leitura.
cnt_1366,IOS a fundo: Core Data,Mobile,23,ios a fundo core data. um olhar prático sobre core data em ios essencial para persistir dados estruturados do app localmente no dispositivo.
cnt_1367,Primeiros passos com SQLite em mobile,Mobile,28,primeiros passos com sqlite em mobile. notas práticas sobre biblioteca de persistência room usando sqlite em mobile com o objetivo de armazenar dados estruturados localmente em dispositivos android.
cnt_1368,Apache Flink: processamento de streams com estado,Data Engineering,28,apache flink processamento de streams com estado. conceitos-chave por trás de processamento de streams com estado em apache flink relevantes para manter estado entre eventos em tempo real.
cnt_1369,Webhooks: integrações orientadas a eventos,Backend,25,webhooks integrações orientadas a eventos. explorando integrações orientadas a eventos com webhooks como uma forma de notificar sistemas externos quando algo acontece em tempo real.
cnt_1370,Limpeza de dados: tratamento de valores ausentes,Data Science,29,limpeza de dados tratamento de valores ausentes. conceitos-chave por trás de tratamento de valores ausentes em limpeza de dados relevantes para decidir entre imputar remover ou sinalizar dados faltantes.
cnt_1371,Boas práticas de nuvem híbrida para conexão entre on-premises e nuvem,Cloud,31,boas práticas de nuvem híbrida para conexão entre on-premises e nuvem. conceitos-chave por trás de conexão entre on-premises e nuvem em nuvem híbrida relevantes para estender infraestrutura existente para a nuvem.
cnt_1372,Entendendo jobs de dados agendados em processamento em lote,Data Engineering,29,entendendo jobs de dados agendados em processamento em lote. explorando jobs de dados agendados com processamento em lote como uma forma de rodar grandes transformações em um cronograma fixo.
cnt_1373,Boas práticas de CSS Grid para layouts bidimensionais,Frontend,27,boas práticas de css grid para layouts bidimensionais. explorando layouts bidimensionais com css grid como uma forma de organizar elementos em linhas e colunas de forma declarativa.
cnt_1374,Helm charts: templates de manifests do Kubernetes,DevOps,25,helm charts templates de manifests do kubernetes. conceitos-chave por trás de templates de manifests do kubernetes em helm charts relevantes para reutilizar configuração entre ambientes.
cnt_1375,Ajuste de hiperparâmetros: grid search vs random search,Data Science,30,ajuste de hiperparâmetros grid search vs random search. um olhar prático sobre grid search vs random search em ajuste de hiperparâmetros essencial para encontrar sistematicamente a melhor configuração de modelo.
cnt_1376,Um guia prático de armazenamento wide-column,Databases,25,um guia prático de armazenamento wide-column. conceitos-chave por trás de armazenamento wide-column em cassandra relevantes para lidar com throughput massivo de escrita entre nós distribuídos.
cnt_1377,Entendendo p-values em testes de hipótese estatística,Data Science,25,entendendo p-values em testes de hipótese estatística. um olhar prático sobre p-values em testes de hipótese estatística essencial para medir evidências contra uma hipótese nula.
cnt_1378,Entendendo gerenciamento de estado leve em Zustand,Frontend,27,entendendo gerenciamento de estado leve em zustand. um olhar prático sobre gerenciamento de estado leve em zustand essencial para evitar boilerplate comparado às tradicionais stores do redux.
cnt_1379,Ansible a fundo: playbooks idempotentes,DevOps,24,ansible a fundo playbooks idempotentes. notas práticas sobre playbooks idempotentes usando ansible com o objetivo de aplicar mudanças de configuração com segurança várias vezes.
cnt_1380,Service mesh a fundo: gerenciamento de tráfego com Istio,DevOps,26,service mesh a fundo gerenciamento de tráfego com istio. como service mesh lida com gerenciamento de tráfego com istio útil para controlar a comunicação entre microsserviços.
cnt_1381,Boas práticas de Google Play para rollouts em etapas,Mobile,31,boas práticas de google play para rollouts em etapas. conceitos-chave por trás de rollouts em etapas em google play relevantes para liberar uma atualização para um pequeno percentual de usuários primeiro.
cnt_1382,Modelagem de dados: star schema vs snowflake schema,Data Engineering,29,modelagem de dados star schema vs snowflake schema. um olhar prático sobre star schema vs snowflake schema em modelagem de dados essencial para estruturar um warehouse para análises eficientes.
cnt_1383,Dynamic Groups no OCI,Cloud,20,dynamic groups no oci. criando dynamic groups na oracle cloud infrastructure para permitir que instâncias chamem serviços oci sem credenciais.
cnt_1384,Um guia prático de biblioteca de persistência Room,Mobile,29,um guia prático de biblioteca de persistência room. conceitos-chave por trás de biblioteca de persistência room em sqlite em mobile relevantes para armazenar dados estruturados localmente em dispositivos android.
cnt_1385,Primeiros passos com estratégia multi-cloud,Cloud,23,primeiros passos com estratégia multi-cloud. explorando evitar vendor lock-in com estratégia multi-cloud como uma forma de projetar sistemas portáveis entre provedores de nuvem.
cnt_1386,Um guia prático de star schema vs snowflake schema,Data Engineering,31,um guia prático de star schema vs snowflake schema. notas práticas sobre star schema vs snowflake schema usando modelagem de dados com o objetivo de estruturar um warehouse para análises eficientes.
cnt_1387,Primeiros passos com data warehouses,Data Engineering,26,primeiros passos com data warehouses. notas práticas sobre arquitetura snowflake usando data warehouses com o objetivo de separar armazenamento e computação em cargas de trabalho analíticas.
cnt_1388,Primeiros passos com pipelines ELT,Data Engineering,26,primeiros passos com pipelines elt. como pipelines elt lida com transformação de dados no warehouse útil para aproveitar o poder de computação do warehouse para transformações.
cnt_1389,Um guia prático de valores SHAP,Data Science,25,um guia prático de valores shap. um olhar prático sobre valores shap em interpretabilidade de modelos essencial para explicar previsões individuais de um modelo complexo.
cnt_1390,Validação de constraints de chaves em SQL,Databases,20,validação de constraints de chaves em sql. como engines relacionais aplicam check constraints de integridade índices únicos e chaves estrangeiras.
cnt_1391,Primeiros passos com Next.js,Frontend,29,primeiros passos com next.js. notas práticas sobre renderização no servidor ssr usando next.js com o objetivo de melhorar o tempo de primeira renderização e o seo de apps react.
cnt_1392,Service mesh: gerenciamento de tráfego com Istio,DevOps,26,service mesh gerenciamento de tráfego com istio. conceitos-chave por trás de gerenciamento de tráfego com istio em service mesh relevantes para controlar a comunicação entre microsserviços.
cnt_1393,Por que retries seguros importa em chaves de idempotência,Backend,29,por que retries seguros importa em chaves de idempotência. um olhar prático sobre retries seguros em chaves de idempotência essencial para evitar efeitos colaterais duplicados quando clientes reenviam requisições.
cnt_1394,Transformações de dados idempotentes,Data Engineering,20,transformações de dados idempotentes. projetando etapas de pipeline de dados que podem ser executadas repetidamente sem duplicar ou corromper dados.
cnt_1395,Por que operações vetorizadas importa em NumPy,Data Science,21,por que operações vetorizadas importa em numpy. como numpy lida com operações vetorizadas útil para acelerar cálculos numéricos sem loops explícitos.
cnt_1396,NoSQL vs SQL a fundo: escolha do modelo de dados certo,Databases,37,nosql vs sql a fundo escolha do modelo de dados certo. notas práticas sobre escolha do modelo de dados certo usando nosql vs sql com o objetivo de decidir entre bancos de dados relacionais e de documentos.
cnt_1397,Entendendo resolvers em GraphQL,Backend,22,entendendo resolvers em graphql. conceitos-chave por trás de resolvers em graphql relevantes para buscar apenas os campos que o cliente pede explicitamente.
cnt_1398,Um guia prático de o framework Actix Web,Backend,34,um guia prático de o framework actix web. uma visão geral de o framework actix web em rust com foco em construir servidores http de alta vazão com fortes garantias de segurança de memória.
cnt_1399,Seaborn: gráficos estatísticos,Data Science,20,seaborn gráficos estatísticos. notas práticas sobre gráficos estatísticos usando seaborn com o objetivo de visualizar distribuições e relações entre variáveis.
cnt_1400,PyTorch: construção de redes neurais,Data Science,26,pytorch construção de redes neurais. conceitos-chave por trás de construção de redes neurais em pytorch relevantes para definir camadas e loops de treino personalizados do zero.
cnt_1401,Entendendo réplicas de leitura em replicação,Databases,32,entendendo réplicas de leitura em replicação. notas práticas sobre réplicas de leitura usando replicação com o objetivo de escalar cargas de trabalho intensivas em leitura entre várias cópias do banco de dados.
cnt_1402,Entendendo virtual private clouds (VPCs) em rede na nuvem,Cloud,32,entendendo virtual private clouds vpcs em rede na nuvem. conceitos-chave por trás de virtual private clouds vpcs em rede na nuvem relevantes para isolar recursos de nuvem dentro de uma rede privada.
cnt_1403,Primeiros passos com redução de dimensionalidade,Data Science,27,primeiros passos com redução de dimensionalidade. notas práticas sobre pca usando redução de dimensionalidade com o objetivo de comprimir muitas features em menos componentes com perda mínima.
cnt_1404,Armazenamento de objetos a fundo: versionamento e imutabilidade,Cloud,27,armazenamento de objetos a fundo versionamento e imutabilidade. um olhar prático sobre versionamento e imutabilidade em armazenamento de objetos essencial para proteger dados armazenados contra exclusão acidental.
cnt_1405,Por que code splitting importa em Webpack,Frontend,26,por que code splitting importa em webpack. conceitos-chave por trás de code splitting em webpack relevantes para carregar apenas o javascript que a página realmente precisa.
cnt_1406,Primeiros passos com rede na nuvem,Cloud,29,primeiros passos com rede na nuvem. conceitos-chave por trás de virtual private clouds vpcs em rede na nuvem relevantes para isolar recursos de nuvem dentro de uma rede privada.
cnt_1407,Redux a fundo: o padrão reducer,Frontend,24,redux a fundo o padrão reducer. um olhar prático sobre o padrão reducer em redux essencial para gerenciar estado global previsível em aplicações grandes.
cnt_1408,Por que automação com Fastlane importa em CI/CD mobile,Mobile,29,por que automação com fastlane importa em ci cd mobile. explorando automação com fastlane com ci cd mobile como uma forma de automatizar builds assinatura e envio às lojas.
cnt_1409,Tratamento de exceções em PL/SQL no Oracle,Databases,24,tratamento de exceções em pl sql no oracle. escrevendo código pl sql robusto com exceções nomeadas customizadas e propagação de erro definida pelo usuário.
cnt_1410,Entendendo PCA em redução de dimensionalidade,Data Science,26,entendendo pca em redução de dimensionalidade. um olhar prático sobre pca em redução de dimensionalidade essencial para comprimir muitas features em menos componentes com perda mínima.
cnt_1411,Entendendo separação de camadas em Clean Architecture,Backend,32,entendendo separação de camadas em clean architecture. notas práticas sobre separação de camadas usando clean architecture com o objetivo de manter a lógica de domínio independente de frameworks e bancos de dados.
cnt_1412,Um guia prático de retries de tarefas e backoff,Data Engineering,31,um guia prático de retries de tarefas e backoff. um olhar prático sobre retries de tarefas e backoff em orquestração de dados essencial para lidar com falhas transitórias em pipelines agendados.
cnt_1413,Boas práticas de Redux para o padrão reducer,Frontend,24,boas práticas de redux para o padrão reducer. como redux lida com o padrão reducer útil para gerenciar estado global previsível em aplicações grandes.
cnt_1414,Boas práticas de recuperação de desastres na nuvem para failover multi-região,Cloud,30,boas práticas de recuperação de desastres na nuvem para failover multi-região. como recuperação de desastres na nuvem lida com failover multi-região útil para manter sistemas disponíveis durante uma falha regional.
cnt_1415,Entendendo conformidade com diretrizes em revisão da App Store,Mobile,31,entendendo conformidade com diretrizes em revisão da app store. um olhar prático sobre conformidade com diretrizes em revisão da app store essencial para evitar motivos comuns de rejeição antes do envio.
cnt_1416,Filas na nuvem a fundo: desacoplamento de serviços,Cloud,26,filas na nuvem a fundo desacoplamento de serviços. como filas na nuvem lida com desacoplamento de serviços útil para armazenar mensagens em buffer entre componentes distribuídos.
cnt_1417,Grupos de segurança na nuvem,Cloud,20,grupos de segurança na nuvem. gerenciando firewalls stateful para restringir tráfego de entrada e saída de máquinas virtuais na nuvem.
cnt_1418,Entendendo arquitetura snowflake em data warehouses,Data Engineering,26,entendendo arquitetura snowflake em data warehouses. conceitos-chave por trás de arquitetura snowflake em data warehouses relevantes para separar armazenamento e computação em cargas de trabalho analíticas.
cnt_1419,Por que prevenção de deadlocks importa em bloqueio de banco de dados (locking),Databases,37,por que prevenção de deadlocks importa em bloqueio de banco de dados locking . uma visão geral de prevenção de deadlocks em bloqueio de banco de dados locking com foco em evitar transações que se bloqueiam indefinidamente.
cnt_1420,Transações a fundo: propriedades ACID,Databases,23,transações a fundo propriedades acid. como transações lida com propriedades acid útil para garantir consistência mesmo quando operações falham no meio do caminho.
cnt_1421,Por que experiência de primeiro uso importa em onboarding de app,Mobile,29,por que experiência de primeiro uso importa em onboarding de app. como onboarding de app lida com experiência de primeiro uso útil para guiar novos usuários pelas funcionalidades principais.
cnt_1422,Um guia prático de conexão entre on-premises e nuvem,Cloud,30,um guia prático de conexão entre on-premises e nuvem. uma visão geral de conexão entre on-premises e nuvem em nuvem híbrida com foco em estender infraestrutura existente para a nuvem.
cnt_1423,Rede na nuvem: virtual private clouds (VPCs),Cloud,32,rede na nuvem virtual private clouds vpcs . uma visão geral de virtual private clouds vpcs em rede na nuvem com foco em isolar recursos de nuvem dentro de uma rede privada.
cnt_1424,Design de layout de subplots no Matplotlib,Data Science,21,design de layout de subplots no matplotlib. criando figuras complexas em estilo dashboard com múltiplos subplots e eixos customizados no matplotlib.
cnt_1425,Boas práticas de notificações push para Firebase Cloud Messaging,Mobile,28,boas práticas de notificações push para firebase cloud messaging. um olhar prático sobre firebase cloud messaging em notificações push essencial para reengajar usuários mesmo com o app fechado.
cnt_1426,Boas práticas de teste de carga para simulação de picos de tráfego,DevOps,37,boas práticas de teste de carga para simulação de picos de tráfego. explorando simulação de picos de tráfego com teste de carga como uma forma de encontrar o ponto de ruptura de um sistema antes dos usuários.
cnt_1427,Por que design de star schema importa em data warehousing,Databases,29,por que design de star schema importa em data warehousing. notas práticas sobre design de star schema usando data warehousing com o objetivo de otimizar tabelas para consultas analíticas.
cnt_1428,Boas práticas de Azure para grupos de recursos,Cloud,29,boas práticas de azure para grupos de recursos. uma visão geral de grupos de recursos em azure com foco em organizar recursos de nuvem relacionados para facilitar o gerenciamento.
cnt_1429,Entendendo reatividade compilada em Svelte,Frontend,26,entendendo reatividade compilada em svelte. conceitos-chave por trás de reatividade compilada em svelte relevantes para atualizar o dom sem uma etapa de diffing de dom virtual.
cnt_1430,Primeiros passos com design responsivo,Frontend,27,primeiros passos com design responsivo. uma visão geral de media queries em design responsivo com foco em adaptar layouts entre os breakpoints de mobile tablet e desktop.
cnt_1431,Curvas de Precision-Recall,Data Science,19,curvas de precision-recall. por que curvas de precision-recall são melhores do que curvas roc-auc para avaliar datasets altamente desbalanceados.
cnt_1432,Entendendo escolha do modelo de dados certo em NoSQL vs SQL,Databases,36,entendendo escolha do modelo de dados certo em nosql vs sql. um olhar prático sobre escolha do modelo de dados certo em nosql vs sql essencial para decidir entre bancos de dados relacionais e de documentos.
cnt_1433,Um guia prático de session storage,Backend,28,um guia prático de session storage. notas práticas sobre session storage usando redis com o objetivo de compartilhar o estado de login entre várias instâncias do servidor backend.
cnt_1434,Um guia prático de B-tree vs hash indexes,Databases,35,um guia prático de b-tree vs hash indexes. conceitos-chave por trás de b-tree vs hash indexes em indexação de banco de dados relevantes para escolher o tipo certo de índice para um padrão de consulta.
cnt_1435,Primeiros passos com TensorFlow,Data Science,22,primeiros passos com tensorflow. como tensorflow lida com api de alto nível do keras útil para prototipar modelos de deep learning rapidamente.
cnt_1436,Um guia prático de partições do Kafka,Data Engineering,27,um guia prático de partições do kafka. conceitos-chave por trás de partições do kafka em message brokers relevantes para escalar o consumo de eventos entre vários consumidores.
cnt_1437,Feature flags: entrega progressiva,DevOps,23,feature flags entrega progressiva. uma visão geral de entrega progressiva em feature flags com foco em ativar e desativar features sem reimplantar código.
cnt_1438,Por que estruturas de dados importa em Redis,Databases,30,por que estruturas de dados importa em redis. notas práticas sobre estruturas de dados usando redis com o objetivo de usar sorted sets e hashes além do simples cache chave-valor.
cnt_1439,Boas práticas de GraphQL para resolvers,Backend,25,boas práticas de graphql para resolvers. uma visão geral de resolvers em graphql com foco em buscar apenas os campos que o cliente pede explicitamente.
cnt_1440,Por que desempenho percebido importa em skeleton screens,Frontend,25,por que desempenho percebido importa em skeleton screens. como skeleton screens lida com desempenho percebido útil para mostrar conteúdo provisório enquanto os dados ainda carregam.
cnt_1441,Primeiros passos com redes de entrega de conteúdo (CDN),Cloud,39,primeiros passos com redes de entrega de conteúdo cdn . uma visão geral de cache na borda edge em redes de entrega de conteúdo cdn com foco em servir conteúdo a partir de locais mais próximos dos usuários finais.
cnt_1442,Boas práticas de segurança no Express.js,Backend,21,boas práticas de segurança no express.js. protegendo backends node.js com o middleware helmet desativando o x-powered-by e sanitizando entradas do usuário.
cnt_1443,Primeiros passos com message brokers,Data Engineering,23,primeiros passos com message brokers. como message brokers lida com partições do kafka útil para escalar o consumo de eventos entre vários consumidores.
cnt_1444,Organização de data lakes na nuvem,Data Engineering,22,organização de data lakes na nuvem. boas práticas para hierarquias de pastas organizando arquivos por data origem bruta e eventos do sistema.
cnt_1445,Boas práticas de ELK Stack para logging centralizado,DevOps,29,boas práticas de elk stack para logging centralizado. notas práticas sobre logging centralizado usando elk stack com o objetivo de agregar logs de vários serviços em um só lugar.
cnt_1446,Boas práticas de monitoramento de banco de dados para logs de consultas lentas,Databases,33,boas práticas de monitoramento de banco de dados para logs de consultas lentas. como monitoramento de banco de dados lida com logs de consultas lentas útil para identificar consultas que precisam de otimização.
cnt_1447,Clustering a fundo: K-means,Data Science,21,clustering a fundo k-means. um olhar prático sobre k-means em clustering essencial para agrupar pontos de dados semelhantes sem exemplos rotulados.
cnt_1448,Entendendo Word2Vec e GloVe em word embeddings,Data Science,28,entendendo word2vec e glove em word embeddings. uma visão geral de word2vec e glove em word embeddings com foco em representar palavras como vetores densos que capturam significado.
cnt_1449,Primeiros passos com XGBoost,Data Science,22,primeiros passos com xgboost. um olhar prático sobre gradient boosting em xgboost essencial para combinar modelos fracos em um modelo preditivo forte.
cnt_1450,Por que o event loop importa em Node.js,Backend,27,por que o event loop importa em node.js. explorando o event loop com node.js como uma forma de lidar com milhares de conexões simultâneas sem bloquear threads.
cnt_1451,Mitigação de Cold Starts serverless,Cloud,20,mitigação de cold starts serverless. estratégias para reduzir cold starts em funções na nuvem usando concorrência provisionada e runtimes leves.
cnt_1452,Por que agregações em janelas (windowed) importa em processamento de streams,Data Engineering,33,por que agregações em janelas windowed importa em processamento de streams. notas práticas sobre agregações em janelas windowed usando processamento de streams com o objetivo de calcular métricas sobre dados que chegam continuamente.
cnt_1453,Entendendo armazenamento colunar em arquivos Parquet,Data Engineering,24,entendendo armazenamento colunar em arquivos parquet. uma visão geral de armazenamento colunar em arquivos parquet com foco em acelerar consultas analíticas em grandes datasets.
cnt_1454,Um guia prático de comunicação em tempo real,Backend,28,um guia prático de comunicação em tempo real. explorando comunicação em tempo real com websockets como uma forma de enviar atualizações em tempo real aos clientes sem polling.
cnt_1455,Um guia prático de requisitos de residência de dados,Cloud,30,um guia prático de requisitos de residência de dados. explorando requisitos de residência de dados com conformidade na nuvem como uma forma de manter dados dentro dos limites geográficos exigidos.
cnt_1456,Um guia prático de APIs de Face ID e impressão digital,Mobile,36,um guia prático de apis de face id e impressão digital. explorando apis de face id e impressão digital com autenticação biométrica como uma forma de permitir que usuários façam login com segurança sem digitar senha.
cnt_1457,CSS Grid a fundo: layouts bidimensionais,Frontend,24,css grid a fundo layouts bidimensionais. como css grid lida com layouts bidimensionais útil para organizar elementos em linhas e colunas de forma declarativa.
cnt_1458,Por que acesso de privilégio mínimo importa em IAM na nuvem,Cloud,35,por que acesso de privilégio mínimo importa em iam na nuvem. uma visão geral de acesso de privilégio mínimo em iam na nuvem com foco em conceder apenas as permissões que um recurso realmente precisa.
cnt_1459,Vite a fundo: hot module replacement,Frontend,25,vite a fundo hot module replacement. explorando hot module replacement com vite como uma forma de refletir mudanças de código instantaneamente sem recarregar a página.
cnt_1460,Primeiros passos com bloqueio de banco de dados (locking),Databases,33,primeiros passos com bloqueio de banco de dados locking . uma visão geral de prevenção de deadlocks em bloqueio de banco de dados locking com foco em evitar transações que se bloqueiam indefinidamente.
cnt_1461,Primeiros passos com Ansible,DevOps,22,primeiros passos com ansible. um olhar prático sobre playbooks idempotentes em ansible essencial para aplicar mudanças de configuração com segurança várias vezes.
cnt_1462,Boas práticas de sistemas de recomendação para filtragem colaborativa,Data Science,30,boas práticas de sistemas de recomendação para filtragem colaborativa. um olhar prático sobre filtragem colaborativa em sistemas de recomendação essencial para sugerir itens com base em comportamentos de usuários semelhantes.
cnt_1463,Boas práticas de provisionamento de infraestrutura para automação cloud-native,Cloud,28,boas práticas de provisionamento de infraestrutura para automação cloud-native. conceitos-chave por trás de automação cloud-native em provisionamento de infraestrutura relevantes para criar ambientes de forma consistente e rápida.
cnt_1464,Primeiros passos com JWT,Backend,24,primeiros passos com jwt. um olhar prático sobre autenticação sem estado em jwt essencial para emitir tokens assinados em vez de sessões no servidor.
cnt_1465,Processamento de linguagem natural: tokenização,Data Science,27,processamento de linguagem natural tokenização. uma visão geral de tokenização em processamento de linguagem natural com foco em dividir texto em unidades que um modelo consegue processar.
cnt_1466,Por que tratamento de conexões instáveis importa em rede em mobile,Mobile,36,por que tratamento de conexões instáveis importa em rede em mobile. notas práticas sobre tratamento de conexões instáveis usando rede em mobile com o objetivo de reenviar requisições que falharam de forma adequada em redes mobile.
cnt_1467,Entendendo codificação de variáveis categóricas em engenharia de features,Data Science,31,entendendo codificação de variáveis categóricas em engenharia de features. explorando codificação de variáveis categóricas com engenharia de features como uma forma de preparar dados não numéricos para modelos de machine learning.
cnt_1468,Por que watchOS e Wear OS importa em aplicativos para wearables,Mobile,33,por que watchos e wear os importa em aplicativos para wearables. explorando watchos e wear os com aplicativos para wearables como uma forma de estender a experiência de um app mobile para smartwatches.
cnt_1469,Um guia prático de o problema de consultas N+1,Databases,36,um guia prático de o problema de consultas n+1. uma visão geral de o problema de consultas n+1 em orms com foco em evitar idas e vindas excessivas ao banco de dados causadas por lazy loading.
cnt_1470,Um guia prático de Debezium,Data Engineering,31,um guia prático de debezium. conceitos-chave por trás de debezium em change data capture relevantes para capturar mudanças em nível de linha a partir de um banco de dados de origem.
cnt_1471,Por que hooks customizados importa em React,Frontend,25,por que hooks customizados importa em react. uma visão geral de hooks customizados em react com foco em extrair lógica reutilizável com estado entre componentes.
cnt_1472,Por que service workers importa em Progressive Web Apps,Frontend,31,por que service workers importa em progressive web apps. um olhar prático sobre service workers em progressive web apps essencial para habilitar acesso offline e sincronização em segundo plano no navegador.
cnt_1473,Spring Boot: injeção de dependência,Backend,26,spring boot injeção de dependência. um olhar prático sobre injeção de dependência em spring boot essencial para conectar serviços e repositórios automaticamente por meio de anotações.
cnt_1474,Entendendo InfluxDB em bancos de dados de séries temporais,Databases,37,entendendo influxdb em bancos de dados de séries temporais. uma visão geral de influxdb em bancos de dados de séries temporais com foco em armazenar e consultar dados de métricas de forma eficiente ao longo do tempo.
cnt_1475,Laravel a fundo: relacionamentos do Eloquent ORM,Backend,24,laravel a fundo relacionamentos do eloquent orm. como laravel lida com relacionamentos do eloquent orm útil para modelar associações um-para-muitos e muitos-para-muitos entre tabelas.
cnt_1476,Primeiros passos com Server-Sent Events,Backend,25,primeiros passos com server-sent events. notas práticas sobre streaming unidirecional usando server-sent events com o objetivo de enviar atualizações contínuas do servidor para o navegador.
cnt_1477,Animações: a Web Animations API,Frontend,23,animações a web animations api. um olhar prático sobre a web animations api em animações essencial para criar transições suaves sem bibliotecas pesadas.
cnt_1478,Por que configurações específicas por ambiente importa em gerenciamento de configuração,DevOps,32,por que configurações específicas por ambiente importa em gerenciamento de configuração. notas práticas sobre configurações específicas por ambiente usando gerenciamento de configuração com o objetivo de evitar valores fixos hardcoded entre deploys.
cnt_1479,Entendendo latência de cold start em arquiteturas serverless,Cloud,31,entendendo latência de cold start em arquiteturas serverless. notas práticas sobre latência de cold start usando arquiteturas serverless com o objetivo de entender as vantagens e desvantagens da computação por uso.
cnt_1480,Um guia prático de escalonamento baseado em métricas customizadas,Cloud,29,um guia prático de escalonamento baseado em métricas customizadas. como auto scaling lida com escalonamento baseado em métricas customizadas útil para reagir a sinais de carga específicos da aplicação.
cnt_1481,Elasticsearch: índices invertidos,Databases,21,elasticsearch índices invertidos. uma visão geral de índices invertidos em elasticsearch com foco em habilitar busca full-text rápida em grandes datasets.
cnt_1482,Roteamento dinâmico no Next.js,Frontend,24,roteamento dinâmico no next.js. criando caminhos de página dinâmicos no next.js usando notação de colchetes e obtendo parâmetros de rota em tempo de execução.
cnt_1483,Otimização do tamanho do app: redução de código,Mobile,34,otimização do tamanho do app redução de código. explorando redução de código com otimização do tamanho do app como uma forma de reduzir o tamanho do apk e do ipa para downloads mais rápidos.
cnt_1484,Por que streaming de mudanças de banco de dados importa em Change Data Capture,Databases,39,por que streaming de mudanças de banco de dados importa em change data capture. um olhar prático sobre streaming de mudanças de banco de dados em change data capture essencial para propagar atualizações para outros sistemas em tempo real.
cnt_1485,Um guia prático de Jetpack Compose,Mobile,26,um guia prático de jetpack compose. uma visão geral de jetpack compose em kotlin com foco em escrever interfaces android de forma declarativa sem layouts xml.
cnt_1486,Um guia prático de automação cloud-native,Cloud,23,um guia prático de automação cloud-native. como provisionamento de infraestrutura lida com automação cloud-native útil para criar ambientes de forma consistente e rápida.
cnt_1487,Boas práticas de segurança de banco de dados para segurança em nível de linha,Databases,38,boas práticas de segurança de banco de dados para segurança em nível de linha. um olhar prático sobre segurança em nível de linha em segurança de banco de dados essencial para restringir quais linhas um usuário pode acessar.
cnt_1488,Gerenciadores de pacotes: pnpm vs npm,Frontend,31,gerenciadores de pacotes pnpm vs npm. por que o pnpm é mais rápido e eficiente em espaço de disco do que npm e yarn graças a hard links e armazenamento content-addressable.
cnt_1489,IndexedDB no navegador,Frontend,19,indexeddb no navegador. armazenando grandes quantidades de dados estruturados no lado do cliente usando o indexeddb nativo do navegador.
cnt_1490,Gerenciamento de configuração a fundo: configurações específicas por ambiente,DevOps,28,gerenciamento de configuração a fundo configurações específicas por ambiente. explorando configurações específicas por ambiente com gerenciamento de configuração como uma forma de evitar valores fixos hardcoded entre deploys.
cnt_1491,Entendendo redução de redundância em normalização de banco de dados,Databases,32,entendendo redução de redundância em normalização de banco de dados. uma visão geral de redução de redundância em normalização de banco de dados com foco em organizar tabelas para evitar dados duplicados.
cnt_1492,Um guia prático de InfluxDB,Databases,33,um guia prático de influxdb. notas práticas sobre influxdb usando bancos de dados de séries temporais com o objetivo de armazenar e consultar dados de métricas de forma eficiente ao longo do tempo.
cnt_1493,Estratégia multi-cloud: evitar vendor lock-in,Cloud,22,estratégia multi-cloud evitar vendor lock-in. como estratégia multi-cloud lida com evitar vendor lock-in útil para projetar sistemas portáveis entre provedores de nuvem.
cnt_1494,Profiler de performance do React,Frontend,25,profiler de performance do react. como usar o profiler do react developer tools para medir o tempo de renderização dos componentes e evitar rerenders desnecessários.
cnt_1495,Por que cache de pipeline importa em GitLab CI,DevOps,25,por que cache de pipeline importa em gitlab ci. como gitlab ci lida com cache de pipeline útil para acelerar builds reutilizando dependências entre execuções.
cnt_1496,Entendendo serviços de banco de dados gerenciados em bancos de dados em nuvem,Cloud,39,entendendo serviços de banco de dados gerenciados em bancos de dados em nuvem. um olhar prático sobre serviços de banco de dados gerenciados em bancos de dados em nuvem essencial para delegar backups e atualizações ao provedor de nuvem.
cnt_1497,Por que rolling updates importa em Kubernetes,DevOps,23,por que rolling updates importa em kubernetes. uma visão geral de rolling updates em kubernetes com foco em implantar novas versões sem downtime.
cnt_1498,Boas práticas de pipelines de dados para tarefas idempotentes,Data Engineering,29,boas práticas de pipelines de dados para tarefas idempotentes. um olhar prático sobre tarefas idempotentes em pipelines de dados essencial para reexecutar um pipeline com segurança sem duplicar dados.
cnt_1499,Monitoramento de nuvem a fundo: observabilidade centralizada,Cloud,25,monitoramento de nuvem a fundo observabilidade centralizada. como monitoramento de nuvem lida com observabilidade centralizada útil para rastrear métricas e logs entre recursos na nuvem.
cnt_1500,Primeiros passos com processamento de streams,Data Engineering,26,primeiros passos com processamento de streams. explorando agregações em janelas windowed com processamento de streams como uma forma de calcular métricas sobre dados que chegam continuamente.
cnt_1501,Primeiros passos com processamento em lote,Data Engineering,28,primeiros passos com processamento em lote. uma visão geral de jobs de dados agendados em processamento em lote com foco em rodar grandes transformações em um cronograma fixo.
cnt_1502,Gerenciamento de configuração com Playbooks do Ansible,DevOps,25,gerenciamento de configuração com playbooks do ansible. escrevendo playbooks declarativos do ansible para automatizar atualizações de sistema e instalação de pacotes em frotas de vms.
cnt_1503,Boas práticas de previsão de séries temporais para modelos ARIMA,Data Science,31,boas práticas de previsão de séries temporais para modelos arima. conceitos-chave por trás de modelos arima em previsão de séries temporais relevantes para prever valores futuros com base em padrões históricos.
cnt_1504,Um guia prático de error budgets,DevOps,28,um guia prático de error budgets. um olhar prático sobre error budgets em práticas de sre essencial para equilibrar trabalho de confiabilidade e velocidade de entrega de features.
cnt_1505,Bancos de dados de grafo: relacionamentos no Neo4j,Databases,31,bancos de dados de grafo relacionamentos no neo4j. uma visão geral de relacionamentos no neo4j em bancos de dados de grafo com foco em modelar dados altamente conectados como redes sociais.
cnt_1506,Micro frontends: module federation,Frontend,26,micro frontends module federation. notas práticas sobre module federation usando micro frontends com o objetivo de permitir que equipes independentes publiquem partes da mesma aplicação web.
cnt_1507,Ciclo de execução de queries no GraphQL,Backend,22,ciclo de execução de queries no graphql. como resolvers do graphql analisam validam e executam queries em servidores backend node.js e python.
cnt_1508,Uploads multipart a fundo: tratamento de arquivos grandes,Backend,30,uploads multipart a fundo tratamento de arquivos grandes. um olhar prático sobre tratamento de arquivos grandes em uploads multipart essencial para processar uploads de arquivos de forma eficiente no backend.
cnt_1509,Primeiros passos com otimização de custos na nuvem,Cloud,31,primeiros passos com otimização de custos na nuvem. um olhar prático sobre instâncias reservadas em otimização de custos na nuvem essencial para reduzir custos de computação com compromissos de longo prazo.
cnt_1510,Fundamentos de Chaos Engineering,DevOps,21,fundamentos de chaos engineering. melhorando a resiliência na nuvem ao injetar falhas aleatórias de servidor para testar sistemas de recuperação automática.
cnt_1511,Entendendo a API HTML5 de Drag and Drop em drag and drop,Frontend,36,entendendo a api html5 de drag and drop em drag and drop. explorando a api html5 de drag and drop com drag and drop como uma forma de construir listas ordenáveis e quadros kanban no navegador.
cnt_1512,Boas práticas de linhagem de dados para rastreamento de proveniência de dados,Data Engineering,37,boas práticas de linhagem de dados para rastreamento de proveniência de dados. notas práticas sobre rastreamento de proveniência de dados usando linhagem de dados com o objetivo de entender de onde vieram os valores de um dataset.
cnt_1513,Boas práticas de gRPC para Protocol Buffers,Backend,25,boas práticas de grpc para protocol buffers. conceitos-chave por trás de protocol buffers em grpc relevantes para definir contratos de serviço fortemente tipados entre linguagens.
cnt_1514,Por que logging centralizado importa em ELK Stack,DevOps,26,por que logging centralizado importa em elk stack. como elk stack lida com logging centralizado útil para agregar logs de vários serviços em um só lugar.
cnt_1515,Migrações de banco de dados em Node.js,Backend,23,migrações de banco de dados em node.js. versionando schemas de banco de dados relacionais em backends node.js usando migrações do knex.js ou sequelize.
cnt_1516,Stratify no train_test_split do Scikit-learn,Data Science,25,stratify no train test split do scikit-learn. por que usar o parâmetro stratify no train test split é essencial para manter as proporções das classes.
cnt_1517,Entendendo observabilidade centralizada em monitoramento de nuvem,Cloud,28,entendendo observabilidade centralizada em monitoramento de nuvem. notas práticas sobre observabilidade centralizada usando monitoramento de nuvem com o objetivo de rastrear métricas e logs entre recursos na nuvem.
cnt_1518,Modelagem de documentos NoSQL,Databases,19,modelagem de documentos nosql. projetando schemas em bancos de dados de documentos quando incorporar subdocumentos aninhados versus referenciar documentos.
cnt_1519,Configuração de rede OCI FastConnect,Cloud,24,configuração de rede oci fastconnect. estabelecendo conexões de rede física dedicadas privadas e de alta velocidade entre o ambiente on-premises e a oracle cloud.
